violation type: Metal Spacing
	srcs: inst:u_data_mem/_66271_ net:u_data_mem/bank1\[17\][14]
	bbox = (214.3300, 695.3500) - (214.4100, 695.4500) on Layer M1
violation type: Metal Spacing
	srcs: inst:u_data_mem/_64970_ net:u_data_mem/bank1\[58\][25]
	bbox = (240.5300, 680.9500) - (240.6100, 681.0500) on Layer M1
violation type: Metal Spacing
	srcs: inst:u_data_mem/_66005_ net:u_data_mem/bank1\[25\][4]
	bbox = (246.7300, 742.1500) - (246.8100, 742.2500) on Layer M1
violation type: Metal Spacing
	srcs: net:u_riscv_top/register_file/_10125_
	bbox = (347.7500, 166.1500) - (347.8100, 166.1600) on Layer M1
violation type: Metal Spacing
	srcs: net:u_riscv_top/register_file/_10125_
	bbox = (347.7500, 166.1500) - (347.8100, 166.2500) on Layer M1
violation type: Metal Spacing
	srcs: inst:u_data_mem/_65505_ net:u_data_mem/bank1\[41\][16]
	bbox = (358.7300, 533.3500) - (358.8100, 533.4500) on Layer M1
violation type: Metal Spacing
	srcs: inst:u_data_mem/_65458_ net:u_data_mem/bank1\[41\][1]
	bbox = (362.3300, 550.1500) - (362.4100, 550.2500) on Layer M1
violation type: Metal Spacing
	srcs: inst:u_data_mem/_65528_ net:u_data_mem/bank1\[41\][7]
	bbox = (393.7300, 589.7500) - (393.8100, 589.8500) on Layer M1
violation type: Metal Spacing
	srcs: inst:u_data_mem/_69046_ net:u_data_mem/bank2\[34\][5]
	bbox = (396.5300, 720.5500) - (396.6100, 720.6500) on Layer M1
violation type: Metal Spacing
	srcs: net:u_data_mem/bank3\[18\][12] inst:u_data_mem/_72317_
	bbox = (495.7300, 824.9500) - (495.8100, 825.0500) on Layer M1
violation type: Metal Spacing
	srcs: inst:u_data_mem/_69315_ net:u_data_mem/bank2\[25\][18]
	bbox = (507.3300, 752.9500) - (507.4100, 753.0500) on Layer M1
violation type: Metal Spacing
	srcs: net:u_riscv_top/register_file/_07919_
	bbox = (535.1550, 161.2500) - (535.2100, 161.3500) on Layer M1
violation type: Metal Spacing
	srcs: inst:u_data_mem/_69601_ net:u_data_mem/bank2\[17\][16]
	bbox = (551.3300, 626.9500) - (551.4100, 627.0500) on Layer M1
violation type: Metal Spacing
	srcs: inst:u_data_mem/_71104_ net:u_data_mem/bank3\[57\][15]
	bbox = (552.7300, 886.1500) - (552.8100, 886.2500) on Layer M1
violation type: Metal Spacing
	srcs: inst:u_data_mem/_68532_ net:u_data_mem/bank2\[50\][3]
	bbox = (644.9300, 713.3500) - (645.0100, 713.4500) on Layer M1
violation type: Metal Spacing
	srcs: net:u_riscv_top/divider/_1594_
	bbox = (657.9500, 270.5500) - (658.0100, 270.6000) on Layer M1
violation type: Metal Spacing
	srcs: net:u_riscv_top/divider/_1594_
	bbox = (657.9500, 270.5500) - (658.0100, 270.6500) on Layer M1
violation type: Metal Spacing
	srcs: net:i_ex[22] net:u_riscv_top/controller/_0843_
	bbox = (1016.3500, 493.7500) - (1016.4100, 493.8000) on Layer M1
violation type: Metal Spacing
	srcs: net:i_ex[22] net:u_riscv_top/controller/_0843_
	bbox = (1016.3500, 493.7500) - (1016.4100, 493.8500) on Layer M1
violation type: Metal Spacing
	srcs: net:u_apb/_0176_ net:VDD
	bbox = (68.6500, 552.4300) - (68.7500, 552.5000) on Layer M2
violation type: Metal Spacing
	srcs: net:u_data_mem/_35549_ net:u_data_mem/_35551_
	bbox = (98.4500, 874.0500) - (98.5500, 874.1100) on Layer M2
violation type: Metal Spacing
	srcs: net:u_data_mem/_35542_ net:u_data_mem/_37095_
	bbox = (114.0500, 816.2300) - (114.1500, 816.3100) on Layer M2
violation type: Metal Spacing
	srcs: net:u_gpio/_1274_ net:u_gpio/fall_en_q[15]
	bbox = (125.6500, 515.6300) - (125.7500, 515.7100) on Layer M2
violation type: Metal Spacing
	srcs: net:u_gpio/_1432_ net:u_gpio/int_status_q[12]
	bbox = (129.4500, 488.8500) - (129.5500, 488.9100) on Layer M2
violation type: Metal Spacing
	srcs: net:u_data_mem/_35898_ net:VSS
	bbox = (133.0500, 993.4300) - (133.1500, 993.5000) on Layer M2
violation type: Metal Spacing
	srcs: net:u_gpio/_0836_ net:VDD
	bbox = (133.6500, 487.6900) - (133.7500, 487.7000) on Layer M2
violation type: Metal Spacing
	srcs: net:u_gpio/_1407_ net:u_gpio/data_out_q[11]
	bbox = (133.6500, 571.4500) - (133.7500, 571.5100) on Layer M2
violation type: Metal Spacing
	srcs: net:u_data_mem/_39167_ net:VDD
	bbox = (138.0500, 790.0300) - (138.1500, 790.1000) on Layer M2
violation type: Metal Spacing
	srcs: net:u_gpio/_1407_ net:VSS
	bbox = (148.2500, 536.5000) - (148.3500, 536.5100) on Layer M2
violation type: Metal Spacing
	srcs: net:mem_addr[2] net:u_data_mem/_39257_
	bbox = (152.4500, 915.6900) - (152.5500, 915.7500) on Layer M2
violation type: Metal Spacing
	srcs: net:u_gpio/_1387_ net:VSS
	bbox = (153.4500, 529.3000) - (153.5500, 529.3100) on Layer M2
violation type: Metal Spacing
	srcs: net:u_gpio/_1387_ net:u_gpio/data_out_q[5]
	bbox = (154.4500, 513.8500) - (154.5500, 513.9100) on Layer M2
violation type: Metal Spacing
	srcs: net:pwdata_gpio_p[31] net:u_gpio/_1439_
	bbox = (154.8500, 450.4500) - (154.9500, 450.5100) on Layer M2
violation type: Metal Spacing
	srcs: net:u_gpio/_1294_ net:VSS
	bbox = (154.8500, 514.6900) - (154.9500, 514.7000) on Layer M2
violation type: Metal Spacing
	srcs: net:u_gpio/_1401_ net:VDD
	bbox = (155.0500, 567.1000) - (155.1500, 567.1100) on Layer M2
violation type: Metal Spacing
	srcs: net:pwdata_gpio_p[31] net:u_gpio/_1406_
	bbox = (155.4500, 465.2900) - (155.5500, 465.3500) on Layer M2
violation type: Metal Spacing
	srcs: net:clknet_2_2_0_clk
	bbox = (158.7500, 853.6500) - (158.8500, 853.7500) on Layer M2
violation type: Metal Spacing
	srcs: net:u_data_mem/_22625_ net:u_data_mem/_41060_
	bbox = (162.6500, 951.2900) - (162.7500, 951.3700) on Layer M2
violation type: Metal Spacing
	srcs: net:u_data_mem/bank1\[26\][23] net:VSS
	bbox = (163.0500, 712.6900) - (163.1500, 712.7000) on Layer M2
violation type: Metal Spacing
	srcs: net:u_gpio/_1234_ net:u_gpio/_1236_
	bbox = (165.2500, 486.4500) - (165.3500, 486.5100) on Layer M2
violation type: Metal Spacing
	srcs: net:u_data_mem/_35532_ net:u_data_mem/bank0\[35\][17]
	bbox = (165.6500, 951.2900) - (165.7500, 951.3500) on Layer M2
violation type: Metal Spacing
	srcs: net:u_data_mem/_37839_ net:u_data_mem/bank0\[35\][17]
	bbox = (165.8500, 951.4900) - (165.9500, 951.5500) on Layer M2
violation type: Metal Spacing
	srcs: net:u_data_mem/_22612_ net:u_data_mem/_41060_
	bbox = (166.8500, 929.8900) - (166.9500, 929.9500) on Layer M2
violation type: Metal Spacing
	srcs: net:mem_wdata[24] net:u_data_mem/_18279_
	bbox = (169.4500, 951.4500) - (169.5500, 951.5100) on Layer M2
violation type: Metal Spacing
	srcs: net:u_gpio/_1277_ net:VDD
	bbox = (170.6500, 451.6900) - (170.7500, 451.7000) on Layer M2
violation type: Metal Spacing
	srcs: net:u_gpio/_1384_ net:u_gpio/_1497_
	bbox = (173.4500, 565.6500) - (173.5500, 565.7100) on Layer M2
violation type: Metal Spacing
	srcs: net:u_gpio/_1235_ net:u_gpio/int_status_q[30]
	bbox = (174.0500, 486.8300) - (174.1500, 486.9100) on Layer M2
violation type: Metal Spacing
	srcs: net:u_data_mem/_37540_ net:VDD
	bbox = (177.4500, 1013.5000) - (177.5500, 1013.5700) on Layer M2
violation type: Metal Spacing
	srcs: net:u_data_mem/_23927_ net:u_data_mem/_40976_
	bbox = (178.8500, 699.0500) - (178.9500, 699.1100) on Layer M2
violation type: Metal Spacing
	srcs: net:u_data_mem/_35533_ net:u_data_mem/_35544_
	bbox = (179.0500, 683.0900) - (179.1500, 683.1500) on Layer M2
violation type: Metal Spacing
	srcs: net:u_gpio/_1505_ net:VDD
	bbox = (187.6500, 469.6300) - (187.7500, 469.7000) on Layer M2
violation type: Metal Spacing
	srcs: net:u_data_mem/_38268_ net:VDD
	bbox = (188.6500, 602.8300) - (188.7500, 602.9000) on Layer M2
violation type: Metal Spacing
	srcs: net:u_data_mem/bank0\[45\][15] net:VSS
	bbox = (191.2500, 972.1000) - (191.3500, 972.1100) on Layer M2
violation type: Metal Spacing
	srcs: net:u_data_mem/bank0\[25\][0] net:VDD
	bbox = (211.4500, 1013.5000) - (211.5500, 1013.5700) on Layer M2
violation type: Metal Spacing
	srcs: net:u_riscv_top/multiplier/_08323_ net:u_riscv_top/multiplier/_08407_
	bbox = (211.6500, 447.0500) - (211.7500, 447.1100) on Layer M2
violation type: Metal Spacing
	srcs: net:u_riscv_top/multiplier/_10685_
	bbox = (216.6500, 373.6900) - (216.7500, 373.7500) on Layer M2
violation type: Metal Spacing
	srcs: net:u_data_mem/bank0\[57\][18] net:VDD
	bbox = (220.6500, 804.4300) - (220.7500, 804.5000) on Layer M2
violation type: Metal Spacing
	srcs: net:u_data_mem/_23910_ net:VDD
	bbox = (223.8500, 635.5000) - (223.9500, 635.5700) on Layer M2
violation type: Metal Spacing
	srcs: net:u_data_mem/_37425_ net:VDD
	bbox = (224.8500, 952.0900) - (224.9500, 952.1000) on Layer M2
violation type: Metal Spacing
	srcs: net:u_riscv_top/multiplier/_08095_ net:u_riscv_top/multiplier/_10321_
	bbox = (225.4500, 445.4900) - (225.5500, 445.5500) on Layer M2
violation type: Metal Spacing
	srcs: net:u_data_mem/_37427_ net:VDD
	bbox = (226.6500, 761.5000) - (226.7500, 761.5700) on Layer M2
violation type: Metal Spacing
	srcs: net:u_data_mem/bank0\[62\][20] net:VDD
	bbox = (227.4500, 757.6900) - (227.5500, 757.7000) on Layer M2
violation type: Metal Spacing
	srcs: net:u_data_mem/_23428_ net:u_data_mem/_41166_
	bbox = (228.0500, 528.2300) - (228.1500, 528.3100) on Layer M2
violation type: Metal Spacing
	srcs: net:u_riscv_top/multiplier/_08107_ net:VDD
	bbox = (228.6500, 426.4300) - (228.7500, 426.5000) on Layer M2
violation type: Metal Spacing
	srcs: net:u_riscv_top/multiplier/_07362_ net:u_riscv_top/multiplier/_10493_
	bbox = (232.6500, 373.6900) - (232.7500, 373.7500) on Layer M2
violation type: Metal Spacing
	srcs: net:u_data_mem/bank0\[61\][20] net:VDD
	bbox = (233.2500, 761.5000) - (233.3500, 761.5700) on Layer M2
violation type: Metal Spacing
	srcs: net:u_data_mem/_25187_ net:u_data_mem/_41259_
	bbox = (236.2500, 702.8900) - (236.3500, 702.9700) on Layer M2
violation type: Metal Spacing
	srcs: net:u_riscv_top/multiplier/_10647_ net:VDD
	bbox = (242.0500, 426.4300) - (242.1500, 426.5000) on Layer M2
violation type: Metal Spacing
	srcs: net:u_data_mem/bank1\[0\][8] net:u_data_mem/bank1\[6\][8]
	bbox = (243.0500, 540.8900) - (243.1500, 540.9500) on Layer M2
violation type: Metal Spacing
	srcs: net:u_data_mem/_35537_ net:u_data_mem/_35545_
	bbox = (244.8500, 758.2500) - (244.9500, 758.3100) on Layer M2
violation type: Metal Spacing
	srcs: net:u_data_mem/_36177_ net:u_data_mem/bank1\[63\][27]
	bbox = (246.2500, 688.0500) - (246.3500, 688.1100) on Layer M2
violation type: Metal Spacing
	srcs: net:u_riscv_top/multiplier/_09266_ net:VSS
	bbox = (246.8500, 367.3000) - (246.9500, 367.3100) on Layer M2
violation type: Metal Spacing
	srcs: net:u_data_mem/_40238_ net:VSS
	bbox = (246.8500, 950.5000) - (246.9500, 950.5700) on Layer M2
violation type: Metal Spacing
	srcs: net:u_riscv_top/multiplier/_09233_ net:VDD
	bbox = (247.4500, 368.8900) - (247.5500, 368.9000) on Layer M2
violation type: Metal Spacing
	srcs: net:u_data_mem/bank1\[59\][27] net:VSS
	bbox = (249.4500, 694.6900) - (249.5500, 694.7000) on Layer M2
violation type: Metal Spacing
	srcs: net:u_data_mem/bank1\[57\][27] net:VSS
	bbox = (250.8500, 694.6900) - (250.9500, 694.7000) on Layer M2
violation type: Metal Spacing
	srcs: net:u_riscv_top/multiplier/_10636_ net:VSS
	bbox = (251.2500, 442.9000) - (251.3500, 442.9100) on Layer M2
violation type: Metal Spacing
	srcs: net:u_data_mem/bank0\[9\][23] net:VSS
	bbox = (256.4500, 932.5000) - (256.5500, 932.5700) on Layer M2
violation type: Metal Spacing
	srcs: net:u_data_mem/_35544_ net:u_data_mem/bank0\[9\][23]
	bbox = (256.4500, 933.0900) - (256.5500, 933.1500) on Layer M2
violation type: Metal Spacing
	srcs: net:u_riscv_top/multiplier/_10555_ net:VSS
	bbox = (257.0500, 442.9000) - (257.1500, 442.9100) on Layer M2
violation type: Metal Spacing
	srcs: net:u_data_mem/bank1\[63\][25] net:VDD
	bbox = (257.4500, 678.4300) - (257.5500, 678.5000) on Layer M2
violation type: Metal Spacing
	srcs: net:u_data_mem/_41188_ net:VSS
	bbox = (267.4500, 730.6900) - (267.5500, 730.7000) on Layer M2
violation type: Metal Spacing
	srcs: net:u_data_mem/_41356_ net:VDD
	bbox = (268.6500, 721.6300) - (268.7500, 721.7000) on Layer M2
violation type: Metal Spacing
	srcs: net:u_data_mem/_25026_ net:u_data_mem/_41239_
	bbox = (272.4500, 761.8900) - (272.5500, 761.9500) on Layer M2
violation type: Metal Spacing
	srcs: net:u_data_mem/bank0\[12\][24] net:VDD
	bbox = (274.2500, 887.5000) - (274.3500, 887.5700) on Layer M2
violation type: Metal Spacing
	srcs: net:u_data_mem/bank0\[11\][17] net:VSS
	bbox = (274.4500, 928.6900) - (274.5500, 928.7000) on Layer M2
violation type: Metal Spacing
	srcs: net:u_data_mem/_40352_ net:VSS
	bbox = (276.8500, 540.1000) - (276.9500, 540.1100) on Layer M2
violation type: Metal Spacing
	srcs: net:u_data_mem/_35694_ net:u_data_mem/_35696_
	bbox = (277.2500, 509.8900) - (277.3500, 509.9500) on Layer M2
violation type: Metal Spacing
	srcs: net:u_data_mem/_35694_ net:u_data_mem/bank1\[12\][30]
	bbox = (277.6500, 510.0500) - (277.7500, 510.1100) on Layer M2
violation type: Metal Spacing
	srcs: net:u_data_mem/_35694_ net:u_data_mem/_35696_
	bbox = (277.8500, 509.8900) - (277.9500, 509.9500) on Layer M2
violation type: Metal Spacing
	srcs: net:u_data_mem/_35694_ net:u_data_mem/_35695_
	bbox = (277.8500, 510.0500) - (277.9500, 510.1100) on Layer M2
violation type: Metal Spacing
	srcs: net:u_data_mem/_35544_ net:u_data_mem/bank1\[15\][31]
	bbox = (278.2500, 596.2900) - (278.3500, 596.3500) on Layer M2
violation type: Metal Spacing
	srcs: net:u_data_mem/_37385_ net:VDD
	bbox = (278.8500, 631.6300) - (278.9500, 631.7000) on Layer M2
violation type: Metal Spacing
	srcs: net:u_data_mem/_24930_ net:u_data_mem/_41180_
	bbox = (279.6500, 758.6300) - (279.7500, 758.7100) on Layer M2
violation type: Metal Spacing
	srcs: net:u_data_mem/_23707_ net:VDD
	bbox = (281.4500, 552.4300) - (281.5500, 552.5000) on Layer M2
violation type: Metal Spacing
	srcs: net:u_data_mem/_23875_ net:VDD
	bbox = (283.4500, 610.0900) - (283.5500, 610.1000) on Layer M2
violation type: Metal Spacing
	srcs: net:u_data_mem/_23875_ net:u_data_mem/_41252_
	bbox = (283.4500, 611.0300) - (283.5500, 611.1100) on Layer M2
violation type: Metal Spacing
	srcs: net:u_data_mem/bank0\[27\][21] net:VDD
	bbox = (286.6500, 1013.5000) - (286.7500, 1013.5700) on Layer M2
violation type: Metal Spacing
	srcs: net:u_data_mem/_35533_ net:u_data_mem/bank1\[59\][14]
	bbox = (289.0500, 618.2500) - (289.1500, 618.3100) on Layer M2
violation type: Metal Spacing
	srcs: net:u_data_mem/_35551_ net:u_data_mem/bank1\[13\][29]
	bbox = (289.4500, 528.4900) - (289.5500, 528.5500) on Layer M2
violation type: Metal Spacing
	srcs: net:u_data_mem/_35853_ net:VSS
	bbox = (290.0500, 529.0900) - (290.1500, 529.1000) on Layer M2
violation type: Metal Spacing
	srcs: net:u_data_mem/_35546_ net:u_data_mem/_37547_
	bbox = (291.2500, 983.6300) - (291.3500, 983.7100) on Layer M2
violation type: Metal Spacing
	srcs: net:u_data_mem/bank0\[9\][30] net:VSS
	bbox = (293.8500, 925.3000) - (293.9500, 925.3100) on Layer M2
violation type: Metal Spacing
	srcs: net:mem_wdata[7] net:u_data_mem/_40958_
	bbox = (296.2500, 965.6500) - (296.3500, 965.7100) on Layer M2
violation type: Metal Spacing
	srcs: net:u_data_mem/_38668_ net:VSS
	bbox = (300.0500, 615.4300) - (300.1500, 615.5000) on Layer M2
violation type: Metal Spacing
	srcs: net:u_data_mem/_35537_ net:u_data_mem/_35659_
	bbox = (303.6500, 927.4500) - (303.7500, 927.5100) on Layer M2
violation type: Metal Spacing
	srcs: net:u_data_mem/bank0\[16\][8] net:VDD
	bbox = (304.8500, 833.2900) - (304.9500, 833.3000) on Layer M2
violation type: Metal Spacing
	srcs: net:u_data_mem/bank1\[14\][18] net:VSS
	bbox = (306.0500, 597.4900) - (306.1500, 597.5000) on Layer M2
violation type: Metal Spacing
	srcs: net:u_data_mem/_37284_ net:VDD
	bbox = (308.6500, 635.5000) - (308.7500, 635.5700) on Layer M2
violation type: Metal Spacing
	srcs: net:u_riscv_top/multiplier/_07773_ net:VSS
	bbox = (311.6500, 320.5000) - (311.7500, 320.5700) on Layer M2
violation type: Metal Spacing
	srcs: net:u_riscv_top/register_file/regfile\[4\][28] net:VSS
	bbox = (314.6500, 125.8900) - (314.7500, 125.9000) on Layer M2
violation type: Metal Spacing
	srcs: net:A1_sim[1] net:u_riscv_top/register_file/_10130_
	bbox = (314.6500, 150.4900) - (314.7500, 150.5500) on Layer M2
violation type: Metal Spacing
	srcs: net:u_data_mem/_38100_ net:u_data_mem/bank0\[11\][16]
	bbox = (314.6500, 888.2900) - (314.7500, 888.3500) on Layer M2
violation type: Metal Spacing
	srcs: net:u_riscv_top/register_file/regfile\[8\][0] net:VDD
	bbox = (315.8500, 163.9000) - (315.9500, 163.9100) on Layer M2
violation type: Metal Spacing
	srcs: net:u_riscv_top/register_file/regfile\[12\][0] net:VDD
	bbox = (316.4500, 163.9000) - (316.5500, 163.9100) on Layer M2
violation type: Metal Spacing
	srcs: net:u_data_mem/_39960_ net:u_data_mem/bank0\[13\][5]
	bbox = (320.0500, 930.1200) - (320.1500, 930.1500) on Layer M2
violation type: Metal Spacing
	srcs: net:u_data_mem/bank1\[11\][5] net:VDD
	bbox = (320.6500, 487.6900) - (320.7500, 487.7000) on Layer M2
violation type: Metal Spacing
	srcs: net:u_data_mem/bank1\[15\][19] net:VSS
	bbox = (326.8500, 496.6900) - (326.9500, 496.7000) on Layer M2
violation type: Metal Spacing
	srcs: net:u_data_mem/_36815_ net:VDD
	bbox = (327.2500, 592.3000) - (327.3500, 592.3700) on Layer M2
violation type: Metal Spacing
	srcs: net:u_riscv_top/multiplier/_08197_ net:u_riscv_top/multiplier/_08250_
	bbox = (329.2500, 260.0500) - (329.3500, 260.1100) on Layer M2
violation type: Metal Spacing
	srcs: net:u_riscv_top/register_file/_09073_ net:u_riscv_top/register_file/_09074_
	bbox = (336.4500, 22.8500) - (336.5500, 22.9100) on Layer M2
violation type: Metal Spacing
	srcs: net:u_riscv_top/register_file/_08852_ net:u_riscv_top/register_file/_09073_
	bbox = (336.8500, 22.6500) - (336.9500, 22.7100) on Layer M2
violation type: Metal Spacing
	srcs: net:u_riscv_top/register_file/_09073_ net:u_riscv_top/register_file/_09074_
	bbox = (336.8500, 22.8900) - (336.9500, 22.9500) on Layer M2
violation type: Metal Spacing
	srcs: net:u_data_mem/_39534_ net:VSS
	bbox = (337.2500, 615.4300) - (337.3500, 615.5000) on Layer M2
violation type: Metal Spacing
	srcs: net:u_data_mem/_26014_ net:u_data_mem/_41132_
	bbox = (338.6500, 684.8900) - (338.7500, 684.9700) on Layer M2
violation type: Metal Spacing
	srcs: net:u_data_mem/bank1\[43\][13] net:VDD
	bbox = (338.8500, 509.5000) - (338.9500, 509.5700) on Layer M2
violation type: Metal Spacing
	srcs: net:u_riscv_top/register_file/_08801_ net:u_riscv_top/register_file/_08802_
	bbox = (339.6500, 233.4900) - (339.7500, 233.5500) on Layer M2
violation type: Metal Spacing
	srcs: net:u_data_mem/_36672_ net:u_data_mem/bank1\[42\][24]
	bbox = (340.6500, 520.8500) - (340.7500, 520.9100) on Layer M2
violation type: Metal Spacing
	srcs: net:u_data_mem/_35539_ net:u_data_mem/_36672_
	bbox = (341.0500, 520.8500) - (341.1500, 520.9100) on Layer M2
violation type: Metal Spacing
	srcs: net:u_data_mem/_24401_ net:u_data_mem/_41149_
	bbox = (341.4500, 615.0900) - (341.5500, 615.1500) on Layer M2
violation type: Metal Spacing
	srcs: net:clknet_2_2_0_clk
	bbox = (341.9500, 609.4900) - (342.0500, 609.5100) on Layer M2
violation type: Metal Spacing
	srcs: net:u_data_mem/_36672_ net:u_data_mem/bank1\[41\][24]
	bbox = (342.2500, 528.6900) - (342.3500, 528.7500) on Layer M2
violation type: Metal Spacing
	srcs: net:u_data_mem/_24463_ net:VSS
	bbox = (342.8500, 629.8900) - (342.9500, 629.9000) on Layer M2
violation type: Metal Spacing
	srcs: net:u_riscv_top/register_file/_07234_ net:u_riscv_top/register_file/_07453_
	bbox = (343.0500, 22.4900) - (343.1500, 22.5700) on Layer M2
violation type: Metal Spacing
	srcs: net:u_riscv_top/register_file/_06759_ net:u_riscv_top/register_file/_10529_
	bbox = (343.0500, 125.0300) - (343.1500, 125.1100) on Layer M2
violation type: Metal Spacing
	srcs: net:u_riscv_top/register_file/regfile\[26\][1] net:u_riscv_top/register_file/regfile\[30\][1]
	bbox = (344.6500, 224.0500) - (344.7500, 224.1100) on Layer M2
violation type: Metal Spacing
	srcs: net:u_riscv_top/register_file/_09660_ net:u_riscv_top/register_file/regfile\[30\][22]
	bbox = (345.6500, 22.2500) - (345.7500, 22.3100) on Layer M2
violation type: Metal Spacing
	srcs: net:u_riscv_top/u_bridge_core_to_fp_add/_017_ net:u_riscv_top/u_bridge_core_to_fp_add/data_hold[46]
	bbox = (352.0500, 446.8900) - (352.1500, 446.9500) on Layer M2
violation type: Metal Spacing
	srcs: net:u_data_mem/_22944_ net:VDD
	bbox = (352.4500, 930.4300) - (352.5500, 930.5000) on Layer M2
violation type: Metal Spacing
	srcs: net:u_data_mem/_24435_ net:VDD
	bbox = (354.2500, 635.5000) - (354.3500, 635.5700) on Layer M2
violation type: Metal Spacing
	srcs: net:u_data_mem/_24615_ net:u_data_mem/_41210_
	bbox = (354.6500, 657.8300) - (354.7500, 657.9100) on Layer M2
violation type: Metal Spacing
	srcs: net:u_riscv_top/register_file/_10100_ net:VDD
	bbox = (355.2500, 59.5000) - (355.3500, 59.5700) on Layer M2
violation type: Metal Spacing
	srcs: net:u_data_mem/_39449_ net:u_data_mem/bank0\[49\][8]
	bbox = (357.2500, 929.6500) - (357.3500, 929.7100) on Layer M2
violation type: Metal Spacing
	srcs: net:A3_sim[0] net:u_riscv_top/register_file/_08025_
	bbox = (357.6500, 134.0500) - (357.7500, 134.1100) on Layer M2
violation type: Metal Spacing
	srcs: net:u_riscv_top/register_file/_08025_ net:u_riscv_top/register_file/regfile\[20\][0]
	bbox = (357.8500, 133.8500) - (357.9500, 133.9100) on Layer M2
violation type: Metal Spacing
	srcs: net:u_riscv_top/register_file/_08850_ net:u_riscv_top/register_file/regfile\[20\][1]
	bbox = (357.8500, 231.0500) - (357.9500, 231.1100) on Layer M2
violation type: Metal Spacing
	srcs: net:u_riscv_top/register_file/_08023_ net:u_riscv_top/register_file/regfile\[20\][0]
	bbox = (358.0500, 133.8500) - (358.1500, 133.9100) on Layer M2
violation type: Metal Spacing
	srcs: net:u_riscv_top/multiplier/_08214_ net:u_riscv_top/multiplier/_08278_
	bbox = (361.0500, 303.2500) - (361.1500, 303.3100) on Layer M2
violation type: Metal Spacing
	srcs: net:u_data_mem/_24528_ net:VDD
	bbox = (361.0500, 635.5000) - (361.1500, 635.5700) on Layer M2
violation type: Metal Spacing
	srcs: net:u_riscv_top/register_file/regfile\[22\][22] net:VDD
	bbox = (362.2500, 16.3000) - (362.3500, 16.3100) on Layer M2
violation type: Metal Spacing
	srcs: net:u_riscv_top/register_file/_09950_ net:VSS
	bbox = (363.6500, 255.4900) - (363.7500, 255.5000) on Layer M2
violation type: Metal Spacing
	srcs: net:u_riscv_top/register_file/_08049_ net:u_riscv_top/register_file/_08274_
	bbox = (364.0500, 15.6900) - (364.1500, 15.7500) on Layer M2
violation type: Metal Spacing
	srcs: net:u_riscv_top/register_file/_08316_ net:u_riscv_top/register_file/_08318_
	bbox = (364.2500, 254.6900) - (364.3500, 254.7700) on Layer M2
violation type: Metal Spacing
	srcs: net:A1_sim[0] net:u_riscv_top/register_file/_07222_
	bbox = (365.2500, 256.0500) - (365.3500, 256.1100) on Layer M2
violation type: Metal Spacing
	srcs: net:u_riscv_top/FP_Adder/expB[2] net:VSS
	bbox = (367.4500, 363.7000) - (367.5500, 363.7100) on Layer M2
violation type: Metal Spacing
	srcs: net:u_data_mem/bank1\[41\][21] net:VSS
	bbox = (368.2500, 514.6900) - (368.3500, 514.7000) on Layer M2
violation type: Metal Spacing
	srcs: net:u_data_mem/_24386_ net:u_data_mem/_41149_
	bbox = (368.6500, 650.6300) - (368.7500, 650.7100) on Layer M2
violation type: Metal Spacing
	srcs: net:u_riscv_top/register_file/regfile\[18\][20] net:VSS
	bbox = (369.2500, 251.8900) - (369.3500, 251.9000) on Layer M2
violation type: Metal Spacing
	srcs: net:u_data_mem/bank0\[53\][10] net:VSS
	bbox = (370.8500, 885.4900) - (370.9500, 885.5000) on Layer M2
violation type: Metal Spacing
	srcs: net:u_riscv_top/register_file/_07227_ net:u_riscv_top/register_file/_09140_
	bbox = (371.2500, 251.0500) - (371.3500, 251.1100) on Layer M2
violation type: Metal Spacing
	srcs: net:u_riscv_top/FP_Adder/_1514_ net:VSS
	bbox = (371.2500, 446.5000) - (371.3500, 446.5700) on Layer M2
violation type: Metal Spacing
	srcs: net:u_riscv_top/register_file/_07227_ net:u_riscv_top/register_file/_09137_
	bbox = (371.4500, 251.2900) - (371.5500, 251.3500) on Layer M2
violation type: Metal Spacing
	srcs: net:u_riscv_top/register_file/_07227_ net:u_riscv_top/register_file/_09140_
	bbox = (371.6500, 250.8500) - (371.7500, 250.9100) on Layer M2
violation type: Metal Spacing
	srcs: net:mem_addr[0] net:u_data_mem/_35549_
	bbox = (375.4500, 521.0500) - (375.5500, 521.1100) on Layer M2
violation type: Metal Spacing
	srcs: net:u_data_mem/bank0\[55\][5] net:VDD
	bbox = (375.6500, 930.4300) - (375.7500, 930.5000) on Layer M2
violation type: Metal Spacing
	srcs: net:mem_addr[0] net:u_data_mem/_35549_
	bbox = (375.8500, 521.0900) - (375.9500, 521.1500) on Layer M2
violation type: Metal Spacing
	srcs: net:u_data_mem/bank1\[40\][4] net:VDD
	bbox = (376.2500, 509.5000) - (376.3500, 509.5700) on Layer M2
violation type: Metal Spacing
	srcs: net:u_riscv_top/mux5/_231_ net:VDD
	bbox = (378.4500, 494.8900) - (378.5500, 494.9000) on Layer M2
violation type: Metal Spacing
	srcs: net:u_riscv_top/register_file/_07736_ net:VDD
	bbox = (379.0500, 95.5000) - (379.1500, 95.5700) on Layer M2
violation type: Metal Spacing
	srcs: net:u_riscv_top/register_file/_07213_ net:u_riscv_top/register_file/regfile\[22\][24]
	bbox = (380.2500, 153.8900) - (380.3500, 153.9500) on Layer M2
violation type: Metal Spacing
	srcs: net:u_riscv_top/register_file/_07213_ net:u_riscv_top/register_file/regfile\[22\][24]
	bbox = (380.6500, 153.6500) - (380.7500, 153.7100) on Layer M2
violation type: Metal Spacing
	srcs: net:u_riscv_top/register_file/_09662_ net:VDD
	bbox = (383.0500, 160.0900) - (383.1500, 160.1000) on Layer M2
violation type: Metal Spacing
	srcs: net:wb_data_sim[1] net:u_riscv_top/mux5/_229_
	bbox = (384.4500, 494.4900) - (384.5500, 494.5500) on Layer M2
violation type: Metal Spacing
	srcs: net:u_data_mem/_37629_ net:u_data_mem/_37632_
	bbox = (385.0500, 612.4500) - (385.1500, 612.5100) on Layer M2
violation type: Metal Spacing
	srcs: net:RD2_sim[12] net:VSS
	bbox = (387.0500, 68.5000) - (387.1500, 68.5700) on Layer M2
violation type: Metal Spacing
	srcs: net:u_riscv_top/register_file/_10142_ net:VDD
	bbox = (388.4500, 63.1000) - (388.5500, 63.1700) on Layer M2
violation type: Metal Spacing
	srcs: net:u_riscv_top/register_file/_10141_ net:u_riscv_top/register_file/_10142_
	bbox = (388.4500, 63.6900) - (388.5500, 63.7100) on Layer M2
violation type: Metal Spacing
	srcs: net:VSS net:u_riscv_top/u_bridge_core_to_fp_add/net1455
	bbox = (388.8500, 457.3000) - (388.9500, 457.3100) on Layer M2
violation type: Metal Spacing
	srcs: net:u_riscv_top/register_file/_08370_ net:u_riscv_top/register_file/regfile\[26\][18]
	bbox = (390.4500, 254.2500) - (390.5500, 254.3100) on Layer M2
violation type: Metal Spacing
	srcs: net:u_riscv_top/register_file/_07213_ net:u_riscv_top/register_file/regfile\[30\][11]
	bbox = (390.8500, 111.0900) - (390.9500, 111.1500) on Layer M2
violation type: Metal Spacing
	srcs: net:u_riscv_top/register_file/regfile\[20\][23] net:VSS
	bbox = (393.8500, 176.5000) - (393.9500, 176.5100) on Layer M2
violation type: Metal Spacing
	srcs: net:u_riscv_top/register_file/regfile\[2\][12] net:VSS
	bbox = (394.0500, 82.6900) - (394.1500, 82.7000) on Layer M2
violation type: Metal Spacing
	srcs: net:u_riscv_top/register_file/regfile\[6\][12] net:VDD
	bbox = (394.2500, 84.4900) - (394.3500, 84.5000) on Layer M2
violation type: Metal Spacing
	srcs: net:u_riscv_top/register_file/_10035_ net:u_riscv_top/register_file/regfile\[6\][16]
	bbox = (394.6500, 207.8900) - (394.7500, 207.9500) on Layer M2
violation type: Metal Spacing
	srcs: net:u_data_mem/_26423_ net:VDD
	bbox = (394.8500, 930.4300) - (394.9500, 930.5000) on Layer M2
violation type: Metal Spacing
	srcs: net:u_riscv_top/register_file/_08850_ net:u_riscv_top/register_file/regfile\[6\][12]
	bbox = (395.2500, 84.1300) - (395.3500, 84.1500) on Layer M2
violation type: Metal Spacing
	srcs: net:mem_addr[1] net:u_data_mem/_39592_
	bbox = (395.6500, 578.2500) - (395.7500, 578.3100) on Layer M2
violation type: Metal Spacing
	srcs: net:A2_sim[1] net:u_riscv_top/register_file/regfile\[16\][18]
	bbox = (396.2500, 247.8900) - (396.3500, 247.9500) on Layer M2
violation type: Metal Spacing
	srcs: net:u_riscv_top/mux5/_231_ net:VDD
	bbox = (396.8500, 523.9000) - (396.9500, 523.9100) on Layer M2
violation type: Metal Spacing
	srcs: net:u_data_mem/_35538_ net:u_data_mem/bank2\[37\][9]
	bbox = (401.4500, 755.0500) - (401.5500, 755.1100) on Layer M2
violation type: Metal Spacing
	srcs: net:mem_addr[0] net:u_data_mem/bank2\[36\][9]
	bbox = (401.6500, 747.6500) - (401.7500, 747.7100) on Layer M2
violation type: Metal Spacing
	srcs: net:mem_addr[0] net:u_data_mem/_35539_
	bbox = (401.6500, 747.8500) - (401.7500, 747.9100) on Layer M2
violation type: Metal Spacing
	srcs: net:mem_addr[0] net:u_data_mem/_35539_
	bbox = (401.6500, 747.8900) - (401.7500, 747.9100) on Layer M2
violation type: Metal Spacing
	srcs: net:mem_addr[0] net:u_data_mem/_35539_
	bbox = (401.6500, 747.8900) - (401.7500, 747.9500) on Layer M2
violation type: Metal Spacing
	srcs: net:u_data_mem/_35539_ net:u_data_mem/bank2\[36\][9]
	bbox = (401.8500, 747.8900) - (401.9500, 747.9500) on Layer M2
violation type: Metal Spacing
	srcs: net:u_riscv_top/register_file/_10171_ net:u_riscv_top/register_file/regfile\[8\][11]
	bbox = (402.8500, 96.0900) - (402.9500, 96.1500) on Layer M2
violation type: Metal Spacing
	srcs: net:u_riscv_top/register_file/_10170_ net:u_riscv_top/register_file/regfile\[8\][11]
	bbox = (403.0500, 96.2500) - (403.1500, 96.3100) on Layer M2
violation type: Metal Spacing
	srcs: net:u_riscv_top/register_file/_09662_ net:VSS
	bbox = (403.2500, 97.0900) - (403.3500, 97.1000) on Layer M2
violation type: Metal Spacing
	srcs: net:u_data_mem/_40443_ net:u_data_mem/bank2\[14\][2]
	bbox = (404.2500, 613.2900) - (404.3500, 613.3500) on Layer M2
violation type: Metal Spacing
	srcs: net:u_riscv_top/register_file/regfile\[12\][11] net:u_riscv_top/register_file/regfile\[8\][11]
	bbox = (404.4500, 96.3200) - (404.5500, 96.3500) on Layer M2
violation type: Metal Spacing
	srcs: net:u_riscv_top/register_file/_07236_ net:VDD
	bbox = (404.4500, 178.0900) - (404.5500, 178.1000) on Layer M2
violation type: Metal Spacing
	srcs: net:u_riscv_top/register_file/_08050_ net:u_riscv_top/register_file/_08245_
	bbox = (404.6500, 173.8300) - (404.7500, 173.9100) on Layer M2
violation type: Metal Spacing
	srcs: net:u_riscv_top/register_file/_08245_ net:VDD
	bbox = (404.6500, 174.4300) - (404.7500, 174.5000) on Layer M2
violation type: Metal Spacing
	srcs: net:u_riscv_top/register_file/regfile\[23\][11] net:VDD
	bbox = (407.6500, 84.7000) - (407.7500, 84.7100) on Layer M2
violation type: Metal Spacing
	srcs: net:u_data_mem/bank3\[0\][8] net:VDD
	bbox = (408.6500, 887.5000) - (408.7500, 887.5700) on Layer M2
violation type: Metal Spacing
	srcs: net:u_riscv_top/register_file/_08391_ net:VDD
	bbox = (409.2500, 235.6900) - (409.3500, 235.7000) on Layer M2
violation type: Metal Spacing
	srcs: net:u_riscv_top/register_file/_09660_ net:u_riscv_top/register_file/_09907_
	bbox = (411.8500, 47.8900) - (411.9500, 47.9500) on Layer M2
violation type: Metal Spacing
	srcs: net:u_riscv_top/register_file/_08308_ net:VSS
	bbox = (413.8500, 25.3000) - (413.9500, 25.3100) on Layer M2
violation type: Metal Spacing
	srcs: net:u_data_mem/_35549_ net:VSS
	bbox = (414.0500, 514.6900) - (414.1500, 514.7000) on Layer M2
violation type: Metal Spacing
	srcs: net:u_riscv_top/FP_Adder/_1530_ net:u_riscv_top/FP_Adder/fracA[9]
	bbox = (415.4500, 447.6900) - (415.5500, 447.7500) on Layer M2
violation type: Metal Spacing
	srcs: net:u_data_mem/bank2\[42\][28] net:VDD
	bbox = (417.2500, 509.5000) - (417.3500, 509.5700) on Layer M2
violation type: Metal Spacing
	srcs: net:u_data_mem/_35601_ net:u_data_mem/_39340_
	bbox = (419.4500, 951.0900) - (419.5500, 951.1700) on Layer M2
violation type: Metal Spacing
	srcs: net:u_data_mem/_35539_ net:u_data_mem/bank3\[28\][9]
	bbox = (420.0500, 951.0500) - (420.1500, 951.1100) on Layer M2
violation type: Metal Spacing
	srcs: net:u_riscv_top/register_file/_08150_ net:VDD
	bbox = (420.6500, 131.5000) - (420.7500, 131.5700) on Layer M2
violation type: Metal Spacing
	srcs: net:u_data_mem/_35095_ net:VSS
	bbox = (421.2500, 907.0900) - (421.3500, 907.1000) on Layer M2
violation type: Metal Spacing
	srcs: net:u_riscv_top/register_file/regfile\[20\][11] net:VSS
	bbox = (422.8500, 86.2900) - (422.9500, 86.3000) on Layer M2
violation type: Metal Spacing
	srcs: net:u_data_mem/_18215_ net:u_data_mem/_20651_
	bbox = (424.4500, 594.8900) - (424.5500, 594.9500) on Layer M2
violation type: Metal Spacing
	srcs: net:u_data_mem/_21189_ net:VDD
	bbox = (424.8500, 678.4300) - (424.9500, 678.5000) on Layer M2
violation type: Metal Spacing
	srcs: net:u_data_mem/bank2\[33\][30] net:clknet_10_794__leaf_clk
	bbox = (425.0500, 746.0900) - (425.1500, 746.1500) on Layer M2
violation type: Metal Spacing
	srcs: net:u_data_mem/bank2\[14\][7] net:VDD
	bbox = (426.2500, 588.7000) - (426.3500, 588.7100) on Layer M2
violation type: Metal Spacing
	srcs: net:u_riscv_top/register_file/_08049_ net:u_riscv_top/register_file/_08241_
	bbox = (427.2500, 173.8300) - (427.3500, 173.9100) on Layer M2
violation type: Metal Spacing
	srcs: net:u_riscv_top/register_file/_08241_ net:VDD
	bbox = (427.2500, 174.4300) - (427.3500, 174.5000) on Layer M2
violation type: Metal Spacing
	srcs: net:u_riscv_top/FP_Adder/_1946_ net:VSS
	bbox = (428.2500, 431.8900) - (428.3500, 431.9000) on Layer M2
violation type: Metal Spacing
	srcs: net:u_data_mem/_35542_ net:u_data_mem/bank2\[32\][27]
	bbox = (429.0500, 681.2500) - (429.1500, 681.3100) on Layer M2
violation type: Metal Spacing
	srcs: net:VSS net:u_riscv_top/register_file/net2380
	bbox = (429.2500, 215.8900) - (429.3500, 215.9000) on Layer M2
violation type: Metal Spacing
	srcs: net:u_data_mem/_39575_ net:VSS
	bbox = (429.4500, 590.2900) - (429.5500, 590.3000) on Layer M2
violation type: Metal Spacing
	srcs: net:u_riscv_top/register_file/_07231_ net:u_riscv_top/register_file/regfile\[30\][20]
	bbox = (430.2500, 254.2500) - (430.3500, 254.3100) on Layer M2
violation type: Metal Spacing
	srcs: net:u_riscv_top/register_file/_09662_ net:u_riscv_top/register_file/_09929_
	bbox = (430.8500, 240.4900) - (430.9500, 240.5100) on Layer M2
violation type: Metal Spacing
	srcs: net:u_riscv_top/register_file/_09686_ net:u_riscv_top/register_file/_09687_
	bbox = (433.8500, 29.6300) - (433.9500, 29.7100) on Layer M2
violation type: Metal Spacing
	srcs: net:u_riscv_top/register_file/_09684_ net:VSS
	bbox = (434.4500, 28.9000) - (434.5500, 28.9100) on Layer M2
violation type: Metal Spacing
	srcs: net:u_riscv_top/register_file/_08356_ net:u_riscv_top/register_file/_08357_
	bbox = (437.2500, 195.2500) - (437.3500, 195.3100) on Layer M2
violation type: Metal Spacing
	srcs: net:u_data_mem/_38799_ net:VDD
	bbox = (438.4500, 635.2300) - (438.5500, 635.3000) on Layer M2
violation type: Metal Spacing
	srcs: net:u_riscv_top/register_file/_08060_ net:VDD
	bbox = (440.2500, 48.4300) - (440.3500, 48.5000) on Layer M2
violation type: Metal Spacing
	srcs: net:u_data_mem/bank2\[8\][12] net:VDD
	bbox = (440.6500, 635.5000) - (440.7500, 635.5700) on Layer M2
violation type: Metal Spacing
	srcs: net:u_riscv_top/register_file/_08135_ net:u_riscv_top/register_file/regfile\[24\][27]
	bbox = (440.8500, 141.4500) - (440.9500, 141.5100) on Layer M2
violation type: Metal Spacing
	srcs: net:u_riscv_top/register_file/_08135_ net:u_riscv_top/register_file/regfile\[24\][27]
	bbox = (440.8500, 141.4900) - (440.9500, 141.5100) on Layer M2
violation type: Metal Spacing
	srcs: net:u_riscv_top/register_file/_08135_ net:u_riscv_top/register_file/regfile\[24\][27]
	bbox = (440.8500, 141.4900) - (440.9500, 141.5500) on Layer M2
violation type: Metal Spacing
	srcs: net:u_data_mem/_39054_ net:u_data_mem/_39056_
	bbox = (441.0500, 908.0500) - (441.1500, 908.1100) on Layer M2
violation type: Metal Spacing
	srcs: net:u_data_mem/_39054_ net:u_data_mem/_39055_
	bbox = (441.2500, 908.0500) - (441.3500, 908.1100) on Layer M2
violation type: Metal Spacing
	srcs: net:u_riscv_top/register_file/_10500_ net:VSS
	bbox = (441.4500, 100.9000) - (441.5500, 100.9100) on Layer M2
violation type: Metal Spacing
	srcs: net:u_riscv_top/register_file/regfile\[6\][3] net:VSS
	bbox = (441.6500, 86.2900) - (441.7500, 86.3000) on Layer M2
violation type: Metal Spacing
	srcs: net:u_data_mem/_39056_ net:u_data_mem/bank3\[2\][10]
	bbox = (441.6500, 911.6300) - (441.7500, 911.7100) on Layer M2
violation type: Metal Spacing
	srcs: net:u_data_mem/_35539_ net:u_data_mem/_37220_
	bbox = (442.0500, 494.0300) - (442.1500, 494.1100) on Layer M2
violation type: Metal Spacing
	srcs: net:u_riscv_top/register_file/_10389_ net:VSS
	bbox = (442.2500, 86.2900) - (442.3500, 86.3000) on Layer M2
violation type: Metal Spacing
	srcs: net:u_data_mem/_41072_ net:VSS
	bbox = (442.8500, 907.3000) - (442.9500, 907.3100) on Layer M2
violation type: Metal Spacing
	srcs: net:u_data_mem/bank2\[44\][21] net:VDD
	bbox = (443.2500, 494.8900) - (443.3500, 494.9000) on Layer M2
violation type: Metal Spacing
	srcs: net:u_riscv_top/register_file/_09687_ net:VSS
	bbox = (443.6500, 28.9000) - (443.7500, 28.9100) on Layer M2
violation type: Metal Spacing
	srcs: net:u_data_mem/_35593_ net:VDD
	bbox = (446.4500, 494.8900) - (446.5500, 494.9000) on Layer M2
violation type: Metal Spacing
	srcs: net:VSS net:clknet_10_790__leaf_clk
	bbox = (446.6500, 673.0900) - (446.7500, 673.1000) on Layer M2
violation type: Metal Spacing
	srcs: net:u_riscv_top/register_file/regfile\[5\][30] net:VDD
	bbox = (446.8500, 16.0900) - (446.9500, 16.1000) on Layer M2
violation type: Metal Spacing
	srcs: net:u_riscv_top/register_file/_09760_ net:VDD
	bbox = (447.4500, 131.5000) - (447.5500, 131.5700) on Layer M2
violation type: Metal Spacing
	srcs: net:u_riscv_top/register_file/_10519_ net:VDD
	bbox = (450.4500, 271.9000) - (450.5500, 271.9100) on Layer M2
violation type: Metal Spacing
	srcs: net:u_riscv_top/register_file/_10482_ net:u_riscv_top/register_file/_10498_
	bbox = (452.8500, 99.6900) - (452.9500, 99.7500) on Layer M2
violation type: Metal Spacing
	srcs: net:u_riscv_top/register_file/_10482_ net:u_riscv_top/register_file/_10487_
	bbox = (453.0500, 99.8500) - (453.1500, 99.9100) on Layer M2
violation type: Metal Spacing
	srcs: net:u_riscv_top/register_file/_10508_ net:VSS
	bbox = (453.2500, 111.4300) - (453.3500, 111.5000) on Layer M2
violation type: Metal Spacing
	srcs: net:u_data_mem/_40760_ net:u_data_mem/bank3\[3\][1]
	bbox = (453.4500, 890.0300) - (453.5500, 890.1100) on Layer M2
violation type: Metal Spacing
	srcs: net:u_data_mem/_37364_ net:VDD
	bbox = (454.2500, 804.4300) - (454.3500, 804.5000) on Layer M2
violation type: Metal Spacing
	srcs: net:u_riscv_top/register_file/regfile\[10\][4] net:VSS
	bbox = (457.8500, 158.2900) - (457.9500, 158.3000) on Layer M2
violation type: Metal Spacing
	srcs: net:A5_sim[3] net:u_riscv_top/register_file/_10488_
	bbox = (458.8500, 111.0900) - (458.9500, 111.1500) on Layer M2
violation type: Metal Spacing
	srcs: net:u_riscv_top/register_file/_10484_ net:u_riscv_top/register_file/_10488_
	bbox = (460.6500, 110.8900) - (460.7500, 110.9500) on Layer M2
violation type: Metal Spacing
	srcs: net:u_riscv_top/register_file/_08852_ net:u_riscv_top/register_file/_09539_
	bbox = (460.8500, 153.6900) - (460.9500, 153.7100) on Layer M2
violation type: Metal Spacing
	srcs: net:u_data_mem/_39224_ net:VDD
	bbox = (462.4500, 761.5000) - (462.5500, 761.5700) on Layer M2
violation type: Metal Spacing
	srcs: net:u_riscv_top/register_file/_07227_ net:VDD
	bbox = (463.0500, 73.9000) - (463.1500, 73.9100) on Layer M2
violation type: Metal Spacing
	srcs: net:u_riscv_top/register_file/_09660_ net:u_riscv_top/register_file/_10354_
	bbox = (463.6500, 150.2900) - (463.7500, 150.3500) on Layer M2
violation type: Metal Spacing
	srcs: net:u_riscv_top/fp_add_result_core[14] net:u_riscv_top/rst_core_n
	bbox = (466.4500, 299.8900) - (466.5500, 299.9500) on Layer M2
violation type: Metal Spacing
	srcs: net:u_riscv_top/rst_core_n net:u_riscv_top/mux8_1/_646_
	bbox = (466.4500, 300.0500) - (466.5500, 300.1100) on Layer M2
violation type: Metal Spacing
	srcs: net:u_data_mem/_35536_ net:u_data_mem/bank2\[40\][18]
	bbox = (466.8500, 562.2500) - (466.9500, 562.3100) on Layer M2
violation type: Metal Spacing
	srcs: net:u_riscv_top/register_file/_09792_ net:VDD
	bbox = (467.0500, 196.0900) - (467.1500, 196.1000) on Layer M2
violation type: Metal Spacing
	srcs: net:u_data_mem/bank3\[63\][0] net:VSS
	bbox = (467.0500, 889.3000) - (467.1500, 889.3100) on Layer M2
violation type: Metal Spacing
	srcs: net:u_riscv_top/register_file/_09501_ net:VDD
	bbox = (473.6500, 120.4900) - (473.7500, 120.5000) on Layer M2
violation type: Metal Spacing
	srcs: net:u_riscv_top/register_file/_08850_ net:u_riscv_top/register_file/regfile\[6\][4]
	bbox = (475.4500, 161.4900) - (475.5500, 161.5500) on Layer M2
violation type: Metal Spacing
	srcs: net:u_riscv_top/register_file/_08049_ net:u_riscv_top/register_file/regfile\[6\][4]
	bbox = (476.2500, 162.8900) - (476.3500, 162.9500) on Layer M2
violation type: Metal Spacing
	srcs: net:u_riscv_top/register_file/_08734_ net:u_riscv_top/register_file/regfile\[6\][4]
	bbox = (476.2500, 163.0500) - (476.3500, 163.1100) on Layer M2
violation type: Metal Spacing
	srcs: net:u_riscv_top/register_file/regfile\[2\][4] net:u_riscv_top/register_file/regfile\[6\][4]
	bbox = (476.6500, 162.8900) - (476.7500, 162.9500) on Layer M2
violation type: Metal Spacing
	srcs: net:u_riscv_top/register_file/_08049_ net:VSS
	bbox = (476.8500, 162.1000) - (476.9500, 162.1100) on Layer M2
violation type: Metal Spacing
	srcs: net:u_riscv_top/register_file/_08049_ net:u_riscv_top/register_file/regfile\[6\][4]
	bbox = (476.8500, 162.8500) - (476.9500, 162.9100) on Layer M2
violation type: Metal Spacing
	srcs: net:u_riscv_top/register_file/_08734_ net:u_riscv_top/register_file/regfile\[6\][4]
	bbox = (476.8500, 163.0900) - (476.9500, 163.1500) on Layer M2
violation type: Metal Spacing
	srcs: net:u_riscv_top/register_file/_10605_ net:u_riscv_top/register_file/regfile\[14\][31]
	bbox = (477.2500, 99.4500) - (477.3500, 99.5100) on Layer M2
violation type: Metal Spacing
	srcs: net:u_riscv_top/register_file/_08976_ net:u_riscv_top/register_file/_08977_
	bbox = (477.6500, 197.0900) - (477.7500, 197.1700) on Layer M2
violation type: Metal Spacing
	srcs: net:u_riscv_top/register_file/_08049_ net:u_riscv_top/register_file/_08099_
	bbox = (478.8500, 38.2500) - (478.9500, 38.3100) on Layer M2
violation type: Metal Spacing
	srcs: net:u_riscv_top/register_file/_07988_ net:VSS
	bbox = (479.6500, 68.5000) - (479.7500, 68.5700) on Layer M2
violation type: Metal Spacing
	srcs: net:u_riscv_top/register_file/_08668_ net:VSS
	bbox = (479.6500, 122.2900) - (479.7500, 122.3000) on Layer M2
violation type: Metal Spacing
	srcs: net:u_riscv_top/FP_Mult/_0993_ net:VSS
	bbox = (480.4500, 446.5000) - (480.5500, 446.5700) on Layer M2
violation type: Metal Spacing
	srcs: net:A2_sim[1] net:VSS
	bbox = (480.8500, 36.1000) - (480.9500, 36.1700) on Layer M2
violation type: Metal Spacing
	srcs: net:u_data_mem/_41194_ net:VDD
	bbox = (482.0500, 808.0900) - (482.1500, 808.1000) on Layer M2
violation type: Metal Spacing
	srcs: net:u_riscv_top/register_file/_09662_ net:u_riscv_top/register_file/_10268_
	bbox = (482.4500, 224.2500) - (482.5500, 224.3100) on Layer M2
violation type: Metal Spacing
	srcs: net:u_riscv_top/register_file/_10268_ net:VDD
	bbox = (482.4500, 224.8300) - (482.5500, 224.9000) on Layer M2
violation type: Metal Spacing
	srcs: net:u_data_mem/_38065_ net:u_data_mem/bank2\[32\][16]
	bbox = (482.8500, 704.6900) - (482.9500, 704.7700) on Layer M2
violation type: Metal Spacing
	srcs: net:u_riscv_top/register_file/_08049_ net:u_riscv_top/register_file/regfile\[10\][31]
	bbox = (484.2500, 97.6500) - (484.3500, 97.7100) on Layer M2
violation type: Metal Spacing
	srcs: net:u_riscv_top/register_file/regfile\[10\][29] net:VDD
	bbox = (485.8500, 45.1000) - (485.9500, 45.1100) on Layer M2
violation type: Metal Spacing
	srcs: net:u_riscv_top/mux8_1/_606_ net:u_riscv_top/mux8_1/_648_
	bbox = (485.8500, 312.6900) - (485.9500, 312.7500) on Layer M2
violation type: Metal Spacing
	srcs: net:u_data_mem/_36992_ net:VSS
	bbox = (485.8500, 867.4300) - (485.9500, 867.5000) on Layer M2
violation type: Metal Spacing
	srcs: net:A3_sim[0] net:u_riscv_top/register_file/regfile\[4\][6]
	bbox = (488.0500, 123.2500) - (488.1500, 123.3100) on Layer M2
violation type: Metal Spacing
	srcs: net:A2_sim[3] net:u_riscv_top/register_file/regfile\[4\][6]
	bbox = (488.2500, 123.2500) - (488.3500, 123.3100) on Layer M2
violation type: Metal Spacing
	srcs: net:u_riscv_top/register_file/_09548_ net:VDD
	bbox = (488.8500, 163.6900) - (488.9500, 163.7000) on Layer M2
violation type: Metal Spacing
	srcs: net:u_data_mem/_18797_ net:VDD
	bbox = (490.2500, 930.4300) - (490.3500, 930.5000) on Layer M2
violation type: Metal Spacing
	srcs: net:u_riscv_top/pipeline_reg2/_0301_ net:VSS
	bbox = (493.4500, 489.4300) - (493.5500, 489.5000) on Layer M2
violation type: Metal Spacing
	srcs: net:u_riscv_top/register_file/_07213_ net:u_riscv_top/register_file/_07842_
	bbox = (495.4500, 249.6900) - (495.5500, 249.7500) on Layer M2
violation type: Metal Spacing
	srcs: net:u_riscv_top/register_file/_09520_ net:u_riscv_top/register_file/_09522_
	bbox = (495.8500, 36.6500) - (495.9500, 36.7100) on Layer M2
violation type: Metal Spacing
	srcs: net:u_riscv_top/register_file/_09520_ net:u_riscv_top/register_file/_09522_
	bbox = (495.8500, 36.6900) - (495.9500, 36.7100) on Layer M2
violation type: Metal Spacing
	srcs: net:u_riscv_top/register_file/_09520_ net:u_riscv_top/register_file/_09522_
	bbox = (495.8500, 36.6900) - (495.9500, 36.7500) on Layer M2
violation type: Metal Spacing
	srcs: net:u_data_mem/bank3\[60\][1] net:VDD
	bbox = (495.8500, 887.5000) - (495.9500, 887.5700) on Layer M2
violation type: Metal Spacing
	srcs: net:u_riscv_top/register_file/regfile\[7\][26] net:VSS
	bbox = (496.0500, 201.4900) - (496.1500, 201.5000) on Layer M2
violation type: Metal Spacing
	srcs: net:u_riscv_top/register_file/regfile\[6\][9] net:VDD
	bbox = (496.8500, 149.2900) - (496.9500, 149.3000) on Layer M2
violation type: Metal Spacing
	srcs: net:u_riscv_top/register_file/regfile\[6\][31] net:VSS
	bbox = (497.4500, 97.0900) - (497.5500, 97.1000) on Layer M2
violation type: Metal Spacing
	srcs: net:u_riscv_top/register_file/_07236_ net:VDD
	bbox = (498.0500, 199.6900) - (498.1500, 199.7000) on Layer M2
violation type: Metal Spacing
	srcs: net:u_data_mem/_20794_ net:VDD
	bbox = (498.4500, 635.5000) - (498.5500, 635.5700) on Layer M2
violation type: Metal Spacing
	srcs: net:u_riscv_top/register_file/regfile\[6\][9] net:VDD
	bbox = (500.2500, 149.2900) - (500.3500, 149.3000) on Layer M2
violation type: Metal Spacing
	srcs: net:u_data_mem/bank3\[42\][2] net:u_data_mem/bank3\[47\][2]
	bbox = (500.4500, 951.2900) - (500.5500, 951.3500) on Layer M2
violation type: Metal Spacing
	srcs: net:A3_sim[0] net:u_riscv_top/register_file/_07375_
	bbox = (500.6500, 173.8300) - (500.7500, 173.9100) on Layer M2
violation type: Metal Spacing
	srcs: net:u_riscv_top/register_file/regfile\[6\][31] net:VSS
	bbox = (501.4500, 97.0900) - (501.5500, 97.1000) on Layer M2
violation type: Metal Spacing
	srcs: net:u_riscv_top/register_file/regfile\[16\][7] net:VSS
	bbox = (503.0500, 241.3000) - (503.1500, 241.3100) on Layer M2
violation type: Metal Spacing
	srcs: net:u_riscv_top/register_file/_10294_ net:u_riscv_top/register_file/_10296_
	bbox = (504.2500, 250.6500) - (504.3500, 250.7100) on Layer M2
violation type: Metal Spacing
	srcs: net:u_data_mem/_18782_ net:VSS
	bbox = (504.2500, 990.1000) - (504.3500, 990.1100) on Layer M2
violation type: Metal Spacing
	srcs: net:u_data_mem/_18171_ net:u_data_mem/_38121_
	bbox = (510.4500, 922.0500) - (510.5500, 922.1100) on Layer M2
violation type: Metal Spacing
	srcs: net:u_data_mem/_35707_ net:u_data_mem/bank2\[60\][30]
	bbox = (515.4500, 724.4300) - (515.5500, 724.5100) on Layer M2
violation type: Metal Spacing
	srcs: net:u_data_mem/_40049_ net:u_data_mem/bank2\[2\][5]
	bbox = (515.8500, 565.8900) - (515.9500, 565.9500) on Layer M2
violation type: Metal Spacing
	srcs: net:u_riscv_top/register_file/_08158_ net:u_riscv_top/register_file/regfile\[26\][26]
	bbox = (516.8500, 211.2900) - (516.9500, 211.3100) on Layer M2
violation type: Metal Spacing
	srcs: net:u_riscv_top/register_file/regfile\[30\][15] net:VSS
	bbox = (518.4500, 255.4900) - (518.5500, 255.5000) on Layer M2
violation type: Metal Spacing
	srcs: net:VSS net:u_riscv_top/register_file/net2384
	bbox = (519.2500, 241.0900) - (519.3500, 241.1000) on Layer M2
violation type: Metal Spacing
	srcs: net:u_riscv_top/register_file/_07222_ net:u_riscv_top/register_file/_07224_
	bbox = (519.8500, 17.4900) - (519.9500, 17.5500) on Layer M2
violation type: Metal Spacing
	srcs: net:u_data_mem/_35533_ net:u_data_mem/_40988_
	bbox = (519.8500, 841.0500) - (519.9500, 841.1100) on Layer M2
violation type: Metal Spacing
	srcs: net:u_riscv_top/register_file/_07227_ net:u_riscv_top/register_file/_09490_
	bbox = (520.0500, 118.2900) - (520.1500, 118.3100) on Layer M2
violation type: Metal Spacing
	srcs: net:u_riscv_top/register_file/_07227_ net:u_riscv_top/register_file/_09490_
	bbox = (520.0500, 118.2900) - (520.1500, 118.3500) on Layer M2
violation type: Metal Spacing
	srcs: net:u_riscv_top/register_file/regfile\[26\][26] net:u_riscv_top/register_file/regfile\[30\][26]
	bbox = (522.0500, 213.0500) - (522.1500, 213.1100) on Layer M2
violation type: Metal Spacing
	srcs: net:u_data_mem/_20939_ net:VDD
	bbox = (522.8500, 761.5000) - (522.9500, 761.5700) on Layer M2
violation type: Metal Spacing
	srcs: net:u_riscv_top/mux8_1/_586_ net:u_riscv_top/mux8_1/_603_
	bbox = (523.6500, 312.2900) - (523.7500, 312.3500) on Layer M2
violation type: Metal Spacing
	srcs: net:u_data_mem/_37182_ net:u_data_mem/_37214_
	bbox = (523.6500, 866.6900) - (523.7500, 866.7500) on Layer M2
violation type: Metal Spacing
	srcs: net:u_data_mem/_18871_ net:u_data_mem/_41231_
	bbox = (524.2500, 935.0300) - (524.3500, 935.1100) on Layer M2
violation type: Metal Spacing
	srcs: net:u_data_mem/_35546_ net:u_data_mem/_35549_
	bbox = (524.8500, 918.8500) - (524.9500, 918.9100) on Layer M2
violation type: Metal Spacing
	srcs: net:u_data_mem/bank2\[58\][29] net:VSS
	bbox = (525.4500, 730.6900) - (525.5500, 730.7000) on Layer M2
violation type: Metal Spacing
	srcs: net:u_data_mem/_35544_ net:u_data_mem/bank3\[47\][24]
	bbox = (529.0500, 990.4500) - (529.1500, 990.5100) on Layer M2
violation type: Metal Spacing
	srcs: net:u_riscv_top/register_file/_07636_ net:VSS
	bbox = (529.2500, 259.3000) - (529.3500, 259.3100) on Layer M2
violation type: Metal Spacing
	srcs: net:u_riscv_top/register_file/_10540_ net:VDD
	bbox = (529.8500, 99.1000) - (529.9500, 99.1100) on Layer M2
violation type: Metal Spacing
	srcs: net:u_riscv_top/u_bridge_fp_mul_to_core/_006_ net:u_riscv_top/u_bridge_fp_mul_to_core/data_hold[14]
	bbox = (530.0500, 307.2900) - (530.1500, 307.3500) on Layer M2
violation type: Metal Spacing
	srcs: net:u_riscv_top/register_file/_08050_ net:u_riscv_top/register_file/_08751_
	bbox = (531.8500, 76.4900) - (531.9500, 76.5500) on Layer M2
violation type: Metal Spacing
	srcs: net:riscv_addr[1] net:u_riscv_top/fp_mul_result_core[14]
	bbox = (531.8500, 305.4900) - (531.9500, 305.5500) on Layer M2
violation type: Metal Spacing
	srcs: net:u_riscv_top/register_file/_07631_ net:VDD
	bbox = (532.0500, 253.6900) - (532.1500, 253.7000) on Layer M2
violation type: Metal Spacing
	srcs: net:u_data_mem/_35533_ net:u_data_mem/bank2\[59\][4]
	bbox = (533.0500, 673.6900) - (533.1500, 673.7500) on Layer M2
violation type: Metal Spacing
	srcs: net:u_riscv_top/register_file/regfile\[18\][15] net:VSS
	bbox = (533.2500, 252.1000) - (533.3500, 252.1100) on Layer M2
violation type: Metal Spacing
	srcs: net:u_riscv_top/pipeline_reg2/_0417_ net:u_riscv_top/pipeline_reg2/_0515_
	bbox = (533.4500, 432.6500) - (533.5500, 432.7100) on Layer M2
violation type: Metal Spacing
	srcs: net:u_riscv_top/CSR_Register/_1414_ net:u_riscv_top/CSR_Register/_1415_
	bbox = (533.8500, 486.8500) - (533.9500, 486.9100) on Layer M2
violation type: Metal Spacing
	srcs: net:u_data_mem/_38246_ net:VSS
	bbox = (533.8500, 698.5000) - (533.9500, 698.5700) on Layer M2
violation type: Metal Spacing
	srcs: net:u_riscv_top/register_file/regfile\[18\][2] net:VSS
	bbox = (534.4500, 61.3000) - (534.5500, 61.3100) on Layer M2
violation type: Metal Spacing
	srcs: net:u_riscv_top/register_file/_06586_
	bbox = (534.6500, 237.0500) - (534.7500, 237.1100) on Layer M2
violation type: Metal Spacing
	srcs: net:u_riscv_top/register_file/_06586_
	bbox = (534.6500, 237.0900) - (534.7500, 237.1100) on Layer M2
violation type: Metal Spacing
	srcs: net:u_riscv_top/register_file/_06586_
	bbox = (534.6500, 237.0900) - (534.7500, 237.1500) on Layer M2
violation type: Metal Spacing
	srcs: net:u_riscv_top/register_file/_07917_ net:u_riscv_top/register_file/_07921_
	bbox = (536.4500, 160.6500) - (536.5500, 160.7100) on Layer M2
violation type: Metal Spacing
	srcs: net:u_riscv_top/CSR_Register/_0737_ net:u_riscv_top/CSR_Register/_1557_
	bbox = (536.6500, 490.2500) - (536.7500, 490.3100) on Layer M2
violation type: Metal Spacing
	srcs: net:u_riscv_top/CSR_Register/_0737_ net:u_riscv_top/CSR_Register/_1557_
	bbox = (536.6500, 490.2900) - (536.7500, 490.3100) on Layer M2
violation type: Metal Spacing
	srcs: net:u_riscv_top/CSR_Register/_0737_ net:u_riscv_top/CSR_Register/_1557_
	bbox = (536.7500, 490.2500) - (536.7500, 490.3100) on Layer M2
violation type: Metal Spacing
	srcs: net:u_riscv_top/register_file/_07793_ net:VSS
	bbox = (537.6500, 136.6900) - (537.7500, 136.7000) on Layer M2
violation type: Metal Spacing
	srcs: net:u_data_mem/_40811_ net:VSS
	bbox = (538.2500, 572.5000) - (538.3500, 572.5700) on Layer M2
violation type: Metal Spacing
	srcs: net:u_data_mem/_35549_ net:VSS
	bbox = (538.8500, 572.5000) - (538.9500, 572.5100) on Layer M2
violation type: Metal Spacing
	srcs: net:u_riscv_top/pipeline_reg2/_0416_ net:u_riscv_top/pipeline_reg2/_0510_
	bbox = (539.2500, 432.8500) - (539.3500, 432.9100) on Layer M2
violation type: Metal Spacing
	srcs: net:u_data_mem/_35536_ net:u_data_mem/_36522_
	bbox = (539.4500, 824.8900) - (539.5500, 824.9500) on Layer M2
violation type: Metal Spacing
	srcs: net:u_data_mem/bank2\[6\][0] net:VDD
	bbox = (539.6500, 574.0900) - (539.7500, 574.1000) on Layer M2
violation type: Metal Spacing
	srcs: net:u_data_mem/_40342_ net:VSS
	bbox = (541.8500, 698.5000) - (541.9500, 698.5700) on Layer M2
violation type: Metal Spacing
	srcs: net:A2_sim[1] net:u_riscv_top/register_file/_08852_
	bbox = (543.4500, 24.4500) - (543.5500, 24.5100) on Layer M2
violation type: Metal Spacing
	srcs: net:u_data_mem/bank2\[17\][18] net:VDD
	bbox = (543.4500, 635.5000) - (543.5500, 635.5700) on Layer M2
violation type: Metal Spacing
	srcs: net:u_riscv_top/register_file/_08880_ net:VDD
	bbox = (543.6500, 23.5000) - (543.7500, 23.5700) on Layer M2
violation type: Metal Spacing
	srcs: net:u_riscv_top/CSR_Register/_1408_ net:u_riscv_top/CSR_Register/_1415_
	bbox = (548.2500, 472.4900) - (548.3500, 472.5100) on Layer M2
violation type: Metal Spacing
	srcs: net:u_riscv_top/CSR_Register/_1408_ net:u_riscv_top/CSR_Register/_1415_
	bbox = (548.2500, 472.4900) - (548.3500, 472.5500) on Layer M2
violation type: Metal Spacing
	srcs: net:imem_addr[20]
	bbox = (549.0500, 447.0900) - (549.1500, 447.1700) on Layer M2
violation type: Metal Spacing
	srcs: net:u_data_mem/_35566_ net:VDD
	bbox = (550.8500, 991.9000) - (550.9500, 991.9100) on Layer M2
violation type: Metal Spacing
	srcs: net:u_riscv_top/pipeline_reg1/_0854_ net:VDD
	bbox = (554.0500, 142.0900) - (554.1500, 142.1000) on Layer M2
violation type: Metal Spacing
	srcs: net:u_riscv_top/fwdA[0] net:u_riscv_top/muxA1[31]
	bbox = (557.2500, 290.6900) - (557.3500, 290.7100) on Layer M2
violation type: Metal Spacing
	srcs: net:u_riscv_top/fwdA[0] net:u_riscv_top/muxA1[31]
	bbox = (557.2500, 290.6900) - (557.3500, 290.7500) on Layer M2
violation type: Metal Spacing
	srcs: net:u_data_mem/bank2\[25\][11] net:VDD
	bbox = (557.8500, 761.5000) - (557.9500, 761.5700) on Layer M2
violation type: Metal Spacing
	srcs: net:mem_wdata[29] net:u_data_mem/_35750_
	bbox = (559.2500, 879.0500) - (559.3500, 879.1100) on Layer M2
violation type: Metal Spacing
	srcs: net:u_data_mem/_18807_ net:VDD
	bbox = (562.0500, 930.4300) - (562.1500, 930.5000) on Layer M2
violation type: Metal Spacing
	srcs: net:VSS net:clknet_10_860__leaf_clk
	bbox = (563.4500, 720.1000) - (563.5500, 720.1100) on Layer M2
violation type: Metal Spacing
	srcs: net:u_riscv_top/u_bridge_div_to_core/_061_ net:VSS
	bbox = (567.0500, 280.6900) - (567.1500, 280.7000) on Layer M2
violation type: Metal Spacing
	srcs: net:u_riscv_top/u_bridge_div_to_core/data_hold[1] net:VSS
	bbox = (567.4500, 280.6900) - (567.5500, 280.7000) on Layer M2
violation type: Metal Spacing
	srcs: net:u_riscv_top/div_result_md[1] net:u_riscv_top/u_bridge_div_to_core/_061_
	bbox = (568.2500, 279.8500) - (568.3500, 279.9100) on Layer M2
violation type: Metal Spacing
	srcs: net:u_data_mem/_36093_ net:VSS
	bbox = (569.0500, 550.6900) - (569.1500, 550.7000) on Layer M2
violation type: Metal Spacing
	srcs: net:u_data_mem/_35544_ net:u_data_mem/_36745_
	bbox = (570.6500, 572.8500) - (570.7500, 572.8800) on Layer M2
violation type: Metal Spacing
	srcs: net:u_riscv_top/CSR_Register/_1536_ net:u_riscv_top/CSR_Register/_1537_
	bbox = (571.8500, 501.2500) - (571.9500, 501.3100) on Layer M2
violation type: Metal Spacing
	srcs: net:rst net:u_riscv_top/pipeline_register3/_190_
	bbox = (571.8500, 527.8500) - (571.9500, 527.9100) on Layer M2
violation type: Metal Spacing
	srcs: net:rst net:u_riscv_top/CSR_Register/_1536_
	bbox = (572.2500, 501.2900) - (572.3500, 501.3500) on Layer M2
violation type: Metal Spacing
	srcs: net:u_riscv_top/mux3/_0725_ net:VDD
	bbox = (572.8500, 437.5000) - (572.9500, 437.5100) on Layer M2
violation type: Metal Spacing
	srcs: net:u_data_mem/_41039_ net:clknet_10_418__leaf_clk
	bbox = (572.8500, 681.3200) - (572.9500, 681.3500) on Layer M2
violation type: Metal Spacing
	srcs: net:u_data_mem/bank3\[38\][30] net:VSS
	bbox = (585.0500, 853.0900) - (585.1500, 853.1000) on Layer M2
violation type: Metal Spacing
	srcs: net:u_data_mem/_36895_ net:u_data_mem/_36913_
	bbox = (585.8500, 636.6500) - (585.9500, 636.7100) on Layer M2
violation type: Metal Spacing
	srcs: net:u_data_mem/_36881_ net:u_data_mem/_36904_
	bbox = (586.0500, 635.8500) - (586.1500, 635.9100) on Layer M2
violation type: Metal Spacing
	srcs: net:u_riscv_top/pipeline_register3/_186_ net:u_riscv_top/pipeline_register3/_187_
	bbox = (586.2500, 510.6900) - (586.3500, 510.7500) on Layer M2
violation type: Metal Spacing
	srcs: net:u_riscv_top/AluSrcB[0] net:u_riscv_top/mux3/_0750_
	bbox = (586.8500, 438.6900) - (586.9500, 438.7500) on Layer M2
violation type: Metal Spacing
	srcs: net:u_riscv_top/pipeline_register3/_030_ net:u_riscv_top/pipeline_register3/_187_
	bbox = (587.0500, 510.6900) - (587.1500, 510.7500) on Layer M2
violation type: Metal Spacing
	srcs: net:u_riscv_top/mux3/_0696_ net:VSS
	bbox = (587.2500, 439.0900) - (587.3500, 439.1000) on Layer M2
violation type: Metal Spacing
	srcs: net:u_riscv_top/stallF net:u_riscv_top/pipeline_register3/_030_
	bbox = (587.2500, 510.4900) - (587.3500, 510.5500) on Layer M2
violation type: Metal Spacing
	srcs: net:u_data_mem/_19129_ net:VDD
	bbox = (589.6500, 1013.5000) - (589.7500, 1013.5700) on Layer M2
violation type: Metal Spacing
	srcs: net:u_riscv_top/mux3/_0701_ net:VSS
	bbox = (592.0500, 439.0900) - (592.1500, 439.1000) on Layer M2
violation type: Metal Spacing
	srcs: net:u_riscv_top/ALU/alu/_2265_ net:u_riscv_top/ALU/alu/_2565_
	bbox = (595.6500, 362.6500) - (595.7500, 362.6800) on Layer M2
violation type: Metal Spacing
	srcs: net:u_data_mem/_37205_ net:u_data_mem/_37206_
	bbox = (599.0500, 794.8500) - (599.1500, 794.9100) on Layer M2
violation type: Metal Spacing
	srcs: net:u_data_mem/_37206_ net:VSS
	bbox = (599.0500, 795.4300) - (599.1500, 795.5000) on Layer M2
violation type: Metal Spacing
	srcs: net:u_riscv_top/muxB5[12] net:VSS
	bbox = (602.2500, 439.0900) - (602.3500, 439.1000) on Layer M2
violation type: Metal Spacing
	srcs: net:u_riscv_top/mux3/_0795_ net:VSS
	bbox = (603.0500, 446.5000) - (603.1500, 446.5700) on Layer M2
violation type: Metal Spacing
	srcs: net:u_riscv_top/ALU/alu/_1876_ net:u_riscv_top/ALU/alu/_2167_
	bbox = (604.6500, 425.8300) - (604.7500, 425.9100) on Layer M2
violation type: Metal Spacing
	srcs: net:u_data_mem/_35544_ net:u_data_mem/_36986_
	bbox = (605.4500, 864.8300) - (605.5500, 864.9100) on Layer M2
violation type: Metal Spacing
	srcs: net:u_riscv_top/ALU/alu/_2325_ net:VDD
	bbox = (607.4500, 376.0900) - (607.5500, 376.1000) on Layer M2
violation type: Metal Spacing
	srcs: net:mem_addr[1] net:u_data_mem/_40825_
	bbox = (609.2500, 630.8500) - (609.3500, 630.9100) on Layer M2
violation type: Metal Spacing
	srcs: net:rst net:u_riscv_top/pipeline_reg1/_0793_
	bbox = (611.0500, 515.2500) - (611.1500, 515.3100) on Layer M2
violation type: Metal Spacing
	srcs: net:u_data_mem/bank3\[52\][28] net:VDD
	bbox = (612.4500, 1013.5000) - (612.5500, 1013.5700) on Layer M2
violation type: Metal Spacing
	srcs: net:SrcB_sim_i[3] net:u_riscv_top/ALU/alu/_2663_
	bbox = (624.2500, 405.8900) - (624.3500, 405.9500) on Layer M2
violation type: Metal Spacing
	srcs: net:u_riscv_top/ALU/alu/_2291_ net:VDD
	bbox = (624.4500, 405.1000) - (624.5500, 405.1100) on Layer M2
violation type: Metal Spacing
	srcs: net:u_riscv_top/ALU/alu/_2291_ net:u_riscv_top/ALU/alu/_2663_
	bbox = (624.4500, 405.8900) - (624.5500, 405.9500) on Layer M2
violation type: Metal Spacing
	srcs: net:u_data_mem/_41367_ net:u_data_mem/_41369_
	bbox = (626.0500, 915.4900) - (626.1500, 915.5500) on Layer M2
violation type: Metal Spacing
	srcs: net:u_data_mem/bank3\[55\][29] net:VSS
	bbox = (626.0500, 961.0900) - (626.1500, 961.1000) on Layer M2
violation type: Metal Spacing
	srcs: net:u_riscv_top/ALU/alu/_2672_ net:u_riscv_top/ALU/alu/_2673_
	bbox = (627.0500, 408.0900) - (627.1500, 408.1500) on Layer M2
violation type: Metal Spacing
	srcs: net:u_riscv_top/CSR_Register/_1227_
	bbox = (627.6500, 472.6300) - (627.7500, 472.7100) on Layer M2
violation type: Metal Spacing
	srcs: net:u_riscv_top/fft/fft_core/_3118_ net:VDD
	bbox = (629.4500, 116.8900) - (629.5500, 116.9000) on Layer M2
violation type: Metal Spacing
	srcs: net:u_riscv_top/fft/fft_core/_3099_ net:VDD
	bbox = (629.8500, 116.8900) - (629.9500, 116.9000) on Layer M2
violation type: Metal Spacing
	srcs: net:u_riscv_top/fft/fft_core/_3117_ net:u_riscv_top/fft/fft_core/_3118_
	bbox = (629.8500, 127.0300) - (629.9500, 127.1100) on Layer M2
violation type: Metal Spacing
	srcs: net:u_riscv_top/ALU/alu/_2206_ net:u_riscv_top/ALU/alu/_2311_
	bbox = (630.8500, 373.4500) - (630.9500, 373.5100) on Layer M2
violation type: Metal Spacing
	srcs: net:u_riscv_top/ALU/alu/_2657_ net:u_riscv_top/ALU/alu/_2658_
	bbox = (631.6500, 395.0900) - (631.7500, 395.1500) on Layer M2
violation type: Metal Spacing
	srcs: net:u_riscv_top/CSR_Register/_1160_ net:VDD
	bbox = (636.0500, 520.0300) - (636.1500, 520.1000) on Layer M2
violation type: Metal Spacing
	srcs: net:u_riscv_top/fft/fft_core/_3327_ net:VDD
	bbox = (641.0500, 131.5000) - (641.1500, 131.5700) on Layer M2
violation type: Metal Spacing
	srcs: net:u_data_mem/_35720_ net:VDD
	bbox = (641.8500, 610.0300) - (641.9500, 610.1000) on Layer M2
violation type: Metal Spacing
	srcs: net:u_data_mem/_38368_ net:VSS
	bbox = (644.0500, 885.4900) - (644.1500, 885.5000) on Layer M2
violation type: Metal Spacing
	srcs: net:u_riscv_top/ALU/alu/_1894_ net:u_riscv_top/ALU/alu/_2706_
	bbox = (645.0500, 425.8300) - (645.1500, 425.9100) on Layer M2
violation type: Metal Spacing
	srcs: net:u_riscv_top/fft/fft_core/_3062_ net:u_riscv_top/fft/fft_core/_3063_
	bbox = (651.2500, 195.0500) - (651.3500, 195.1100) on Layer M2
violation type: Metal Spacing
	srcs: net:u_data_mem/_39752_ net:u_data_mem/_39754_
	bbox = (652.8500, 785.4500) - (652.9500, 785.5100) on Layer M2
violation type: Metal Spacing
	srcs: net:u_riscv_top/ALU/alu/_1752_ net:u_riscv_top/ALU/alu/_2663_
	bbox = (664.0500, 389.4900) - (664.1500, 389.5500) on Layer M2
violation type: Metal Spacing
	srcs: net:u_riscv_top/CSR_Register/_0791_ net:VDD
	bbox = (671.6500, 516.4300) - (671.7500, 516.5000) on Layer M2
violation type: Metal Spacing
	srcs: net:u_riscv_top/ALU/alu/_2266_ net:VDD
	bbox = (679.6500, 379.6900) - (679.7500, 379.7000) on Layer M2
violation type: Metal Spacing
	srcs: net:u_riscv_top/ALU/alu/_1873_ net:u_riscv_top/ALU/alu/_1961_
	bbox = (681.2500, 411.2900) - (681.3500, 411.3500) on Layer M2
violation type: Metal Spacing
	srcs: net:u_riscv_top/ALU/alu/_1937_ net:u_riscv_top/ALU/alu/_2100_
	bbox = (682.2500, 411.6500) - (682.3500, 411.7100) on Layer M2
violation type: Metal Spacing
	srcs: net:AluControl_sim_i[0] net:u_riscv_top/ALU/alu/_2097_
	bbox = (682.4500, 411.0500) - (682.5500, 411.1100) on Layer M2
violation type: Metal Spacing
	srcs: net:u_data_mem/_38920_ net:VDD
	bbox = (686.8500, 962.8300) - (686.9500, 962.9000) on Layer M2
violation type: Metal Spacing
	srcs: net:u_riscv_top/pipeline_reg1/_0804_ net:VDD
	bbox = (689.6500, 412.0900) - (689.7500, 412.1000) on Layer M2
violation type: Metal Spacing
	srcs: net:u_riscv_top/mux3/_0703_ net:u_riscv_top/mux3/_0805_
	bbox = (691.0500, 412.8500) - (691.1500, 412.9100) on Layer M2
violation type: Metal Spacing
	srcs: net:u_riscv_top/CSR_Register/_1603_ net:u_riscv_top/CSR_Register/net1274
	bbox = (691.2500, 502.8500) - (691.3500, 502.9100) on Layer M2
violation type: Metal Spacing
	srcs: net:u_riscv_top/mux3/_0699_ net:VDD
	bbox = (700.2500, 412.3000) - (700.3500, 412.3100) on Layer M2
violation type: Metal Spacing
	srcs: net:u_riscv_top/mux3/_0705_ net:VSS
	bbox = (705.4500, 413.8900) - (705.5500, 413.9000) on Layer M2
violation type: Metal Spacing
	srcs: net:u_riscv_top/mux3/_0779_ net:VDD
	bbox = (707.6500, 412.3000) - (707.7500, 412.3100) on Layer M2
violation type: Metal Spacing
	srcs: net:u_riscv_top/divider/_1381_ net:VDD
	bbox = (713.0500, 300.4300) - (713.1500, 300.5000) on Layer M2
violation type: Metal Spacing
	srcs: net:VSS net:u_riscv_top/controller/net2298
	bbox = (737.8500, 442.6900) - (737.9500, 442.7000) on Layer M2
violation type: Metal Spacing
	srcs: net:u_riscv_top/controller/state[0] net:VSS
	bbox = (753.8500, 413.8900) - (753.9500, 413.9000) on Layer M2
violation type: Metal Spacing
	srcs: net:u_riscv_top/TICK net:u_riscv_top/controller/_1089_
	bbox = (754.8500, 440.2500) - (754.9500, 440.3100) on Layer M2
violation type: Metal Spacing
	srcs: net:u_riscv_top/controller/_1158_ net:u_riscv_top/controller/_1160_
	bbox = (757.0500, 426.1200) - (757.1500, 426.1500) on Layer M2
violation type: Metal Spacing
	srcs: net:imem/_2461_ net:VDD
	bbox = (856.2500, 383.5000) - (856.3500, 383.5700) on Layer M2
violation type: Metal Spacing
	srcs: net:u_riscv_top/controller/_1322_ net:VSS
	bbox = (972.8500, 298.6900) - (972.9500, 298.7000) on Layer M2
violation type: Metal Spacing
	srcs: net:u_riscv_top/controller/_1021_ net:VSS
	bbox = (973.2500, 298.6900) - (973.3500, 298.7000) on Layer M2
violation type: Metal Spacing
	srcs: net:u_riscv_top/H/_153_ net:VSS
	bbox = (992.8500, 511.3000) - (992.9500, 511.3700) on Layer M2
violation type: Metal Spacing
	srcs: net:VDD net:u_riscv_top/controller/net776
	bbox = (1002.8500, 523.6900) - (1002.9500, 523.7000) on Layer M2
violation type: Metal Spacing
	srcs: net:i_ex[28] net:rst
	bbox = (1009.4500, 492.6900) - (1009.5500, 492.7500) on Layer M2
violation type: Metal Spacing
	srcs: net:prdata_gpio_p[26] net:u_gpio/_0888_
	bbox = (125.5500, 551.1500) - (125.6100, 551.2500) on Layer M3
violation type: Metal Spacing
	srcs: net:pwdata_gpio_p[31] net:u_gpio/_1406_
	bbox = (155.5900, 465.1500) - (155.6100, 465.2500) on Layer M3
violation type: Metal Spacing
	srcs: net:u_data_mem/_40538_ net:VDD
	bbox = (155.7600, 854.9500) - (155.8500, 855.0500) on Layer M3
violation type: Metal Spacing
	srcs: net:u_data_mem/_35546_ net:u_data_mem/bank1\[18\][17]
	bbox = (177.9900, 683.1500) - (178.0700, 683.2500) on Layer M3
violation type: Metal Spacing
	srcs: net:u_data_mem/_18187_ net:u_data_mem/_41226_
	bbox = (194.7500, 821.7500) - (194.8100, 821.8500) on Layer M3
violation type: Metal Spacing
	srcs: net:u_data_mem/_23274_ net:VDD
	bbox = (205.1500, 847.7500) - (205.2400, 847.8500) on Layer M3
violation type: Metal Spacing
	srcs: net:u_data_mem/_35549_ net:u_data_mem/_37439_
	bbox = (224.3500, 951.1500) - (224.4100, 951.2500) on Layer M3
violation type: Metal Spacing
	srcs: net:u_data_mem/_23426_ net:u_data_mem/_41166_
	bbox = (232.7900, 488.1500) - (232.8100, 488.2500) on Layer M3
violation type: Metal Spacing
	srcs: net:u_data_mem/_18332_ net:u_data_mem/_35532_
	bbox = (237.0500, 742.5500) - (237.0700, 742.6500) on Layer M3
violation type: Metal Spacing
	srcs: net:u_data_mem/_19520_ net:u_data_mem/_35630_
	bbox = (237.3900, 924.7500) - (237.4500, 924.8500) on Layer M3
violation type: Metal Spacing
	srcs: net:u_data_mem/_41221_ net:VDD
	bbox = (245.1500, 674.9500) - (245.2400, 675.0500) on Layer M3
violation type: Metal Spacing
	srcs: net:u_data_mem/_22152_ net:u_data_mem/_41010_
	bbox = (260.3900, 902.1500) - (260.4100, 902.2500) on Layer M3
violation type: Metal Spacing
	srcs: net:u_data_mem/_22152_ net:u_data_mem/_41010_
	bbox = (260.3900, 902.1500) - (260.4500, 902.2500) on Layer M3
violation type: Metal Spacing
	srcs: net:u_data_mem/_26189_ net:VSS
	bbox = (270.7600, 604.7500) - (270.8500, 604.8500) on Layer M3
violation type: Metal Spacing
	srcs: net:u_data_mem/_40944_ net:VDD
	bbox = (275.7600, 595.7500) - (275.8500, 595.8500) on Layer M3
violation type: Metal Spacing
	srcs: net:wb_data_sim[4] net:u_data_mem/_35551_
	bbox = (278.1900, 524.1500) - (278.2500, 524.2500) on Layer M3
violation type: Metal Spacing
	srcs: net:u_data_mem/_39627_ net:clknet_2_2_0_clk
	bbox = (280.2100, 609.6500) - (280.3900, 609.7500) on Layer M3
violation type: Metal Spacing
	srcs: net:u_data_mem/_39627_ net:clknet_2_2_0_clk
	bbox = (280.2500, 609.6500) - (280.3500, 609.7500) on Layer M3
violation type: Metal Spacing
	srcs: net:mem_addr[2] net:u_data_mem/_23751_
	bbox = (284.5300, 596.1500) - (284.6100, 596.2500) on Layer M3
violation type: Metal Spacing
	srcs: net:u_data_mem/_23767_ net:u_data_mem/_35533_
	bbox = (285.3500, 495.9500) - (285.4100, 496.0500) on Layer M3
violation type: Metal Spacing
	srcs: net:u_data_mem/_23767_ net:u_data_mem/_35533_
	bbox = (285.3900, 495.9500) - (285.4100, 496.0500) on Layer M3
violation type: Metal Spacing
	srcs: net:u_data_mem/_41092_ net:VDD
	bbox = (285.7600, 926.9500) - (285.8500, 927.0500) on Layer M3
violation type: Metal Spacing
	srcs: net:u_data_mem/_40116_ net:u_data_mem/bank1\[56\][4]
	bbox = (286.5300, 728.1500) - (286.6100, 728.2500) on Layer M3
violation type: Metal Spacing
	srcs: net:u_data_mem/_40947_ net:u_data_mem/_41259_
	bbox = (291.5900, 726.3500) - (291.6500, 726.4500) on Layer M3
violation type: Metal Spacing
	srcs: net:u_data_mem/_39178_ net:VSS
	bbox = (300.1900, 881.9500) - (300.2400, 882.0500) on Layer M3
violation type: Metal Spacing
	srcs: net:u_data_mem/_38723_ net:u_data_mem/_41201_
	bbox = (308.5500, 603.7500) - (308.6100, 603.8500) on Layer M3
violation type: Metal Spacing
	srcs: net:apb_rdata[19] net:VSS
	bbox = (310.7600, 493.1500) - (310.8500, 493.2500) on Layer M3
violation type: Metal Spacing
	srcs: net:u_data_mem/_35551_ net:u_data_mem/bank1\[8\][5]
	bbox = (320.9500, 487.3500) - (321.0100, 487.4500) on Layer M3
violation type: Metal Spacing
	srcs: net:mem_addr[2] net:u_data_mem/bank1\[54\][12]
	bbox = (324.1900, 798.3500) - (324.2100, 798.4500) on Layer M3
violation type: Metal Spacing
	srcs: net:VSS net:u_riscv_top/u_bridge_core_to_fp_add/net1501
	bbox = (340.7600, 424.7500) - (340.8500, 424.8500) on Layer M3
violation type: Metal Spacing
	srcs: net:u_data_mem/_18353_ net:u_data_mem/_35549_
	bbox = (341.9900, 790.7500) - (342.0500, 790.8500) on Layer M3
violation type: Metal Spacing
	srcs: net:A2_sim[2] net:A3_sim[0]
	bbox = (342.0500, 90.9500) - (342.0700, 91.0500) on Layer M3
violation type: Metal Spacing
	srcs: net:u_riscv_top/register_file/_08050_ net:u_riscv_top/register_file/_08572_
	bbox = (343.1500, 90.7500) - (343.2100, 90.8500) on Layer M3
violation type: Metal Spacing
	srcs: net:u_riscv_top/register_file/regfile\[24\][28] net:VSS
	bbox = (350.7600, 104.3500) - (350.8500, 104.4500) on Layer M3
violation type: Metal Spacing
	srcs: net:u_data_mem/_39449_ net:u_data_mem/_41088_
	bbox = (359.7900, 936.3500) - (359.8500, 936.4500) on Layer M3
violation type: Metal Spacing
	srcs: net:u_data_mem/_24800_ net:VDD
	bbox = (365.1500, 595.7500) - (365.2400, 595.8500) on Layer M3
violation type: Metal Spacing
	srcs: net:u_riscv_top/register_file/_08050_ net:u_riscv_top/register_file/_10527_
	bbox = (365.9900, 257.5500) - (366.0500, 257.6500) on Layer M3
violation type: Metal Spacing
	srcs: net:riscv_addr[5] net:riscv_addr[9]
	bbox = (368.7500, 423.9500) - (368.8100, 424.0500) on Layer M3
violation type: Metal Spacing
	srcs: net:u_riscv_top/FP_Adder/_1300_ net:VSS
	bbox = (370.7600, 442.7500) - (370.8500, 442.8500) on Layer M3
violation type: Metal Spacing
	srcs: net:mem_addr[0] net:u_data_mem/_41134_
	bbox = (371.5900, 528.3500) - (371.6100, 528.4500) on Layer M3
violation type: Metal Spacing
	srcs: net:apb_addr[18] net:u_data_mem/_35549_
	bbox = (376.7500, 521.5500) - (376.8100, 521.6500) on Layer M3
violation type: Metal Spacing
	srcs: net:u_riscv_top/mux5/_230_ net:u_riscv_top/mux5/_231_
	bbox = (378.7900, 504.7500) - (378.8100, 504.8500) on Layer M3
violation type: Metal Spacing
	srcs: net:u_riscv_top/register_file/regfile\[10\][12] net:u_riscv_top/register_file/regfile\[14\][12]
	bbox = (380.3900, 81.3500) - (380.4500, 81.4500) on Layer M3
violation type: Metal Spacing
	srcs: net:u_riscv_top/register_file/_06197_ net:u_riscv_top/register_file/_07223_
	bbox = (383.5900, 83.7500) - (383.6500, 83.8500) on Layer M3
violation type: Metal Spacing
	srcs: net:u_riscv_top/register_file/_06197_ net:u_riscv_top/register_file/_07223_
	bbox = (383.7500, 83.5500) - (383.8100, 83.6500) on Layer M3
violation type: Metal Spacing
	srcs: net:u_data_mem/_35546_
	bbox = (383.9500, 869.7500) - (384.0100, 869.8500) on Layer M3
violation type: Metal Spacing
	srcs: net:mem_wdata[22] net:wb_data_sim[1]
	bbox = (383.9900, 493.5500) - (384.0500, 493.6500) on Layer M3
violation type: Metal Spacing
	srcs: net:mem_wdata[28]
	bbox = (383.9900, 677.1500) - (384.0100, 677.2500) on Layer M3
violation type: Metal Spacing
	srcs: net:u_riscv_top/mux5/_229_ net:net204
	bbox = (384.8200, 494.3500) - (384.8500, 494.4500) on Layer M3
violation type: Metal Spacing
	srcs: net:u_riscv_top/register_file/_08050_ net:VDD
	bbox = (385.1500, 170.9500) - (385.2400, 171.0500) on Layer M3
violation type: Metal Spacing
	srcs: net:u_riscv_top/h2[20] net:VDD
	bbox = (385.7600, 422.9500) - (385.8500, 423.0500) on Layer M3
violation type: Metal Spacing
	srcs: net:u_riscv_top/register_file/_07223_ net:u_riscv_top/register_file/_10518_
	bbox = (387.3500, 106.7500) - (387.4100, 106.8500) on Layer M3
violation type: Metal Spacing
	srcs: net:u_riscv_top/h2[20] net:VDD
	bbox = (395.7600, 422.9500) - (395.8500, 423.0500) on Layer M3
violation type: Metal Spacing
	srcs: net:u_riscv_top/mux5/_231_ net:VSS
	bbox = (400.1500, 493.1500) - (400.2400, 493.2500) on Layer M3
violation type: Metal Spacing
	srcs: net:u_riscv_top/TICK net:u_riscv_top/stallF
	bbox = (402.1900, 512.3500) - (402.2100, 512.4500) on Layer M3
violation type: Metal Spacing
	srcs: net:mem_wdata[12] net:u_data_mem/_41101_
	bbox = (404.7500, 679.9500) - (404.8100, 680.0500) on Layer M3
violation type: Metal Spacing
	srcs: net:u_riscv_top/register_file/_09660_ net:u_riscv_top/register_file/regfile\[10\][23]
	bbox = (404.9500, 165.1500) - (405.0100, 165.2500) on Layer M3
violation type: Metal Spacing
	srcs: net:u_riscv_top/register_file/_09660_ net:u_riscv_top/register_file/regfile\[10\][23]
	bbox = (404.9900, 165.1500) - (405.0100, 165.2500) on Layer M3
violation type: Metal Spacing
	srcs: net:u_riscv_top/mux5/_230_ net:VDD
	bbox = (405.7600, 509.3500) - (405.8500, 509.4500) on Layer M3
violation type: Metal Spacing
	srcs: net:RD1_sim[22] net:u_riscv_top/register_file/_07222_
	bbox = (406.5500, 26.1500) - (406.6100, 26.2500) on Layer M3
violation type: Metal Spacing
	srcs: net:u_riscv_top/register_file/_06193_ net:u_riscv_top/register_file/_08548_
	bbox = (417.3500, 89.5500) - (417.4100, 89.6500) on Layer M3
violation type: Metal Spacing
	srcs: net:VSS net:u_riscv_top/register_file/net2451
	bbox = (420.7600, 133.1500) - (420.8500, 133.2500) on Layer M3
violation type: Metal Spacing
	srcs: net:u_data_mem/bank2\[34\][30] net:VDD
	bbox = (425.1500, 746.9500) - (425.2400, 747.0500) on Layer M3
violation type: Metal Spacing
	srcs: net:u_data_mem/_35551_ net:u_data_mem/bank2\[38\][20]
	bbox = (426.0500, 711.9500) - (426.0700, 712.0500) on Layer M3
violation type: Metal Spacing
	srcs: net:u_data_mem/_35551_ net:u_data_mem/bank2\[38\][20]
	bbox = (426.5900, 711.9500) - (426.6500, 712.0500) on Layer M3
violation type: Metal Spacing
	srcs: net:u_riscv_top/register_file/_08942_ net:u_riscv_top/register_file/_08948_
	bbox = (435.1900, 121.1500) - (435.2100, 121.2500) on Layer M3
violation type: Metal Spacing
	srcs: net:u_riscv_top/register_file/regfile\[12\][30] net:u_riscv_top/register_file/regfile\[8\][30]
	bbox = (435.3900, 65.5500) - (435.4700, 65.6500) on Layer M3
violation type: Metal Spacing
	srcs: net:RD2_sim[17] net:VDD
	bbox = (435.7600, 199.7500) - (435.8500, 199.8500) on Layer M3
violation type: Metal Spacing
	srcs: net:u_riscv_top/register_file/_08050_ net:u_riscv_top/register_file/_08357_
	bbox = (437.5500, 195.5500) - (437.6100, 195.6500) on Layer M3
violation type: Metal Spacing
	srcs: net:u_data_mem/_38444_ net:u_data_mem/bank2\[41\][14]
	bbox = (439.5300, 524.9500) - (439.6100, 525.0500) on Layer M3
violation type: Metal Spacing
	srcs: net:apb_addr[17] net:u_riscv_top/CSR_Data_out[12]
	bbox = (440.9900, 496.9500) - (441.0500, 497.0500) on Layer M3
violation type: Metal Spacing
	srcs: net:u_data_mem/_39718_ net:u_data_mem/bank3\[3\][6]
	bbox = (441.1900, 803.9500) - (441.2100, 804.0500) on Layer M3
violation type: Metal Spacing
	srcs: net:u_data_mem/_39718_ net:u_data_mem/bank3\[3\][6]
	bbox = (441.1900, 803.9500) - (441.2500, 804.0500) on Layer M3
violation type: Metal Spacing
	srcs: net:u_data_mem/_35531_ net:u_data_mem/_39327_
	bbox = (441.9900, 907.5500) - (442.0500, 907.6500) on Layer M3
violation type: Metal Spacing
	srcs: net:u_riscv_top/register_file/_09681_ net:u_riscv_top/register_file/_09688_
	bbox = (443.9300, 29.9500) - (444.0100, 30.0500) on Layer M3
violation type: Metal Spacing
	srcs: net:VDD net:u_riscv_top/net599
	bbox = (445.1500, 523.7500) - (445.2400, 523.8500) on Layer M3
violation type: Metal Spacing
	srcs: net:u_riscv_top/mux5/_229_ net:VDD
	bbox = (445.7600, 509.3500) - (445.8500, 509.4500) on Layer M3
violation type: Metal Spacing
	srcs: net:u_riscv_top/register_file/_10510_ net:u_riscv_top/register_file/_10516_
	bbox = (451.5500, 100.9500) - (451.6100, 101.0500) on Layer M3
violation type: Metal Spacing
	srcs: net:A5_sim[3] net:u_riscv_top/register_file/_10483_
	bbox = (458.7900, 110.7500) - (458.8500, 110.8500) on Layer M3
violation type: Metal Spacing
	srcs: net:u_data_mem/_39057_ net:VSS
	bbox = (460.7600, 1000.7500) - (460.8500, 1000.8500) on Layer M3
violation type: Metal Spacing
	srcs: net:u_data_mem/_41109_ net:VDD
	bbox = (465.1500, 775.7500) - (465.2400, 775.8500) on Layer M3
violation type: Metal Spacing
	srcs: net:u_data_mem/_18212_ net:u_data_mem/_36899_
	bbox = (465.5900, 673.5500) - (465.6500, 673.6500) on Layer M3
violation type: Metal Spacing
	srcs: net:u_riscv_top/register_file/_10322_ net:VDD
	bbox = (465.7600, 124.1500) - (465.8500, 124.2500) on Layer M3
violation type: Metal Spacing
	srcs: net:u_data_mem/_41061_ net:u_data_mem/_41074_
	bbox = (466.1500, 747.1500) - (466.2100, 747.2500) on Layer M3
violation type: Metal Spacing
	srcs: net:u_data_mem/_19254_ net:u_data_mem/_41137_
	bbox = (467.5500, 898.5500) - (467.6100, 898.6500) on Layer M3
violation type: Metal Spacing
	srcs: net:RD3_sim[19] net:u_riscv_top/register_file/_06201_
	bbox = (467.9900, 198.7500) - (468.0500, 198.8500) on Layer M3
violation type: Metal Spacing
	srcs: net:u_data_mem/_41119_ net:VDD
	bbox = (475.1500, 656.9500) - (475.2400, 657.0500) on Layer M3
violation type: Metal Spacing
	srcs: net:u_riscv_top/register_file/_07222_ net:VDD
	bbox = (475.7600, 163.7500) - (475.8500, 163.8500) on Layer M3
violation type: Metal Spacing
	srcs: net:u_data_mem/_35547_ net:u_data_mem/_41194_
	bbox = (480.3500, 807.7500) - (480.4100, 807.8500) on Layer M3
violation type: Metal Spacing
	srcs: net:u_data_mem/_35583_ net:VSS
	bbox = (480.7600, 622.7500) - (480.8500, 622.8500) on Layer M3
violation type: Metal Spacing
	srcs: net:u_riscv_top/h1[22] net:u_riscv_top/u_bridge_core_to_fp_mul/net1591
	bbox = (488.7500, 430.5500) - (488.7800, 430.6500) on Layer M3
violation type: Metal Spacing
	srcs: net:WD5_sim[11] net:u_riscv_top/fp_mul_result_b[30]
	bbox = (489.1500, 315.3500) - (489.2100, 315.4500) on Layer M3
violation type: Metal Spacing
	srcs: net:u_riscv_top/register_file/_08982_ net:VSS
	bbox = (490.1500, 197.9500) - (490.2400, 198.0500) on Layer M3
violation type: Metal Spacing
	srcs: net:u_riscv_top/register_file/_06203_ net:VSS
	bbox = (490.7600, 197.9500) - (490.8500, 198.0500) on Layer M3
violation type: Metal Spacing
	srcs: net:u_riscv_top/register_file/regfile\[18\][7] net:u_riscv_top/register_file/regfile\[22\][7]
	bbox = (496.0200, 248.7500) - (496.0500, 248.8500) on Layer M3
violation type: Metal Spacing
	srcs: net:u_riscv_top/mux8_1/_604_ net:u_riscv_top/mux8_1/_677_
	bbox = (496.9900, 278.5500) - (497.0500, 278.6500) on Layer M3
violation type: Metal Spacing
	srcs: net:u_data_mem/_21899_ net:clknet_1_1_0_clk
	bbox = (497.8100, 730.0500) - (498.3300, 730.1500) on Layer M3
violation type: Metal Spacing
	srcs: net:u_riscv_top/register_file/regfile\[2\][2] net:VSS
	bbox = (500.1500, 64.7500) - (500.2400, 64.8500) on Layer M3
violation type: Metal Spacing
	srcs: net:u_riscv_top/net676 net:u_riscv_top/net1681
	bbox = (509.3900, 285.1500) - (509.4500, 285.2500) on Layer M3
violation type: Metal Spacing
	srcs: net:u_riscv_top/net676 net:u_riscv_top/net1681
	bbox = (509.5500, 284.9500) - (509.6100, 285.0500) on Layer M3
violation type: Metal Spacing
	srcs: net:RD1_sim[22] net:VSS
	bbox = (510.7600, 25.1500) - (510.8500, 25.2500) on Layer M3
violation type: Metal Spacing
	srcs: net:VSS net:u_riscv_top/net868
	bbox = (510.7600, 277.1500) - (510.8500, 277.2500) on Layer M3
violation type: Metal Spacing
	srcs: net:u_data_mem/_35613_ net:u_data_mem/_35615_
	bbox = (510.7900, 837.7500) - (510.8700, 837.8500) on Layer M3
violation type: Metal Spacing
	srcs: net:RD3_sim[29] net:u_riscv_top/register_file/_08082_
	bbox = (520.5500, 15.7500) - (520.6100, 15.8500) on Layer M3
violation type: Metal Spacing
	srcs: net:RD3_sim[29] net:u_riscv_top/register_file/_08082_
	bbox = (520.5900, 15.7500) - (520.6100, 15.8500) on Layer M3
violation type: Metal Spacing
	srcs: net:u_data_mem/_35573_ net:VSS
	bbox = (520.7600, 658.7500) - (520.8500, 658.8500) on Layer M3
violation type: Metal Spacing
	srcs: net:u_data_mem/_35819_ net:u_data_mem/_41042_
	bbox = (524.5900, 753.3500) - (524.6500, 753.4500) on Layer M3
violation type: Metal Spacing
	srcs: net:u_riscv_top/register_file/_06541_ net:u_riscv_top/register_file/net2453
	bbox = (524.7900, 16.3500) - (524.8500, 16.4500) on Layer M3
violation type: Metal Spacing
	srcs: net:u_riscv_top/register_file/_07225_ net:u_riscv_top/register_file/_10087_
	bbox = (524.7900, 253.5500) - (524.8500, 253.6500) on Layer M3
violation type: Metal Spacing
	srcs: net:WD5_sim[13] net:VDD
	bbox = (525.7600, 469.7500) - (525.8500, 469.8500) on Layer M3
violation type: Metal Spacing
	srcs: net:u_data_mem/_41203_ net:VSS
	bbox = (530.7600, 917.9500) - (530.8500, 918.0500) on Layer M3
violation type: Metal Spacing
	srcs: net:riscv_addr[1] net:u_riscv_top/u_bridge_div_to_core/data_hold[5]
	bbox = (531.7500, 305.3500) - (531.8100, 305.4500) on Layer M3
violation type: Metal Spacing
	srcs: net:u_riscv_top/register_file/regfile\[18\][15] net:u_riscv_top/register_file/regfile\[22\][15]
	bbox = (533.1500, 252.1500) - (533.2100, 252.2500) on Layer M3
violation type: Metal Spacing
	srcs: net:u_data_mem/_35549_ net:u_data_mem/bank2\[59\][4]
	bbox = (533.5300, 673.5500) - (533.6100, 673.6500) on Layer M3
violation type: Metal Spacing
	srcs: net:RD3_sim[3] net:u_riscv_top/register_file/_09662_
	bbox = (533.7500, 79.3500) - (533.8100, 79.4500) on Layer M3
violation type: Metal Spacing
	srcs: net:mem_wdata[3] net:VDD
	bbox = (535.7600, 664.1500) - (535.8500, 664.2500) on Layer M3
violation type: Metal Spacing
	srcs: net:u_riscv_top/register_file/_09660_ net:u_riscv_top/register_file/_10086_
	bbox = (538.1300, 258.3500) - (538.2100, 258.4500) on Layer M3
violation type: Metal Spacing
	srcs: net:u_data_mem/_41112_ net:VSS
	bbox = (540.1500, 611.9500) - (540.2400, 612.0500) on Layer M3
violation type: Metal Spacing
	srcs: net:u_data_mem/_39408_ net:VSS
	bbox = (540.7600, 820.7500) - (540.8500, 820.8500) on Layer M3
violation type: Metal Spacing
	srcs: net:RD2_sim[14] net:clknet_10_69__leaf_clk
	bbox = (541.7900, 47.3500) - (541.8500, 47.4500) on Layer M3
violation type: Metal Spacing
	srcs: net:u_data_mem/_38787_ net:u_data_mem/_41023_
	bbox = (541.9500, 676.9500) - (542.0100, 677.0500) on Layer M3
violation type: Metal Spacing
	srcs: net:u_data_mem/_18171_ net:u_data_mem/_40573_
	bbox = (544.1900, 918.3500) - (544.2500, 918.4500) on Layer M3
violation type: Metal Spacing
	srcs: net:VDD net:u_riscv_top/net869
	bbox = (545.7600, 278.9500) - (545.8500, 279.0500) on Layer M3
violation type: Metal Spacing
	srcs: net:u_riscv_top/CSR_Register/_1408_ net:u_riscv_top/CSR_Register/net175
	bbox = (546.7500, 472.9500) - (546.8100, 473.0500) on Layer M3
violation type: Metal Spacing
	srcs: net:RD1_sim[20] net:u_riscv_top/pipeline_reg1/_0861_
	bbox = (547.3300, 259.5500) - (547.4100, 259.6500) on Layer M3
violation type: Metal Spacing
	srcs: net:u_data_mem/_35533_ net:u_data_mem/_35546_
	bbox = (551.5900, 569.5500) - (551.6500, 569.6500) on Layer M3
violation type: Metal Spacing
	srcs: net:u_data_mem/_35601_ net:u_data_mem/_41048_
	bbox = (552.1900, 737.9500) - (552.2500, 738.0500) on Layer M3
violation type: Metal Spacing
	srcs: net:u_riscv_top/ALU/int_alu_result[8] net:VDD
	bbox = (555.1500, 361.7500) - (555.2400, 361.8500) on Layer M3
violation type: Metal Spacing
	srcs: net:u_riscv_top/CSR_Register/_1529_ net:u_riscv_top/CSR_Register/net2350
	bbox = (558.5500, 501.9500) - (558.6100, 502.0500) on Layer M3
violation type: Metal Spacing
	srcs: net:rst net:u_riscv_top/TICK
	bbox = (564.7500, 495.7500) - (564.8100, 495.8500) on Layer M3
violation type: Metal Spacing
	srcs: net:VDD net:net1895
	bbox = (565.7600, 412.1500) - (565.8500, 412.2500) on Layer M3
violation type: Metal Spacing
	srcs: net:VDD net:u_riscv_top/net2120
	bbox = (565.7600, 512.9500) - (565.8500, 513.0500) on Layer M3
violation type: Metal Spacing
	srcs: net:u_riscv_top/h1[9] net:u_riscv_top/ALU/alu/_1888_
	bbox = (568.3900, 402.7500) - (568.4500, 402.8500) on Layer M3
violation type: Metal Spacing
	srcs: net:u_riscv_top/TICK net:u_riscv_top/net43
	bbox = (573.1500, 528.1500) - (573.2100, 528.2500) on Layer M3
violation type: Metal Spacing
	srcs: net:mem_wdata[2] net:u_data_mem/_35537_
	bbox = (573.4200, 880.9500) - (573.4500, 881.0500) on Layer M3
violation type: Metal Spacing
	srcs: net:u_data_mem/_35532_ net:clknet_10_507__leaf_clk
	bbox = (577.5900, 541.5500) - (577.6500, 541.6500) on Layer M3
violation type: Metal Spacing
	srcs: net:u_riscv_top/CSR_Register/_1140_ net:u_riscv_top/CSR_Register/net1080
	bbox = (577.9500, 477.9500) - (578.0100, 478.0500) on Layer M3
violation type: Metal Spacing
	srcs: net:u_data_mem/_37913_ net:VSS
	bbox = (580.7600, 694.7500) - (580.8500, 694.8500) on Layer M3
violation type: Metal Spacing
	srcs: net:u_riscv_top/mux8_1/_660_ net:VDD
	bbox = (585.7600, 289.7500) - (585.8500, 289.8500) on Layer M3
violation type: Metal Spacing
	srcs: net:u_data_mem/_21906_ net:VDD
	bbox = (585.7600, 700.1500) - (585.8500, 700.2500) on Layer M3
violation type: Metal Spacing
	srcs: net:SrcA_sim_i[19] net:u_riscv_top/ALU/alu/_2586_
	bbox = (589.1900, 370.3500) - (589.2700, 370.4500) on Layer M3
violation type: Metal Spacing
	srcs: net:mem_wdata[20] net:u_data_mem/bank3\[32\][15]
	bbox = (591.1300, 906.7500) - (591.2100, 906.8500) on Layer M3
violation type: Metal Spacing
	srcs: net:u_data_mem/_41142_
	bbox = (593.9900, 951.7500) - (594.0100, 951.8500) on Layer M3
violation type: Metal Spacing
	srcs: net:u_data_mem/_35542_ net:VDD
	bbox = (595.7600, 793.7500) - (595.8500, 793.8500) on Layer M3
violation type: Metal Spacing
	srcs: net:u_riscv_top/CSR_Register/_1416_ net:u_riscv_top/CSR_Register/net1224
	bbox = (596.1900, 502.7500) - (596.2500, 502.8500) on Layer M3
violation type: Metal Spacing
	srcs: net:u_data_mem/_35533_ net:u_data_mem/_38522_
	bbox = (614.1900, 952.9500) - (614.2700, 953.0500) on Layer M3
violation type: Metal Spacing
	srcs: net:u_riscv_top/ALU/alu/_2498_ net:VDD
	bbox = (615.1900, 386.9500) - (615.2400, 387.0500) on Layer M3
violation type: Metal Spacing
	srcs: net:u_riscv_top/ALU/alu/_2269_ net:u_riscv_top/ALU/alu/_2662_
	bbox = (618.9900, 414.3500) - (619.0500, 414.4500) on Layer M3
violation type: Metal Spacing
	srcs: net:u_riscv_top/ALU/alu/_2253_ net:u_riscv_top/ALU/alu/_2662_
	bbox = (619.1500, 414.7500) - (619.2100, 414.8500) on Layer M3
violation type: Metal Spacing
	srcs: net:u_riscv_top/ALU/alu/_2518_ net:u_riscv_top/ALU/alu/_2558_
	bbox = (623.9900, 352.1500) - (624.0100, 352.2500) on Layer M3
violation type: Metal Spacing
	srcs: net:u_data_mem/_35552_ net:u_data_mem/_40192_
	bbox = (635.7500, 978.9500) - (635.8100, 979.0500) on Layer M3
violation type: Metal Spacing
	srcs: net:u_riscv_top/CSR_Register/_1389_ net:VDD
	bbox = (655.1500, 502.1500) - (655.2400, 502.2500) on Layer M3
violation type: Metal Spacing
	srcs: net:u_riscv_top/CSR_Register/_1389_ net:u_riscv_top/CSR_Register/_1577_
	bbox = (656.9300, 502.7500) - (656.9500, 502.8500) on Layer M3
violation type: Metal Spacing
	srcs: net:u_riscv_top/pipeline_reg2/_0422_ net:u_riscv_top/pipeline_reg2/_0472_
	bbox = (676.9900, 502.5500) - (677.0500, 502.6500) on Layer M3
violation type: Metal Spacing
	srcs: net:u_riscv_top/mux3/_0696_ net:u_riscv_top/mux3/_0819_
	bbox = (699.5300, 413.5500) - (699.6100, 413.6500) on Layer M3
violation type: Metal Spacing
	srcs: net:imem/_2304_ net:VSS
	bbox = (960.7600, 385.1500) - (960.8500, 385.2500) on Layer M3
violation type: Metal Spacing
	srcs: net:i_mem[8] net:u_riscv_top/H/_153_
	bbox = (992.7500, 511.5500) - (992.7800, 511.6500) on Layer M3
violation type: Metal Spacing
	srcs: net:pwdata_gpio_p[14] net:u_gpio/_1557_
	bbox = (147.8500, 461.6500) - (147.9500, 461.7100) on Layer M4
violation type: Metal Spacing
	srcs: net:u_data_mem/_35544_ net:u_data_mem/bank0\[39\][27]
	bbox = (162.2500, 908.0900) - (162.3500, 908.1100) on Layer M4
violation type: Metal Spacing
	srcs: net:u_data_mem/_18368_ net:u_data_mem/_41218_
	bbox = (188.6500, 782.0900) - (188.7500, 782.1500) on Layer M4
violation type: Metal Spacing
	srcs: net:mem_wdata[18] net:u_data_mem/_37425_
	bbox = (215.8500, 951.8900) - (215.9500, 951.9100) on Layer M4
violation type: Metal Spacing
	srcs: net:u_data_mem/_41022_ net:u_data_mem/_41038_
	bbox = (266.2500, 762.6500) - (266.3500, 762.7100) on Layer M4
violation type: Metal Spacing
	srcs: net:u_data_mem/_40162_ net:u_data_mem/_41310_
	bbox = (288.4500, 719.2900) - (288.5500, 719.3500) on Layer M4
violation type: Metal Spacing
	srcs: net:mem_wdata[23] net:u_data_mem/_36021_
	bbox = (309.4500, 654.6900) - (309.5500, 654.7500) on Layer M4
violation type: Metal Spacing
	srcs: net:u_riscv_top/register_file/_08050_ net:u_riscv_top/register_file/_10611_
	bbox = (317.8500, 170.4500) - (317.9500, 170.5100) on Layer M4
violation type: Metal Spacing
	srcs: net:u_data_mem/_35567_ net:u_data_mem/bank1\[54\][12]
	bbox = (324.2500, 798.4500) - (324.3500, 798.5100) on Layer M4
violation type: Metal Spacing
	srcs: net:u_data_mem/_35539_ net:u_data_mem/bank1\[45\][28]
	bbox = (341.0500, 553.2900) - (341.1500, 553.3500) on Layer M4
violation type: Metal Spacing
	srcs: net:u_riscv_top/register_file/_07236_ net:u_riscv_top/register_file/_08852_
	bbox = (341.9500, 231.0500) - (341.9500, 231.1100) on Layer M4
violation type: Metal Spacing
	srcs: net:u_riscv_top/register_file/_07236_ net:u_riscv_top/register_file/_08852_
	bbox = (341.9500, 231.0900) - (341.9500, 231.1100) on Layer M4
violation type: Metal Spacing
	srcs: net:u_riscv_top/register_file/_07236_ net:u_riscv_top/register_file/_08852_
	bbox = (341.9500, 231.0900) - (341.9500, 231.1500) on Layer M4
violation type: Metal Spacing
	srcs: net:A2_sim[1] net:u_riscv_top/register_file/_07236_
	bbox = (341.9500, 231.2900) - (341.9500, 231.3100) on Layer M4
violation type: Metal Spacing
	srcs: net:u_data_mem/_35552_ net:u_data_mem/_35559_
	bbox = (386.0500, 825.4500) - (386.1500, 825.5100) on Layer M4
violation type: Metal Spacing
	srcs: net:u_riscv_top/register_file/regfile\[31\][18]
	bbox = (386.2500, 257.8900) - (386.3500, 257.9500) on Layer M4
violation type: Metal Spacing
	srcs: net:u_data_mem/_40980_ net:u_data_mem/_41115_
	bbox = (391.2500, 632.6900) - (391.3500, 632.7500) on Layer M4
violation type: Metal Spacing
	srcs: net:u_data_mem/_35582_ net:u_data_mem/_41098_
	bbox = (393.8500, 698.6500) - (393.9500, 698.6800) on Layer M4
violation type: Metal Spacing
	srcs: net:u_data_mem/_18145_ net:u_data_mem/_41162_
	bbox = (394.6500, 933.2500) - (394.7500, 933.3100) on Layer M4
violation type: Metal Spacing
	srcs: net:u_riscv_top/register_file/_08243_ net:u_riscv_top/register_file/net2417
	bbox = (403.8500, 173.6500) - (403.9500, 173.7100) on Layer M4
violation type: Metal Spacing
	srcs: net:u_riscv_top/register_file/_09662_ net:u_riscv_top/register_file/_09871_
	bbox = (404.2500, 171.6900) - (404.3500, 171.7500) on Layer M4
violation type: Metal Spacing
	srcs: net:u_riscv_top/FP_Adder/_1676_ net:u_riscv_top/FP_Adder/fracB[1]
	bbox = (414.0500, 404.2900) - (414.1500, 404.3500) on Layer M4
violation type: Metal Spacing
	srcs: net:u_riscv_top/h1[8] net:u_riscv_top/FP_Adder/fracA[10]
	bbox = (414.6500, 447.4500) - (414.7500, 447.5100) on Layer M4
violation type: Metal Spacing
	srcs: net:u_riscv_top/FP_Adder/fracA[5] net:u_riscv_top/register_file/net2405
	bbox = (416.2500, 405.8500) - (416.3500, 405.9100) on Layer M4
violation type: Metal Spacing
	srcs: net:mem_wdata[21] net:u_data_mem/_38341_
	bbox = (422.0500, 890.0900) - (422.1500, 890.1500) on Layer M4
violation type: Metal Spacing
	srcs: net:A2_sim[2] net:u_riscv_top/register_file/_10611_
	bbox = (431.0500, 54.4900) - (431.1500, 54.5500) on Layer M4
violation type: Metal Spacing
	srcs: net:u_riscv_top/register_file/_08050_ net:u_riscv_top/register_file/regfile\[4\][19]
	bbox = (437.6500, 195.4300) - (437.7500, 195.5100) on Layer M4
violation type: Metal Spacing
	srcs: net:u_riscv_top/register_file/_08941_ net:u_riscv_top/register_file/regfile\[10\][19]
	bbox = (457.0500, 195.3200) - (457.1500, 195.3500) on Layer M4
violation type: Metal Spacing
	srcs: net:u_riscv_top/register_file/_06190_ net:u_riscv_top/register_file/_10276_
	bbox = (484.4500, 258.6500) - (484.5500, 258.7100) on Layer M4
violation type: Metal Spacing
	srcs: net:u_riscv_top/register_file/_09775_ net:u_riscv_top/register_file/_10496_
	bbox = (484.8500, 195.0500) - (484.9500, 195.1100) on Layer M4
violation type: Metal Spacing
	srcs: net:u_riscv_top/register_file/_10501_ net:u_riscv_top/register_file/_10504_
	bbox = (508.0500, 80.6500) - (508.1500, 80.7100) on Layer M4
violation type: Metal Spacing
	srcs: net:RD1_sim[19] net:u_riscv_top/register_file/_09662_
	bbox = (512.4500, 195.4500) - (512.5500, 195.5100) on Layer M4
violation type: Metal Spacing
	srcs: net:mem_wdata[17] net:u_data_mem/_20827_
	bbox = (527.8500, 636.2500) - (527.9500, 636.3100) on Layer M4
violation type: Metal Spacing
	srcs: net:riscv_addr[9] net:u_riscv_top/FP_Mult/_1175_
	bbox = (528.2500, 384.6500) - (528.3500, 384.7100) on Layer M4
violation type: Metal Spacing
	srcs: net:RD3_sim[25] net:u_riscv_top/register_file/_10518_
	bbox = (539.6500, 106.6900) - (539.7500, 106.7500) on Layer M4
violation type: Metal Spacing
	srcs: net:RD3_sim[25] net:u_riscv_top/register_file/_10518_
	bbox = (539.6500, 114.2900) - (539.7500, 114.3500) on Layer M4
violation type: Metal Spacing
	srcs: net:RD3_sim[25] net:u_riscv_top/register_file/_10518_
	bbox = (539.6500, 124.6900) - (539.7500, 124.7500) on Layer M4
violation type: Metal Spacing
	srcs: net:u_data_mem/_39765_
	bbox = (541.6500, 845.8900) - (541.7500, 845.9500) on Layer M4
violation type: Metal Spacing
	srcs: net:rst net:u_data_mem/_18220_
	bbox = (546.4500, 615.6500) - (546.5500, 615.7100) on Layer M4
violation type: Metal Spacing
	srcs: net:u_riscv_top/net696 net:u_riscv_top/net889
	bbox = (546.8500, 312.4900) - (546.9500, 312.5500) on Layer M4
violation type: Metal Spacing
	srcs: net:riscv_addr[8] net:u_riscv_top/h2[11]
	bbox = (551.0500, 354.2500) - (551.1500, 354.3100) on Layer M4
violation type: Metal Spacing
	srcs: net:u_riscv_top/muxB0[11] net:u_riscv_top/muxB0[22]
	bbox = (551.2500, 297.6900) - (551.3500, 297.7500) on Layer M4
violation type: Metal Spacing
	srcs: net:u_riscv_top/h1[3] net:u_riscv_top/net814
	bbox = (553.8500, 300.0900) - (553.9500, 300.1500) on Layer M4
violation type: Metal Spacing
	srcs: net:u_riscv_top/h1[25] net:u_riscv_top/muxA1[18]
	bbox = (556.0500, 274.4900) - (556.1500, 274.5500) on Layer M4
violation type: Metal Spacing
	srcs: net:u_riscv_top/h1[19] net:u_riscv_top/h2[23]
	bbox = (559.8500, 349.8900) - (559.9500, 349.9500) on Layer M4
violation type: Metal Spacing
	srcs: net:u_riscv_top/h1[1] net:u_riscv_top/muxB0[28]
	bbox = (569.0500, 314.0900) - (569.1500, 314.1500) on Layer M4
violation type: Metal Spacing
	srcs: net:u_riscv_top/h2[8] net:u_riscv_top/ALU/alu/_2340_
	bbox = (596.8500, 362.6900) - (596.9500, 362.7500) on Layer M4
violation type: Metal Spacing
	srcs: net:u_riscv_top/ALU/alu/_2353_ net:u_riscv_top/ALU/alu/_2709_
	bbox = (641.4500, 384.6500) - (641.5500, 384.7100) on Layer M4
violation type: Metal Spacing
	srcs: net:u_riscv_top/ALU/alu/_1936_ net:u_riscv_top/ALU/alu/_2597_
	bbox = (645.8500, 362.2900) - (645.9500, 362.3500) on Layer M4
violation type: Cut Spacing
	srcs: net:u_gpio/_1387_ net:u_gpio/data_out_q[5]
	bbox = (154.3500, 513.9500) - (154.4500, 514.0500) on Layer VIA1
violation type: Cut Spacing
	srcs: net:u_data_mem/_35536_ net:u_data_mem/bank1\[25\][17]
	bbox = (173.5500, 740.7500) - (173.6500, 740.7500) on Layer VIA1
violation type: Cut Spacing
	srcs: net:mem_addr[0] net:u_data_mem/_35549_
	bbox = (207.7500, 598.5500) - (207.8500, 598.6500) on Layer VIA1
violation type: Cut Spacing
	srcs: net:mem_addr[0] net:u_data_mem/_35544_
	bbox = (210.5500, 846.9500) - (210.6500, 846.9500) on Layer VIA1
violation type: Cut Spacing
	srcs: net:u_data_mem/_39603_ net:u_data_mem/_39605_
	bbox = (231.7500, 702.7500) - (231.8500, 702.8500) on Layer VIA1
violation type: Cut Spacing
	srcs: net:mem_addr[0] net:u_data_mem/_35542_
	bbox = (231.7500, 722.6500) - (231.8500, 722.6500) on Layer VIA1
violation type: Cut Spacing
	srcs: net:u_riscv_top/multiplier/_07362_ net:u_riscv_top/multiplier/_09005_
	bbox = (232.5500, 373.5500) - (232.6500, 373.6500) on Layer VIA1
violation type: Cut Spacing
	srcs: net:mem_addr[0] net:u_data_mem/_35544_
	bbox = (256.9500, 863.0500) - (257.0500, 863.0500) on Layer VIA1
violation type: Cut Spacing
	srcs: net:u_data_mem/_35695_ net:u_data_mem/bank1\[12\][30]
	bbox = (277.7500, 510.1500) - (277.8500, 510.2500) on Layer VIA1
violation type: Cut Spacing
	srcs: net:u_data_mem/_23767_ net:u_data_mem/_41012_
	bbox = (285.1500, 495.9500) - (285.2500, 496.0500) on Layer VIA1
violation type: Cut Spacing
	srcs: net:u_data_mem/_23767_ net:u_data_mem/_35533_
	bbox = (285.3500, 495.9500) - (285.4500, 496.0500) on Layer VIA1
violation type: Cut Spacing
	srcs: net:A1_sim[0] net:u_riscv_top/register_file/regfile\[8\][10]
	bbox = (315.7500, 71.1500) - (315.8500, 71.2500) on Layer VIA1
violation type: Cut Spacing
	srcs: net:u_riscv_top/register_file/_08049_ net:u_riscv_top/register_file/_08050_
	bbox = (330.1500, 178.9500) - (330.2500, 179.0500) on Layer VIA1
violation type: Cut Spacing
	srcs: net:u_data_mem/_35542_ net:u_data_mem/bank1\[42\][24]
	bbox = (340.7500, 521.0500) - (340.8500, 521.0500) on Layer VIA1
violation type: Cut Spacing
	srcs: net:u_riscv_top/register_file/_07231_ net:u_riscv_top/register_file/_09884_
	bbox = (344.5500, 22.1500) - (344.6500, 22.2500) on Layer VIA1
violation type: Cut Spacing
	srcs: net:u_riscv_top/register_file/_08023_ net:u_riscv_top/register_file/_08025_
	bbox = (357.9500, 133.9500) - (358.0500, 134.0500) on Layer VIA1
violation type: Cut Spacing
	srcs: net:u_data_mem/_35567_ net:u_data_mem/_39163_
	bbox = (362.5500, 884.7500) - (362.6500, 884.8500) on Layer VIA1
violation type: Cut Spacing
	srcs: net:u_riscv_top/FP_Adder/expB[2] net:u_riscv_top/FP_Adder/expB[3]
	bbox = (367.5500, 364.3500) - (367.6500, 364.4500) on Layer VIA1
violation type: Cut Spacing
	srcs: net:u_riscv_top/FP_Adder/expB[3] net:u_riscv_top/FP_Adder/expB[4]
	bbox = (367.7500, 364.3500) - (367.8500, 364.4500) on Layer VIA1
violation type: Cut Spacing
	srcs: net:u_riscv_top/register_file/_08852_ net:u_riscv_top/register_file/_09136_
	bbox = (372.3500, 250.9500) - (372.4500, 251.0500) on Layer VIA1
violation type: Cut Spacing
	srcs: net:u_riscv_top/register_file/_07234_ net:u_riscv_top/register_file/_07236_
	bbox = (377.3500, 168.2500) - (377.4500, 168.2500) on Layer VIA1
violation type: Cut Spacing
	srcs: net:A2_sim[2] net:u_riscv_top/register_file/regfile\[25\][11]
	bbox = (381.5500, 101.6500) - (381.6500, 101.6500) on Layer VIA1
violation type: Cut Spacing
	srcs: net:u_data_mem/_35538_ net:u_data_mem/bank2\[37\][9]
	bbox = (401.3500, 755.1500) - (401.4500, 755.2500) on Layer VIA1
violation type: Cut Spacing
	srcs: net:mem_addr[0] net:u_data_mem/_35539_
	bbox = (401.5500, 747.9500) - (401.6500, 748.0500) on Layer VIA1
violation type: Cut Spacing
	srcs: net:A2_sim[0] net:u_riscv_top/register_file/regfile\[8\][11]
	bbox = (402.3500, 96.3500) - (402.4500, 96.4500) on Layer VIA1
violation type: Cut Spacing
	srcs: net:u_riscv_top/fp_add_req_data_b[42] net:u_riscv_top/FP_Adder/fracB[11]
	bbox = (405.5500, 460.0500) - (405.6500, 460.0500) on Layer VIA1
violation type: Cut Spacing
	srcs: net:u_data_mem/_18215_ net:u_data_mem/_20651_
	bbox = (424.5500, 594.7500) - (424.6500, 594.8500) on Layer VIA1
violation type: Cut Spacing
	srcs: net:u_data_mem/bank2\[33\][30] net:clknet_10_794__leaf_clk
	bbox = (424.9500, 745.9500) - (425.0500, 746.0500) on Layer VIA1
violation type: Cut Spacing
	srcs: net:u_data_mem/bank2\[32\][27] net:u_data_mem/bank2\[33\][27]
	bbox = (428.9500, 681.3500) - (429.0500, 681.4500) on Layer VIA1
violation type: Cut Spacing
	srcs: net:u_riscv_top/register_file/_07228_ net:u_riscv_top/register_file/_08947_
	bbox = (435.5500, 121.3500) - (435.6500, 121.4500) on Layer VIA1
violation type: Cut Spacing
	srcs: net:A3_sim[0] net:u_riscv_top/register_file/_08357_
	bbox = (436.9500, 195.1500) - (437.0500, 195.2500) on Layer VIA1
violation type: Cut Spacing
	srcs: net:A5_sim[3] net:u_riscv_top/register_file/_10488_
	bbox = (458.9500, 110.9500) - (459.0500, 111.0500) on Layer VIA1
violation type: Cut Spacing
	srcs: net:u_riscv_top/register_file/regfile\[12\][4] net:u_riscv_top/register_file/regfile\[8\][4]
	bbox = (463.9500, 150.2500) - (464.0500, 150.2500) on Layer VIA1
violation type: Cut Spacing
	srcs: net:u_data_mem/_36891_ net:u_data_mem/_36899_
	bbox = (465.5500, 673.9500) - (465.6500, 674.0500) on Layer VIA1
violation type: Cut Spacing
	srcs: net:mem_wdata[30] net:u_data_mem/_41094_
	bbox = (470.7500, 484.9500) - (470.8500, 485.0500) on Layer VIA1
violation type: Cut Spacing
	srcs: net:A2_sim[3] net:A3_sim[0]
	bbox = (488.1500, 123.3500) - (488.2500, 123.4500) on Layer VIA1
violation type: Cut Spacing
	srcs: net:u_riscv_top/register_file/_10262_ net:u_riscv_top/register_file/_10269_
	bbox = (493.7500, 222.3500) - (493.8500, 222.4500) on Layer VIA1
violation type: Cut Spacing
	srcs: net:u_riscv_top/register_file/_07234_ net:u_riscv_top/register_file/_07236_
	bbox = (495.9500, 249.3500) - (496.0500, 249.4500) on Layer VIA1
violation type: Cut Spacing
	srcs: net:u_riscv_top/register_file/regfile\[18\][7] net:u_riscv_top/register_file/regfile\[22\][7]
	bbox = (496.7500, 249.1500) - (496.8500, 249.2500) on Layer VIA1
violation type: Cut Spacing
	srcs: net:u_data_mem/_35546_ net:u_data_mem/_35549_
	bbox = (499.1500, 951.3500) - (499.2500, 951.4500) on Layer VIA1
violation type: Cut Spacing
	srcs: net:u_riscv_top/register_file/_10414_ net:u_riscv_top/register_file/regfile\[2\][2]
	bbox = (500.1500, 65.8500) - (500.2500, 65.8500) on Layer VIA1
violation type: Cut Spacing
	srcs: net:A3_sim[2] net:u_riscv_top/register_file/_07810_
	bbox = (500.3500, 137.7500) - (500.4500, 137.8500) on Layer VIA1
violation type: Cut Spacing
	srcs: net:u_data_mem/_40563_ net:u_data_mem/bank3\[42\][2]
	bbox = (500.5500, 951.1500) - (500.6500, 951.2500) on Layer VIA1
violation type: Cut Spacing
	srcs: net:AluResultSrc[1] net:u_riscv_top/mux8_1/_605_
	bbox = (513.7500, 281.7500) - (513.8500, 281.8500) on Layer VIA1
violation type: Cut Spacing
	srcs: net:u_riscv_top/register_file/_07232_ net:u_riscv_top/register_file/_09699_
	bbox = (525.5500, 24.3500) - (525.6500, 24.4500) on Layer VIA1
violation type: Cut Spacing
	srcs: net:u_riscv_top/CSR_Register/_1414_ net:u_riscv_top/CSR_Register/_1415_
	bbox = (533.7500, 486.9500) - (533.8500, 487.0500) on Layer VIA1
violation type: Cut Spacing
	srcs: net:u_data_mem/_35544_ net:u_data_mem/bank3\[47\][6]
	bbox = (535.1500, 972.9500) - (535.2500, 973.0500) on Layer VIA1
violation type: Cut Spacing
	srcs: net:u_riscv_top/register_file/_07792_ net:u_riscv_top/register_file/regfile\[18\][9]
	bbox = (538.3500, 137.5500) - (538.4500, 137.6500) on Layer VIA1
violation type: Cut Spacing
	srcs: net:u_riscv_top/pipeline_reg2/_0510_ net:u_riscv_top/pipeline_reg2/_0516_
	bbox = (539.7500, 432.8500) - (539.8500, 432.8500) on Layer VIA1
violation type: Cut Spacing
	srcs: net:u_riscv_top/CSR_Register/mtvec1[17] net:u_riscv_top/CSR_Register/net175
	bbox = (546.9500, 472.3500) - (547.0500, 472.4500) on Layer VIA1
violation type: Cut Spacing
	srcs: net:u_riscv_top/fwdA[0] net:u_riscv_top/muxA1[31]
	bbox = (557.1500, 290.5500) - (557.2500, 290.6500) on Layer VIA1
violation type: Cut Spacing
	srcs: net:u_data_mem/_18200_ net:u_data_mem/_20164_
	bbox = (560.3500, 533.5500) - (560.4500, 533.5500) on Layer VIA1
violation type: Cut Spacing
	srcs: net:u_riscv_top/ALU/alu/_1959_ net:u_riscv_top/ALU/alu/_2614_
	bbox = (560.9500, 404.1500) - (561.0500, 404.2500) on Layer VIA1
violation type: Cut Spacing
	srcs: net:u_riscv_top/TICK net:u_riscv_top/net17
	bbox = (565.7500, 495.8500) - (565.8500, 495.8500) on Layer VIA1
violation type: Cut Spacing
	srcs: net:mem_addr[0] net:u_data_mem/_35546_
	bbox = (567.5500, 933.3500) - (567.6500, 933.4500) on Layer VIA1
violation type: Cut Spacing
	srcs: net:rst net:u_riscv_top/CSR_Register/_1536_
	bbox = (572.3500, 501.1500) - (572.4500, 501.2500) on Layer VIA1
violation type: Cut Spacing
	srcs: net:u_riscv_top/u_bridge_div_to_core/_006_ net:u_riscv_top/net1971
	bbox = (578.3500, 279.9500) - (578.4500, 279.9500) on Layer VIA1
violation type: Cut Spacing
	srcs: net:u_riscv_top/AluSrcB[2] net:u_riscv_top/muxB6[20]
	bbox = (591.5500, 438.3500) - (591.6500, 438.4500) on Layer VIA1
violation type: Cut Spacing
	srcs: net:u_data_mem/_35539_ net:u_data_mem/_35546_
	bbox = (630.5500, 621.7500) - (630.6500, 621.8500) on Layer VIA1
violation type: Cut Spacing
	srcs: net:u_riscv_top/ALU/alu/_2657_ net:u_riscv_top/ALU/alu/_2658_
	bbox = (631.7500, 394.9500) - (631.8500, 395.0500) on Layer VIA1
violation type: Cut Spacing
	srcs: net:u_riscv_top/ALU/alu/_2097_ net:u_riscv_top/ALU/alu/_2100_
	bbox = (682.3500, 411.3500) - (682.4500, 411.3500) on Layer VIA1
violation type: Cut Spacing
	srcs: net:u_data_mem/_35537_ net:u_data_mem/_38576_
	bbox = (683.9500, 603.9500) - (684.0500, 604.0500) on Layer VIA1
violation type: Cut Spacing
	srcs: net:u_riscv_top/controller/_1103_ net:u_riscv_top/controller/_1115_
	bbox = (981.3500, 501.1500) - (981.4500, 501.2500) on Layer VIA1
violation type: Cut Spacing
	srcs: net:pwdata_gpio_p[31] net:u_gpio/_1406_
	bbox = (155.5500, 465.1500) - (155.6500, 465.2500) on Layer VIA2
violation type: Cut Spacing
	srcs: net:u_data_mem/_23426_ net:u_data_mem/_41166_
	bbox = (232.7500, 488.1500) - (232.8500, 488.2500) on Layer VIA2
violation type: Cut Spacing
	srcs: net:u_data_mem/_22152_ net:u_data_mem/_41010_
	bbox = (260.3500, 902.1500) - (260.4500, 902.2500) on Layer VIA2
violation type: Cut Spacing
	srcs: net:u_data_mem/_23767_ net:u_data_mem/_35533_
	bbox = (285.3500, 495.9500) - (285.4500, 496.0500) on Layer VIA2
violation type: Cut Spacing
	srcs: net:mem_addr[0] net:u_data_mem/_41134_
	bbox = (371.5500, 528.3500) - (371.6500, 528.4500) on Layer VIA2
violation type: Cut Spacing
	srcs: net:u_riscv_top/register_file/_09660_ net:u_riscv_top/register_file/regfile\[10\][23]
	bbox = (404.9500, 165.1500) - (405.0500, 165.2500) on Layer VIA2
violation type: Cut Spacing
	srcs: net:u_riscv_top/register_file/_08942_ net:u_riscv_top/register_file/_08948_
	bbox = (435.1500, 121.1500) - (435.2500, 121.2500) on Layer VIA2
violation type: Cut Spacing
	srcs: net:u_riscv_top/register_file/_07227_ net:u_riscv_top/register_file/_09490_
	bbox = (520.0500, 118.2500) - (520.1500, 118.3500) on Layer VIA2
violation type: Cut Spacing
	srcs: net:RD3_sim[29] net:u_riscv_top/register_file/_08082_
	bbox = (520.5500, 15.7500) - (520.6500, 15.8500) on Layer VIA2
violation type: Cut Spacing
	srcs: net:u_riscv_top/ALU/alu/_2518_ net:u_riscv_top/ALU/alu/_2558_
	bbox = (623.9500, 352.1500) - (624.0500, 352.2500) on Layer VIA2
violation type: Cut Spacing
	srcs: net:u_data_mem/_35544_ net:u_data_mem/bank0\[39\][27]
	bbox = (162.2500, 908.0500) - (162.3500, 908.1500) on Layer VIA3
violation type: Cut Spacing
	srcs: net:mem_wdata[18] net:u_data_mem/_37425_
	bbox = (215.8500, 951.8500) - (215.9500, 951.9500) on Layer VIA3
violation type: Cut Spacing
	srcs: net:A2_sim[1] net:u_riscv_top/register_file/_07236_
	bbox = (341.9500, 231.2500) - (341.9500, 231.3500) on Layer VIA3
violation type: Cut Spacing
	srcs: net:u_riscv_top/mux5/_230_ net:u_riscv_top/mux5/_231_
	bbox = (378.7500, 504.7500) - (378.8500, 504.8500) on Layer VIA3
violation type: Cut Spacing
	srcs: net:u_riscv_top/TICK net:u_riscv_top/stallF
	bbox = (402.1500, 512.3500) - (402.2500, 512.4500) on Layer VIA3
violation type: Short
	srcs: net:u_gpio/_1270_ net:u_gpio/fall_en_q[18]
	bbox = (125.0500, 503.1500) - (125.1500, 503.2500) on Layer M2
violation type: Short
	srcs: net:u_gpio/_1255_ net:u_gpio/int_enable_q[25]
	bbox = (126.4500, 540.3500) - (126.5500, 540.4500) on Layer M2
violation type: Short
	srcs: net:u_gpio/_1255_ net:u_gpio/int_enable_q[25]
	bbox = (126.4500, 540.3500) - (126.7500, 540.4500) on Layer M2
violation type: Short
	srcs: net:u_gpio/_1244_ net:u_gpio/int_enable_q[25]
	bbox = (126.4500, 540.9100) - (126.5500, 541.0900) on Layer M2
violation type: Short
	srcs: net:u_gpio/_1244_ net:u_gpio/int_enable_q[25]
	bbox = (126.4500, 540.9500) - (126.5500, 541.0500) on Layer M2
violation type: Short
	srcs: net:u_gpio/_1255_ net:u_gpio/int_enable_q[25]
	bbox = (126.6500, 540.3500) - (126.7500, 540.4500) on Layer M2
violation type: Short
	srcs: net:u_gpio/_1437_ net:u_gpio/rise_en_q[25]
	bbox = (127.0500, 541.1500) - (127.1500, 541.2500) on Layer M2
violation type: Short
	srcs: net:u_gpio/_1432_ net:u_gpio/int_enable_q[12]
	bbox = (129.2500, 488.7500) - (129.3500, 488.7900) on Layer M2
violation type: Short
	srcs: net:pwdata_gpio_p[12] net:u_gpio/int_status_q[12]
	bbox = (130.0500, 488.9500) - (130.1500, 489.0500) on Layer M2
violation type: Short
	srcs: net:u_gpio/_1349_ net:u_gpio/int_status_q[25]
	bbox = (130.8500, 541.1500) - (130.9500, 541.2500) on Layer M2
violation type: Short
	srcs: net:u_gpio/_1268_ net:u_gpio/_1387_
	bbox = (133.2500, 461.1500) - (133.3500, 461.2500) on Layer M2
violation type: Short
	srcs: net:u_gpio/_1387_ net:u_gpio/fall_en_q[19]
	bbox = (133.6500, 461.7500) - (133.7500, 461.8500) on Layer M2
violation type: Short
	srcs: net:prdata_gpio_p[27] net:u_gpio/_1251_
	bbox = (141.0500, 529.5500) - (141.1500, 529.6500) on Layer M2
violation type: Short
	srcs: net:u_gpio/_1244_ net:u_gpio/_1437_
	bbox = (142.0500, 544.5100) - (142.1500, 544.6900) on Layer M2
violation type: Short
	srcs: net:u_gpio/_1244_ net:u_gpio/_1437_
	bbox = (142.0500, 544.5500) - (142.1500, 544.6500) on Layer M2
violation type: Short
	srcs: net:u_gpio/_1427_ net:u_gpio/_1429_
	bbox = (150.4500, 567.7500) - (150.5500, 567.8500) on Layer M2
violation type: Short
	srcs: net:u_gpio/data_out_q[5] net:u_gpio/fall_en_q[5]
	bbox = (154.8500, 513.8100) - (154.9500, 513.8500) on Layer M2
violation type: Short
	srcs: net:u_gpio/data_out_q[5] net:u_gpio/fall_en_q[5]
	bbox = (155.2500, 513.9500) - (155.3500, 514.0500) on Layer M2
violation type: Short
	srcs: net:mem_wdata[24] net:u_data_mem/_41050_
	bbox = (169.2500, 951.3500) - (169.3500, 951.4500) on Layer M2
violation type: Short
	srcs: net:mem_wdata[24] net:u_data_mem/_41050_
	bbox = (169.6500, 951.2100) - (169.7500, 951.2500) on Layer M2
violation type: Short
	srcs: net:u_gpio/_1244_ net:u_gpio/_1431_
	bbox = (170.2500, 549.7500) - (170.3500, 549.8500) on Layer M2
violation type: Short
	srcs: net:u_data_mem/_18284_ net:u_data_mem/_41050_
	bbox = (170.4500, 953.5500) - (170.5500, 953.6500) on Layer M2
violation type: Short
	srcs: net:u_gpio/_1299_ net:u_gpio/_1300_
	bbox = (175.4500, 521.1500) - (175.5500, 521.2500) on Layer M2
violation type: Short
	srcs: net:u_data_mem/_22623_ net:VDD
	bbox = (178.2500, 887.3700) - (178.3500, 887.5000) on Layer M2
violation type: Short
	srcs: net:u_data_mem/_35544_ net:u_data_mem/bank1\[19\][17]
	bbox = (179.6500, 682.9500) - (179.7500, 683.0500) on Layer M2
violation type: Short
	srcs: net:u_data_mem/_22716_ net:VDD
	bbox = (186.8500, 887.3700) - (186.9500, 887.5000) on Layer M2
violation type: Short
	srcs: net:pwdata_gpio_p[28] net:u_gpio/_1503_
	bbox = (188.2500, 472.3100) - (188.3500, 472.4300) on Layer M2
violation type: Short
	srcs: net:u_riscv_top/multiplier/_09540_ net:u_riscv_top/multiplier/_10350_
	bbox = (224.8500, 445.5100) - (224.9500, 445.6900) on Layer M2
violation type: Short
	srcs: net:u_riscv_top/multiplier/_09540_ net:u_riscv_top/multiplier/_10350_
	bbox = (224.8500, 445.5500) - (224.9500, 445.6500) on Layer M2
violation type: Short
	srcs: net:u_riscv_top/multiplier/_09540_ net:u_riscv_top/multiplier/_10321_
	bbox = (225.2500, 445.5100) - (225.3500, 445.6900) on Layer M2
violation type: Short
	srcs: net:u_riscv_top/multiplier/_09540_ net:u_riscv_top/multiplier/_10321_
	bbox = (225.2500, 445.5500) - (225.3500, 445.6500) on Layer M2
violation type: Short
	srcs: net:u_riscv_top/multiplier/_09005_ net:u_riscv_top/multiplier/_10493_
	bbox = (232.4500, 373.7500) - (232.5500, 373.8500) on Layer M2
violation type: Short
	srcs: net:u_data_mem/_35620_ net:u_data_mem/_36220_
	bbox = (233.0500, 875.7500) - (233.1500, 875.8300) on Layer M2
violation type: Short
	srcs: net:u_data_mem/_35620_ net:u_data_mem/_36611_
	bbox = (233.4500, 857.7100) - (233.5500, 857.8300) on Layer M2
violation type: Short
	srcs: net:u_data_mem/_35620_ net:u_data_mem/_36611_
	bbox = (233.4500, 857.7500) - (233.5500, 857.8300) on Layer M2
violation type: Short
	srcs: net:u_data_mem/_22483_ net:VDD
	bbox = (241.8500, 1013.3700) - (241.9500, 1013.5000) on Layer M2
violation type: Short
	srcs: net:u_riscv_top/multiplier/_09287_ net:u_riscv_top/multiplier/_09298_
	bbox = (249.2500, 367.5500) - (249.3500, 367.6500) on Layer M2
violation type: Short
	srcs: net:u_data_mem/_35546_ net:u_data_mem/_40882_
	bbox = (255.2500, 638.3100) - (255.3500, 638.4300) on Layer M2
violation type: Short
	srcs: net:u_data_mem/_35546_ net:u_data_mem/_40882_
	bbox = (255.2500, 638.3500) - (255.3500, 638.4300) on Layer M2
violation type: Short
	srcs: net:u_data_mem/_35530_ net:u_data_mem/_39959_
	bbox = (266.4500, 814.9500) - (266.5500, 815.0500) on Layer M2
violation type: Short
	srcs: net:u_data_mem/_18191_ net:u_data_mem/_41124_
	bbox = (269.6500, 902.1500) - (269.7500, 902.2500) on Layer M2
violation type: Short
	srcs: net:u_data_mem/bank1\[12\][30] net:u_data_mem/bank1\[14\][30]
	bbox = (277.4500, 510.2100) - (277.5500, 510.2500) on Layer M2
violation type: Short
	srcs: net:u_data_mem/_35694_ net:u_data_mem/_35695_
	bbox = (278.0500, 509.9500) - (278.1500, 510.0500) on Layer M2
violation type: Short
	srcs: net:u_riscv_top/multiplier/_10346_ net:u_riscv_top/multiplier/_10347_
	bbox = (279.0500, 329.9500) - (279.1500, 330.0500) on Layer M2
violation type: Short
	srcs: net:mem_wdata[4] net:u_data_mem/_40947_
	bbox = (279.8500, 727.9500) - (279.9500, 728.0500) on Layer M2
violation type: Short
	srcs: net:u_data_mem/_35533_ net:u_data_mem/bank1\[61\][14]
	bbox = (289.2500, 618.1500) - (289.3500, 618.2500) on Layer M2
violation type: Short
	srcs: net:u_data_mem/bank1\[59\][14] net:u_data_mem/bank1\[61\][14]
	bbox = (289.2500, 618.3500) - (289.3500, 618.4500) on Layer M2
violation type: Short
	srcs: net:u_data_mem/_35573_ net:u_data_mem/_39115_
	bbox = (295.6500, 504.9500) - (295.7500, 505.0300) on Layer M2
violation type: Short
	srcs: net:u_data_mem/_40940_ net:u_data_mem/_40958_
	bbox = (296.4500, 965.5500) - (296.5500, 965.6500) on Layer M2
violation type: Short
	srcs: net:u_data_mem/_23701_ net:VDD
	bbox = (311.2500, 509.3700) - (311.3500, 509.5000) on Layer M2
violation type: Short
	srcs: net:A1_sim[1] net:u_riscv_top/register_file/_10130_
	bbox = (314.4500, 150.1100) - (314.5500, 150.2900) on Layer M2
violation type: Short
	srcs: net:A1_sim[1] net:u_riscv_top/register_file/_10130_
	bbox = (314.4500, 150.1500) - (314.5500, 150.2500) on Layer M2
violation type: Short
	srcs: net:u_data_mem/_38100_ net:u_data_mem/bank0\[11\][16]
	bbox = (314.4500, 888.1500) - (314.5500, 888.2500) on Layer M2
violation type: Short
	srcs: net:u_data_mem/_25025_ net:VDD
	bbox = (314.6500, 804.5000) - (314.7500, 804.6300) on Layer M2
violation type: Short
	srcs: net:u_data_mem/_38469_ net:u_data_mem/bank1\[54\][14]
	bbox = (315.0500, 758.8500) - (315.1500, 758.9500) on Layer M2
violation type: Short
	srcs: net:u_riscv_top/register_file/_10216_ net:u_riscv_top/register_file/regfile\[8\][10]
	bbox = (315.6500, 71.5500) - (315.7500, 71.6300) on Layer M2
violation type: Short
	srcs: net:u_riscv_top/register_file/_08852_ net:u_riscv_top/register_file/_09628_
	bbox = (315.6500, 229.3500) - (315.7500, 229.4500) on Layer M2
violation type: Short
	srcs: net:u_data_mem/_38467_ net:u_data_mem/bank1\[53\][14]
	bbox = (322.6500, 758.8500) - (322.7500, 758.9500) on Layer M2
violation type: Short
	srcs: net:u_data_mem/_39948_ net:u_data_mem/_39953_
	bbox = (328.8500, 861.1500) - (328.9500, 861.2500) on Layer M2
violation type: Short
	srcs: net:u_data_mem/_40863_ net:VSS
	bbox = (330.6500, 572.3700) - (330.7500, 572.5000) on Layer M2
violation type: Short
	srcs: net:u_riscv_top/register_file/_08049_ net:u_riscv_top/register_file/_08471_
	bbox = (335.8500, 42.7500) - (335.9500, 42.8500) on Layer M2
violation type: Short
	srcs: net:u_riscv_top/register_file/_08852_ net:u_riscv_top/register_file/_09073_
	bbox = (336.2500, 22.7500) - (336.3500, 22.8500) on Layer M2
violation type: Short
	srcs: net:u_riscv_top/register_file/_08799_ net:u_riscv_top/register_file/_08802_
	bbox = (339.8500, 233.5500) - (339.9500, 233.6300) on Layer M2
violation type: Short
	srcs: net:mem_addr[0] net:u_data_mem/bank1\[52\][16]
	bbox = (340.0500, 803.3700) - (340.1500, 803.4500) on Layer M2
violation type: Short
	srcs: net:u_data_mem/_35546_ net:u_data_mem/bank1\[42\][24]
	bbox = (340.2500, 521.1500) - (340.3500, 521.2500) on Layer M2
violation type: Short
	srcs: net:u_data_mem/_36672_ net:u_data_mem/bank1\[42\][24]
	bbox = (340.4500, 521.1500) - (340.5500, 521.2500) on Layer M2
violation type: Short
	srcs: net:u_riscv_top/register_file/_09650_ net:VSS
	bbox = (341.8500, 129.5000) - (341.9500, 129.6300) on Layer M2
violation type: Short
	srcs: net:u_riscv_top/register_file/_09662_ net:u_riscv_top/register_file/_10442_
	bbox = (343.8500, 223.5500) - (343.9500, 223.6500) on Layer M2
violation type: Short
	srcs: net:u_riscv_top/register_file/_07225_ net:u_riscv_top/register_file/_09647_
	bbox = (344.0500, 143.1500) - (344.1500, 143.2500) on Layer M2
violation type: Short
	srcs: net:u_riscv_top/register_file/_09662_ net:u_riscv_top/register_file/_09884_
	bbox = (344.6500, 22.1500) - (344.7500, 22.2500) on Layer M2
violation type: Short
	srcs: net:u_riscv_top/register_file/_09662_ net:u_riscv_top/register_file/_09884_
	bbox = (344.6500, 22.1500) - (344.7500, 22.2900) on Layer M2
violation type: Short
	srcs: net:u_riscv_top/register_file/_07234_ net:u_riscv_top/register_file/regfile\[22\][1]
	bbox = (354.6500, 222.7500) - (354.7500, 222.8500) on Layer M2
violation type: Short
	srcs: net:u_data_mem/_18294_ net:u_data_mem/_41199_
	bbox = (356.8500, 807.3500) - (356.9500, 807.4500) on Layer M2
violation type: Short
	srcs: net:u_data_mem/_18294_ net:u_data_mem/_41199_
	bbox = (356.8500, 807.3500) - (357.1500, 807.4500) on Layer M2
violation type: Short
	srcs: net:u_riscv_top/register_file/_09610_ net:u_riscv_top/register_file/regfile\[20\][1]
	bbox = (357.0500, 231.3100) - (357.1500, 231.4500) on Layer M2
violation type: Short
	srcs: net:u_riscv_top/register_file/_09610_ net:u_riscv_top/register_file/regfile\[20\][1]
	bbox = (357.0500, 231.3500) - (357.1500, 231.4500) on Layer M2
violation type: Short
	srcs: net:u_data_mem/_18294_ net:u_data_mem/_41199_
	bbox = (357.0500, 807.3500) - (357.1500, 807.4500) on Layer M2
violation type: Short
	srcs: net:u_data_mem/_35549_ net:u_data_mem/_39449_
	bbox = (357.0500, 929.5100) - (357.1500, 929.6900) on Layer M2
violation type: Short
	srcs: net:u_data_mem/_35549_ net:u_data_mem/_39449_
	bbox = (357.0500, 929.5500) - (357.1500, 929.6500) on Layer M2
violation type: Short
	srcs: net:u_riscv_top/register_file/_08850_ net:u_riscv_top/register_file/regfile\[20\][1]
	bbox = (357.4500, 231.1500) - (357.5500, 231.2500) on Layer M2
violation type: Short
	srcs: net:u_riscv_top/register_file/_09660_ net:u_riscv_top/register_file/_10459_
	bbox = (358.8500, 143.1100) - (358.9500, 143.2900) on Layer M2
violation type: Short
	srcs: net:u_riscv_top/register_file/_09660_ net:u_riscv_top/register_file/_10459_
	bbox = (358.8500, 143.1500) - (358.9500, 143.2500) on Layer M2
violation type: Short
	srcs: net:u_data_mem/_35536_ net:u_data_mem/_37269_
	bbox = (359.4500, 519.1100) - (359.5500, 519.2300) on Layer M2
violation type: Short
	srcs: net:u_data_mem/_35536_ net:u_data_mem/bank1\[47\][21]
	bbox = (359.6500, 519.3500) - (359.7500, 519.4300) on Layer M2
violation type: Short
	srcs: net:u_data_mem/_35542_ net:u_data_mem/_36141_
	bbox = (360.8500, 799.9100) - (360.9500, 800.0300) on Layer M2
violation type: Short
	srcs: net:u_data_mem/_35567_ net:u_data_mem/_39163_
	bbox = (362.4500, 884.8500) - (362.5500, 884.9500) on Layer M2
violation type: Short
	srcs: net:u_data_mem/_18292_ net:u_data_mem/_23037_
	bbox = (363.0500, 929.9100) - (363.1500, 930.0500) on Layer M2
violation type: Short
	srcs: net:u_data_mem/_18292_ net:u_data_mem/_23037_
	bbox = (363.0500, 929.9500) - (363.1500, 930.0500) on Layer M2
violation type: Short
	srcs: net:u_data_mem/_18292_ net:u_data_mem/_23037_
	bbox = (363.0500, 929.9500) - (363.3500, 930.0500) on Layer M2
violation type: Short
	srcs: net:u_data_mem/_18292_ net:u_data_mem/_23037_
	bbox = (363.2500, 929.9500) - (363.3500, 930.0500) on Layer M2
violation type: Short
	srcs: net:u_riscv_top/register_file/_07222_ net:u_riscv_top/register_file/_08316_
	bbox = (364.2500, 254.5500) - (364.3500, 254.6500) on Layer M2
violation type: Short
	srcs: net:u_riscv_top/FP_Adder/expB[4] net:u_riscv_top/FP_Adder/fracB[22]
	bbox = (368.2500, 364.3100) - (368.3500, 364.4500) on Layer M2
violation type: Short
	srcs: net:u_riscv_top/FP_Adder/expB[4] net:u_riscv_top/FP_Adder/fracB[22]
	bbox = (368.2500, 364.3500) - (368.3500, 364.4500) on Layer M2
violation type: Short
	srcs: net:u_riscv_top/register_file/_07227_ net:u_riscv_top/register_file/_09137_
	bbox = (371.2500, 251.3500) - (371.3500, 251.4500) on Layer M2
violation type: Short
	srcs: net:u_riscv_top/register_file/_07227_ net:u_riscv_top/register_file/_09140_
	bbox = (371.4500, 250.9500) - (371.5500, 251.0500) on Layer M2
violation type: Short
	srcs: net:u_riscv_top/register_file/_09137_ net:u_riscv_top/register_file/regfile\[16\][20]
	bbox = (371.8500, 251.3500) - (371.9500, 251.4500) on Layer M2
violation type: Short
	srcs: net:u_data_mem/_35549_ net:u_data_mem/bank1\[41\][4]
	bbox = (375.6500, 521.2100) - (375.7500, 521.2500) on Layer M2
violation type: Short
	srcs: net:u_riscv_top/register_file/_09239_ net:u_riscv_top/register_file/_09240_
	bbox = (380.4500, 217.1500) - (380.5500, 217.2500) on Layer M2
violation type: Short
	srcs: net:A2_sim[2] net:u_riscv_top/register_file/regfile\[25\][11]
	bbox = (381.4500, 101.3500) - (381.5500, 101.4500) on Layer M2
violation type: Short
	srcs: net:A3_sim[0] net:u_riscv_top/register_file/_09825_
	bbox = (384.2500, 169.6800) - (384.3500, 169.6900) on Layer M2
violation type: Short
	srcs: net:wb_data_sim[1] net:net204
	bbox = (385.2500, 493.7500) - (385.3500, 493.8500) on Layer M2
violation type: Short
	srcs: net:wb_data_sim[1] net:u_riscv_top/mux5/_229_
	bbox = (385.2500, 494.3500) - (385.3500, 494.4500) on Layer M2
violation type: Short
	srcs: net:u_riscv_top/register_file/_07739_ net:u_riscv_top/register_file/regfile\[26\][11]
	bbox = (391.6500, 110.1500) - (391.7500, 110.2500) on Layer M2
violation type: Short
	srcs: net:u_riscv_top/register_file/_07234_ net:u_riscv_top/register_file/_07739_
	bbox = (391.6500, 110.3700) - (391.7500, 110.6300) on Layer M2
violation type: Short
	srcs: net:u_riscv_top/mux5/_230_ net:u_riscv_top/mux5/net2398
	bbox = (392.0500, 492.3500) - (392.1500, 492.4500) on Layer M2
violation type: Short
	srcs: net:u_riscv_top/register_file/_09660_ net:u_riscv_top/register_file/_09871_
	bbox = (392.4500, 173.1500) - (392.5500, 173.2500) on Layer M2
violation type: Short
	srcs: net:riscv_rdata[15] net:u_riscv_top/mux5/_230_
	bbox = (393.0500, 492.7500) - (393.1500, 492.8500) on Layer M2
violation type: Short
	srcs: net:u_riscv_top/register_file/_06195_ net:u_riscv_top/register_file/_07197_
	bbox = (394.2500, 153.9500) - (394.3500, 154.0500) on Layer M2
violation type: Short
	srcs: net:u_riscv_top/register_file/_08852_ net:u_riscv_top/register_file/_08941_
	bbox = (394.4500, 83.5500) - (394.5500, 83.6500) on Layer M2
violation type: Short
	srcs: net:u_riscv_top/register_file/_09660_ net:u_riscv_top/register_file/regfile\[6\][16]
	bbox = (394.8500, 207.9500) - (394.9500, 208.0500) on Layer M2
violation type: Short
	srcs: net:mem_addr[0] net:mem_addr[1]
	bbox = (395.0500, 578.9500) - (395.1500, 579.0500) on Layer M2
violation type: Short
	srcs: net:u_riscv_top/register_file/_08850_ net:u_riscv_top/register_file/_08941_
	bbox = (395.2500, 83.9500) - (395.3500, 84.0500) on Layer M2
violation type: Short
	srcs: net:u_data_mem/_39592_ net:u_data_mem/bank1\[43\][7]
	bbox = (395.4500, 578.1500) - (395.5500, 578.2500) on Layer M2
violation type: Short
	srcs: net:u_riscv_top/FP_Adder/_1918_ net:u_riscv_top/FP_Adder/sum_reg[17]
	bbox = (400.2500, 431.5500) - (400.3500, 431.6500) on Layer M2
violation type: Short
	srcs: net:A2_sim[0] net:u_riscv_top/register_file/regfile\[8\][11]
	bbox = (402.4500, 96.1700) - (402.5500, 96.2500) on Layer M2
violation type: Short
	srcs: net:A1_sim[0] net:u_riscv_top/register_file/regfile\[8\][11]
	bbox = (402.6500, 96.1500) - (402.7500, 96.2500) on Layer M2
violation type: Short
	srcs: net:u_riscv_top/register_file/_07213_ net:u_riscv_top/register_file/_07236_
	bbox = (403.6500, 22.3500) - (403.7500, 22.4300) on Layer M2
violation type: Short
	srcs: net:u_riscv_top/register_file/_07234_ net:u_riscv_top/register_file/_07236_
	bbox = (403.6500, 22.5500) - (403.7500, 22.6500) on Layer M2
violation type: Short
	srcs: net:u_riscv_top/register_file/_07236_ net:u_riscv_top/register_file/_07494_
	bbox = (403.8500, 22.3500) - (403.9500, 22.4300) on Layer M2
violation type: Short
	srcs: net:u_data_mem/_35542_ net:u_data_mem/bank2\[14\][2]
	bbox = (404.2500, 612.9500) - (404.3500, 613.0500) on Layer M2
violation type: Short
	srcs: net:u_data_mem/_35533_ net:u_data_mem/bank3\[7\][0]
	bbox = (404.2500, 877.3100) - (404.3500, 877.4900) on Layer M2
violation type: Short
	srcs: net:u_data_mem/_35533_ net:u_data_mem/bank3\[7\][0]
	bbox = (404.2500, 877.3500) - (404.3500, 877.4500) on Layer M2
violation type: Short
	srcs: net:u_data_mem/_40906_ net:u_data_mem/bank3\[3\][0]
	bbox = (405.0500, 877.3500) - (405.1500, 877.4500) on Layer M2
violation type: Short
	srcs: net:A3_sim[0] net:u_riscv_top/register_file/regfile\[22\][23]
	bbox = (405.2500, 173.3500) - (405.3500, 173.4500) on Layer M2
violation type: Short
	srcs: net:u_riscv_top/register_file/_07227_ net:u_riscv_top/register_file/_09353_
	bbox = (410.2500, 88.5500) - (410.3500, 88.6500) on Layer M2
violation type: Short
	srcs: net:rst net:u_data_mem/_37254_
	bbox = (413.6500, 635.9500) - (413.7500, 636.0500) on Layer M2
violation type: Short
	srcs: net:u_riscv_top/clk_fp_add net:u_riscv_top/FP_Adder/_1757_
	bbox = (421.6500, 430.5500) - (421.7500, 430.6500) on Layer M2
violation type: Short
	srcs: net:u_riscv_top/register_file/regfile\[8\][27] net:VDD
	bbox = (422.0500, 131.4800) - (422.1500, 131.5000) on Layer M2
violation type: Short
	srcs: net:u_data_mem/_20651_ net:u_data_mem/_41118_
	bbox = (424.4500, 595.3500) - (424.5500, 595.4500) on Layer M2
violation type: Short
	srcs: net:u_data_mem/_35542_ net:u_data_mem/bank2\[33\][27]
	bbox = (428.8500, 681.3100) - (428.9500, 681.4900) on Layer M2
violation type: Short
	srcs: net:u_data_mem/_35542_ net:u_data_mem/bank2\[33\][27]
	bbox = (428.8500, 681.3500) - (428.9500, 681.4500) on Layer M2
violation type: Short
	srcs: net:u_riscv_top/register_file/_07231_ net:u_riscv_top/register_file/_09660_
	bbox = (429.6500, 254.3500) - (429.7500, 254.4500) on Layer M2
violation type: Short
	srcs: net:rst net:u_data_mem/_41240_
	bbox = (433.4500, 603.5500) - (433.5500, 603.6500) on Layer M2
violation type: Short
	srcs: net:u_riscv_top/register_file/_07434_ net:u_riscv_top/register_file/regfile\[29\][23]
	bbox = (433.8500, 160.5500) - (433.9500, 160.6500) on Layer M2
violation type: Short
	srcs: net:u_riscv_top/register_file/_09684_ net:u_riscv_top/register_file/regfile\[16\][30]
	bbox = (434.2500, 29.5100) - (434.3500, 29.6900) on Layer M2
violation type: Short
	srcs: net:u_riscv_top/register_file/_09684_ net:u_riscv_top/register_file/regfile\[16\][30]
	bbox = (434.2500, 29.5500) - (434.3500, 29.6500) on Layer M2
violation type: Short
	srcs: net:u_riscv_top/register_file/_07228_ net:u_riscv_top/register_file/_08942_
	bbox = (435.0500, 121.5500) - (435.1500, 121.6500) on Layer M2
violation type: Short
	srcs: net:u_riscv_top/register_file/_07228_ net:u_riscv_top/register_file/_08948_
	bbox = (435.2500, 121.3500) - (435.3500, 121.4300) on Layer M2
violation type: Short
	srcs: net:A3_sim[0] net:u_riscv_top/register_file/_08356_
	bbox = (436.8500, 195.5500) - (436.9500, 195.6500) on Layer M2
violation type: Short
	srcs: net:u_data_mem/_35573_ net:u_data_mem/_38796_
	bbox = (438.8500, 634.3500) - (438.9500, 634.4500) on Layer M2
violation type: Short
	srcs: net:u_data_mem/_35551_ net:u_data_mem/_38796_
	bbox = (439.0500, 634.3500) - (439.1500, 634.4500) on Layer M2
violation type: Short
	srcs: net:u_data_mem/_35551_ net:u_data_mem/_38796_
	bbox = (439.0500, 634.3500) - (439.3500, 634.4500) on Layer M2
violation type: Short
	srcs: net:u_data_mem/_35551_ net:u_data_mem/_38796_
	bbox = (439.2500, 634.3500) - (439.3500, 634.4500) on Layer M2
violation type: Short
	srcs: net:u_data_mem/_39054_ net:u_data_mem/_39055_
	bbox = (441.4500, 907.9500) - (441.5500, 908.0500) on Layer M2
violation type: Short
	srcs: net:u_riscv_top/register_file/_08355_ net:u_riscv_top/register_file/_08357_
	bbox = (441.8500, 194.9500) - (441.9500, 195.0500) on Layer M2
violation type: Short
	srcs: net:u_data_mem/_35539_ net:u_data_mem/_35551_
	bbox = (446.2500, 539.1100) - (446.3500, 539.2900) on Layer M2
violation type: Short
	srcs: net:u_data_mem/_35539_ net:u_data_mem/_35551_
	bbox = (446.2500, 539.1500) - (446.3500, 539.2500) on Layer M2
violation type: Short
	srcs: net:u_riscv_top/fp_mul_req_data_b[6] net:u_riscv_top/FP_Mult/_0558_
	bbox = (453.4500, 446.9500) - (453.5500, 447.0500) on Layer M2
violation type: Short
	srcs: net:u_riscv_top/register_file/regfile\[2\][15] net:u_riscv_top/register_file/regfile\[6\][15]
	bbox = (456.0500, 258.3500) - (456.1500, 258.4500) on Layer M2
violation type: Short
	srcs: net:A5_sim[4] net:u_riscv_top/register_file/_10488_
	bbox = (456.2500, 108.9500) - (456.3500, 109.0500) on Layer M2
violation type: Short
	srcs: net:A5_sim[2] net:u_riscv_top/register_file/_10488_
	bbox = (456.4500, 108.9500) - (456.5500, 109.0500) on Layer M2
violation type: Short
	srcs: net:u_data_mem/_39038_ net:u_data_mem/_39039_
	bbox = (459.4500, 1000.1500) - (459.5500, 1000.2500) on Layer M2
violation type: Short
	srcs: net:A1_sim[0] net:u_riscv_top/register_file/_10068_
	bbox = (460.2500, 241.5500) - (460.3500, 241.6500) on Layer M2
violation type: Short
	srcs: net:u_riscv_top/register_file/_07652_ net:u_riscv_top/register_file/regfile\[10\][15]
	bbox = (460.4500, 227.1500) - (460.5500, 227.2500) on Layer M2
violation type: Short
	srcs: net:u_riscv_top/register_file/_07652_ net:u_riscv_top/register_file/regfile\[10\][15]
	bbox = (460.4500, 227.1500) - (460.5500, 227.2900) on Layer M2
violation type: Short
	srcs: net:u_riscv_top/register_file/_09662_ net:u_riscv_top/register_file/regfile\[8\][4]
	bbox = (463.0500, 150.7500) - (463.1500, 150.8500) on Layer M2
violation type: Short
	srcs: net:AluOp_sim[30] net:u_riscv_top/mux8_1/_609_
	bbox = (463.8500, 286.7500) - (463.9500, 286.8500) on Layer M2
violation type: Short
	srcs: net:u_riscv_top/register_file/_09660_ net:u_riscv_top/register_file/regfile\[8\][4]
	bbox = (464.0500, 150.5500) - (464.1500, 150.6500) on Layer M2
violation type: Short
	srcs: net:u_data_mem/_36891_ net:u_data_mem/_36912_
	bbox = (465.0500, 673.9100) - (465.1500, 674.0900) on Layer M2
violation type: Short
	srcs: net:u_data_mem/_36891_ net:u_data_mem/_36912_
	bbox = (465.0500, 673.9500) - (465.1500, 674.0500) on Layer M2
violation type: Short
	srcs: net:u_data_mem/_36891_ net:u_data_mem/_36899_
	bbox = (465.4500, 673.5500) - (465.5500, 673.6500) on Layer M2
violation type: Short
	srcs: net:u_data_mem/_36899_ net:u_data_mem/_36912_
	bbox = (465.4500, 673.9500) - (465.5500, 674.0500) on Layer M2
violation type: Short
	srcs: net:u_data_mem/_36891_ net:u_data_mem/_36912_
	bbox = (465.6500, 673.9500) - (465.7500, 674.0500) on Layer M2
violation type: Short
	srcs: net:u_riscv_top/mux8_1/_604_ net:u_riscv_top/mux8_1/_605_
	bbox = (465.8500, 306.9500) - (465.9500, 307.0500) on Layer M2
violation type: Short
	srcs: net:u_data_mem/_36886_ net:u_data_mem/_36914_
	bbox = (466.0500, 673.7500) - (466.1500, 673.8500) on Layer M2
violation type: Short
	srcs: net:u_data_mem/_36886_ net:u_data_mem/_36914_
	bbox = (466.0500, 673.7500) - (466.3500, 673.8500) on Layer M2
violation type: Short
	srcs: net:u_data_mem/_36770_ net:VSS
	bbox = (466.0500, 993.5000) - (466.1500, 993.6300) on Layer M2
violation type: Short
	srcs: net:u_data_mem/_36886_ net:u_data_mem/_36914_
	bbox = (466.2500, 673.7500) - (466.3500, 673.8500) on Layer M2
violation type: Short
	srcs: net:u_riscv_top/register_file/_07234_ net:u_riscv_top/register_file/_07910_
	bbox = (467.4500, 47.9500) - (467.5500, 48.0300) on Layer M2
violation type: Short
	srcs: net:mem_wdata[30] net:u_data_mem/_35544_
	bbox = (470.4500, 484.9500) - (470.5500, 485.0500) on Layer M2
violation type: Short
	srcs: net:u_riscv_top/register_file/_07222_ net:u_riscv_top/register_file/regfile\[6\][4]
	bbox = (475.6500, 162.9500) - (475.7500, 163.0500) on Layer M2
violation type: Short
	srcs: net:u_riscv_top/register_file/_07234_ net:u_riscv_top/register_file/_07806_
	bbox = (475.8500, 137.9500) - (475.9500, 138.0300) on Layer M2
violation type: Short
	srcs: net:u_riscv_top/register_file/_08050_ net:u_riscv_top/register_file/regfile\[6\][4]
	bbox = (475.8500, 162.9500) - (475.9500, 163.0500) on Layer M2
violation type: Short
	srcs: net:u_riscv_top/register_file/_08050_ net:u_riscv_top/register_file/regfile\[6\][4]
	bbox = (475.8500, 162.9500) - (476.1500, 163.0500) on Layer M2
violation type: Short
	srcs: net:u_riscv_top/register_file/_08050_ net:u_riscv_top/register_file/regfile\[6\][4]
	bbox = (476.0500, 162.9500) - (476.1500, 163.0500) on Layer M2
violation type: Short
	srcs: net:u_riscv_top/register_file/_08049_ net:u_riscv_top/register_file/regfile\[2\][4]
	bbox = (476.6500, 162.7500) - (476.7500, 162.8500) on Layer M2
violation type: Short
	srcs: net:A2_sim[1] net:u_riscv_top/register_file/_08717_
	bbox = (480.8500, 36.3500) - (480.9500, 36.4500) on Layer M2
violation type: Short
	srcs: net:u_riscv_top/register_file/_07222_ net:u_riscv_top/register_file/regfile\[6\][6]
	bbox = (480.8500, 121.1500) - (480.9500, 121.2500) on Layer M2
violation type: Short
	srcs: net:u_data_mem/bank3\[19\][2] net:u_data_mem/bank3\[20\][2]
	bbox = (482.0500, 830.9500) - (482.1500, 831.0500) on Layer M2
violation type: Short
	srcs: net:u_riscv_top/mux8_1/_603_ net:u_riscv_top/mux8_1/_611_
	bbox = (483.6500, 285.1500) - (483.7500, 285.2500) on Layer M2
violation type: Short
	srcs: net:u_riscv_top/mux8_1/_604_ net:u_riscv_top/mux8_1/_605_
	bbox = (486.6500, 312.3100) - (486.7500, 312.4900) on Layer M2
violation type: Short
	srcs: net:u_riscv_top/mux8_1/_604_ net:u_riscv_top/mux8_1/_605_
	bbox = (486.6500, 312.3500) - (486.7500, 312.4500) on Layer M2
violation type: Short
	srcs: net:u_riscv_top/mux8_1/_604_ net:u_riscv_top/mux8_1/_648_
	bbox = (486.8500, 312.7500) - (486.9500, 312.8500) on Layer M2
violation type: Short
	srcs: net:u_riscv_top/register_file/_06656_ net:VSS
	bbox = (488.4500, 237.5000) - (488.5500, 237.6300) on Layer M2
violation type: Short
	srcs: net:u_riscv_top/register_file/_09495_ net:u_riscv_top/register_file/regfile\[4\][6]
	bbox = (488.6500, 123.1500) - (488.7500, 123.2500) on Layer M2
violation type: Short
	srcs: net:u_riscv_top/register_file/_07227_ net:u_riscv_top/register_file/_08982_
	bbox = (490.0500, 198.3500) - (490.1500, 198.4500) on Layer M2
violation type: Short
	srcs: net:u_riscv_top/register_file/_07227_ net:u_riscv_top/register_file/_08852_
	bbox = (491.0500, 198.7500) - (491.1500, 198.8500) on Layer M2
violation type: Short
	srcs: net:u_riscv_top/register_file/_07213_ net:u_riscv_top/register_file/regfile\[18\][7]
	bbox = (495.4500, 249.1100) - (495.5500, 249.2500) on Layer M2
violation type: Short
	srcs: net:u_riscv_top/register_file/_07213_ net:u_riscv_top/register_file/regfile\[18\][7]
	bbox = (495.4500, 249.1500) - (495.5500, 249.2500) on Layer M2
violation type: Short
	srcs: net:u_riscv_top/register_file/_08852_ net:u_riscv_top/register_file/_09520_
	bbox = (496.0500, 36.7500) - (496.1500, 36.8500) on Layer M2
violation type: Short
	srcs: net:A1_sim[2] net:clknet_8_16_0_clk
	bbox = (497.6500, 69.5500) - (497.7500, 69.6500) on Layer M2
violation type: Short
	srcs: net:u_riscv_top/register_file/_07234_ net:u_riscv_top/register_file/_07357_
	bbox = (498.2500, 198.5500) - (498.3500, 198.6500) on Layer M2
violation type: Short
	srcs: net:u_riscv_top/register_file/_07234_ net:u_riscv_top/register_file/_07357_
	bbox = (498.8500, 198.3500) - (498.9500, 198.4500) on Layer M2
violation type: Short
	srcs: net:u_riscv_top/register_file/_07234_ net:u_riscv_top/register_file/_07357_
	bbox = (498.8500, 198.3500) - (499.1500, 198.4500) on Layer M2
violation type: Short
	srcs: net:u_riscv_top/register_file/_07234_ net:u_riscv_top/register_file/_07357_
	bbox = (499.0500, 198.3500) - (499.1500, 198.4500) on Layer M2
violation type: Short
	srcs: net:u_riscv_top/register_file/_08852_ net:u_riscv_top/register_file/_09471_
	bbox = (499.8500, 242.1500) - (499.9500, 242.2500) on Layer M2
violation type: Short
	srcs: net:u_riscv_top/register_file/_10414_ net:u_riscv_top/register_file/_10415_
	bbox = (500.2500, 65.7100) - (500.3500, 65.8900) on Layer M2
violation type: Short
	srcs: net:u_riscv_top/register_file/_10414_ net:u_riscv_top/register_file/_10415_
	bbox = (500.2500, 65.7500) - (500.3500, 65.8500) on Layer M2
violation type: Short
	srcs: net:u_data_mem/_40563_ net:u_data_mem/bank3\[47\][2]
	bbox = (500.6500, 951.3500) - (500.7500, 951.4300) on Layer M2
violation type: Short
	srcs: net:u_riscv_top/register_file/_09472_ net:u_riscv_top/register_file/_09474_
	bbox = (501.4500, 241.7500) - (501.5500, 241.8500) on Layer M2
violation type: Short
	srcs: net:u_data_mem/_38438_ net:VSS
	bbox = (501.4500, 615.5000) - (501.5500, 615.6300) on Layer M2
violation type: Short
	srcs: net:u_data_mem/_18135_ net:u_data_mem/_26276_
	bbox = (502.0500, 803.1700) - (502.1500, 803.2500) on Layer M2
violation type: Short
	srcs: net:u_data_mem/_35546_ net:u_data_mem/_35549_
	bbox = (504.0500, 799.9100) - (504.1500, 800.2300) on Layer M2
violation type: Short
	srcs: net:u_data_mem/_35546_ net:u_data_mem/_35549_
	bbox = (504.0500, 800.1500) - (504.1500, 800.2300) on Layer M2
violation type: Short
	srcs: net:u_data_mem/_18160_ net:u_data_mem/_18782_
	bbox = (504.2500, 990.5500) - (504.3500, 990.6500) on Layer M2
violation type: Short
	srcs: net:u_riscv_top/register_file/_10293_ net:u_riscv_top/register_file/_10298_
	bbox = (504.6500, 251.1700) - (504.7500, 251.2500) on Layer M2
violation type: Short
	srcs: net:u_riscv_top/register_file/_10293_ net:u_riscv_top/register_file/_10298_
	bbox = (504.6500, 251.1700) - (504.7500, 251.2900) on Layer M2
violation type: Short
	srcs: net:u_data_mem/_18171_ net:u_data_mem/_38121_
	bbox = (510.2500, 921.9500) - (510.3500, 922.0500) on Layer M2
violation type: Short
	srcs: net:mem_addr[1] net:u_data_mem/_36353_
	bbox = (510.6500, 656.3100) - (510.7500, 656.4500) on Layer M2
violation type: Short
	srcs: net:mem_addr[1] net:u_data_mem/_36353_
	bbox = (510.6500, 656.3500) - (510.7500, 656.4500) on Layer M2
violation type: Short
	srcs: net:u_data_mem/_35544_ net:u_data_mem/_35549_
	bbox = (510.6500, 850.7500) - (510.7500, 850.8500) on Layer M2
violation type: Short
	srcs: net:u_data_mem/bank3\[57\][16] net:u_data_mem/bank3\[62\][16]
	bbox = (511.8500, 922.3500) - (511.9500, 922.4500) on Layer M2
violation type: Short
	srcs: net:u_data_mem/_40049_ net:u_data_mem/bank2\[4\][5]
	bbox = (515.6500, 566.0100) - (515.7500, 566.0500) on Layer M2
violation type: Short
	srcs: net:u_riscv_top/register_file/_10633_ net:u_riscv_top/register_file/_10637_
	bbox = (516.6500, 94.3100) - (516.7500, 94.4300) on Layer M2
violation type: Short
	srcs: net:u_riscv_top/register_file/_07227_ net:u_riscv_top/register_file/_09480_
	bbox = (519.4500, 123.3500) - (519.5500, 123.4500) on Layer M2
violation type: Short
	srcs: net:u_data_mem/_20316_ net:VDD
	bbox = (519.8500, 552.5000) - (519.9500, 552.6300) on Layer M2
violation type: Short
	srcs: net:u_riscv_top/register_file/_08693_ net:u_riscv_top/register_file/_08697_
	bbox = (525.0500, 37.1500) - (525.1500, 37.2500) on Layer M2
violation type: Short
	srcs: net:u_riscv_top/register_file/_07224_ net:u_riscv_top/register_file/_08697_
	bbox = (525.2500, 37.1500) - (525.3500, 37.2300) on Layer M2
violation type: Short
	srcs: net:u_data_mem/_35539_ net:u_data_mem/_40557_
	bbox = (529.8500, 881.1700) - (529.9500, 881.2900) on Layer M2
violation type: Short
	srcs: net:u_data_mem/bank3\[60\][2] net:u_data_mem/bank3\[62\][2]
	bbox = (530.9495, 881.0100) - (530.9505, 881.0500) on Layer M2
violation type: Short
	srcs: net:u_riscv_top/FP_Mult/_0911_ net:u_riscv_top/FP_Mult/_0912_
	bbox = (531.4500, 343.3500) - (531.5500, 343.4300) on Layer M2
violation type: Short
	srcs: net:u_data_mem/_40809_ net:u_data_mem/_40812_
	bbox = (531.6500, 572.9500) - (531.7500, 573.0500) on Layer M2
violation type: Short
	srcs: net:u_data_mem/_35533_ net:u_data_mem/bank2\[59\][4]
	bbox = (532.8500, 673.7500) - (532.9500, 673.8500) on Layer M2
violation type: Short
	srcs: net:u_riscv_top/register_file/_10085_ net:u_riscv_top/register_file/_10086_
	bbox = (533.6500, 260.1500) - (533.7500, 260.2500) on Layer M2
violation type: Short
	srcs: net:u_data_mem/_35544_ net:u_data_mem/_35549_
	bbox = (538.6500, 572.9500) - (538.7500, 573.0500) on Layer M2
violation type: Short
	srcs: net:u_data_mem/_35533_ net:u_data_mem/bank2\[3\][12]
	bbox = (542.0500, 589.3500) - (542.1500, 589.4500) on Layer M2
violation type: Short
	srcs: net:A2_sim[1] net:u_riscv_top/register_file/regfile\[21\][29]
	bbox = (543.4500, 24.5500) - (543.5500, 24.6500) on Layer M2
violation type: Short
	srcs: net:u_data_mem/_18174_ net:u_data_mem/_19359_
	bbox = (546.4500, 846.9500) - (546.5500, 847.0500) on Layer M2
violation type: Short
	srcs: net:u_data_mem/_35532_ net:u_data_mem/_35926_
	bbox = (546.4500, 992.3500) - (546.5500, 992.4500) on Layer M2
violation type: Short
	srcs: net:u_riscv_top/TICK net:u_riscv_top/pipeline_register3/_211_
	bbox = (565.6500, 495.5500) - (565.7500, 495.6500) on Layer M2
violation type: Short
	srcs: net:u_riscv_top/h2[25] net:u_riscv_top/mux3/_0698_
	bbox = (566.0500, 432.7500) - (566.1500, 432.8500) on Layer M2
violation type: Short
	srcs: net:u_data_mem/_18222_ net:u_data_mem/_20850_
	bbox = (566.6500, 654.5500) - (566.7500, 654.6500) on Layer M2
violation type: Short
	srcs: net:u_riscv_top/u_bridge_div_to_core/_061_ net:u_riscv_top/u_bridge_div_to_core/data_hold[1]
	bbox = (567.4500, 280.3500) - (567.5500, 280.4500) on Layer M2
violation type: Short
	srcs: net:u_riscv_top/ALU/alu/_1888_ net:u_riscv_top/ALU/alu/_2592_
	bbox = (568.6500, 401.9500) - (568.7500, 402.0500) on Layer M2
violation type: Short
	srcs: net:u_riscv_top/ALU/alu/_1874_ net:u_riscv_top/ALU/alu/_1885_
	bbox = (568.8500, 366.7100) - (568.9500, 366.8900) on Layer M2
violation type: Short
	srcs: net:u_riscv_top/ALU/alu/_1874_ net:u_riscv_top/ALU/alu/_1885_
	bbox = (568.8500, 366.7500) - (568.9500, 366.8500) on Layer M2
violation type: Short
	srcs: net:rst net:u_riscv_top/CSR_Register/_1536_
	bbox = (572.0500, 501.1500) - (572.1500, 501.2500) on Layer M2
violation type: Short
	srcs: net:u_riscv_top/mux3/_0726_ net:u_riscv_top/mux3/_0727_
	bbox = (572.2500, 438.3500) - (572.3500, 438.4500) on Layer M2
violation type: Short
	srcs: net:u_data_mem/_41039_ net:clknet_10_418__leaf_clk
	bbox = (572.2500, 681.1500) - (572.3500, 681.2500) on Layer M2
violation type: Short
	srcs: net:u_data_mem/_41039_ net:clknet_10_418__leaf_clk
	bbox = (572.9495, 681.3100) - (572.9505, 681.3200) on Layer M2
violation type: Short
	srcs: net:u_data_mem/_19061_ net:u_data_mem/_41164_
	bbox = (574.4500, 972.9700) - (574.5500, 972.9900) on Layer M2
violation type: Short
	srcs: net:u_riscv_top/u_bridge_div_to_core/_173_ net:VDD
	bbox = (584.8500, 257.3700) - (584.9500, 257.5000) on Layer M2
violation type: Short
	srcs: net:u_riscv_top/mux3/_0696_ net:u_riscv_top/mux3/_0750_
	bbox = (587.2500, 438.7500) - (587.3500, 438.8500) on Layer M2
violation type: Short
	srcs: net:u_riscv_top/pipeline_register3/_030_ net:u_riscv_top/pipeline_register3/_187_
	bbox = (587.2500, 510.7500) - (587.3500, 510.8500) on Layer M2
violation type: Short
	srcs: net:u_riscv_top/muxB5[12] net:u_riscv_top/mux3/_0696_
	bbox = (591.0500, 437.9500) - (591.1500, 438.0500) on Layer M2
violation type: Short
	srcs: net:u_data_mem/_36900_ net:VSS
	bbox = (591.2500, 698.3700) - (591.3500, 698.5000) on Layer M2
violation type: Short
	srcs: net:u_riscv_top/muxB5[12] net:u_riscv_top/mux3/_0823_
	bbox = (591.8500, 437.9500) - (591.9500, 438.0500) on Layer M2
violation type: Short
	srcs: net:u_riscv_top/AluSrcB[2] net:u_riscv_top/mux3/_0823_
	bbox = (591.8500, 438.5500) - (591.9500, 438.6500) on Layer M2
violation type: Short
	srcs: net:u_riscv_top/AluSrcB[2] net:u_riscv_top/mux3/_0701_
	bbox = (592.0500, 438.5500) - (592.1500, 438.6500) on Layer M2
violation type: Short
	srcs: net:u_riscv_top/ALU/alu/_2663_ net:u_riscv_top/ALU/alu/_2698_
	bbox = (624.0500, 405.9700) - (624.1500, 406.0500) on Layer M2
violation type: Short
	srcs: net:SrcB_sim_i[3] net:u_riscv_top/ALU/alu/_2291_
	bbox = (624.4500, 405.7500) - (624.5500, 405.8500) on Layer M2
violation type: Short
	srcs: net:u_riscv_top/ALU/alu/_1935_ net:u_riscv_top/ALU/alu/_2663_
	bbox = (625.0500, 406.3500) - (625.1500, 406.4300) on Layer M2
violation type: Short
	srcs: net:u_riscv_top/ALU/alu/_2190_ net:u_riscv_top/ALU/alu/_2672_
	bbox = (626.4500, 407.9500) - (626.5500, 408.0500) on Layer M2
violation type: Short
	srcs: net:u_riscv_top/ALU/alu/_2304_ net:u_riscv_top/ALU/alu/_2311_
	bbox = (631.0500, 373.3500) - (631.1500, 373.4500) on Layer M2
violation type: Short
	srcs: net:u_riscv_top/ALU/alu/_2197_ net:u_riscv_top/ALU/alu/_2206_
	bbox = (631.4500, 373.7500) - (631.5500, 373.8500) on Layer M2
violation type: Short
	srcs: net:u_riscv_top/ALU/alu/_2636_ net:u_riscv_top/ALU/alu/_2658_
	bbox = (631.4500, 395.3500) - (631.5500, 395.4500) on Layer M2
violation type: Short
	srcs: net:u_riscv_top/ALU/alu/_2206_ net:u_riscv_top/ALU/alu/_2312_
	bbox = (631.6500, 373.7500) - (631.7500, 373.8500) on Layer M2
violation type: Short
	srcs: net:u_data_mem/_18567_ net:u_data_mem/_35549_
	bbox = (648.2500, 907.9500) - (648.3500, 908.0500) on Layer M2
violation type: Short
	srcs: net:u_riscv_top/ALU/alu/_2260_ net:u_riscv_top/ALU/alu/_2732_
	bbox = (651.4500, 414.3500) - (651.5500, 414.4500) on Layer M2
violation type: Short
	srcs: net:u_data_mem/_39751_ net:u_data_mem/_39754_
	bbox = (653.0500, 785.3500) - (653.1500, 785.4500) on Layer M2
violation type: Short
	srcs: net:AluControl_sim_i[0] net:u_riscv_top/ALU/alu/_1937_
	bbox = (682.6500, 410.9500) - (682.7500, 411.0500) on Layer M2
violation type: Short
	srcs: net:u_riscv_top/mux3/_0698_ net:u_riscv_top/mux3/_0809_
	bbox = (701.6500, 412.5500) - (701.7500, 412.6500) on Layer M2
violation type: Short
	srcs: net:u_riscv_top/muxB5[0] net:u_riscv_top/mux3/_0703_
	bbox = (706.8500, 413.1700) - (706.9500, 413.2500) on Layer M2
violation type: Short
	srcs: net:u_riscv_top/muxB5[0] net:u_riscv_top/mux3/_0703_
	bbox = (706.8500, 413.1700) - (706.9500, 413.2900) on Layer M2
violation type: Short
	srcs: net:u_riscv_top/controller/_1076_ net:u_riscv_top/controller/_1080_
	bbox = (750.2500, 443.5500) - (750.3500, 443.6500) on Layer M2
violation type: Short
	srcs: net:im_wr_inst[10] net:imem/_2119_
	bbox = (887.9495, 403.7700) - (887.9505, 403.8900) on Layer M2
violation type: Short
	srcs: net:u_riscv_top/H/_145_ net:u_riscv_top/H/_156_
	bbox = (992.0500, 512.3100) - (992.1500, 512.4900) on Layer M2
violation type: Short
	srcs: net:u_riscv_top/H/_145_ net:u_riscv_top/H/_156_
	bbox = (992.0500, 512.3500) - (992.1500, 512.4500) on Layer M2
violation type: Short
	srcs: net:u_riscv_top/H/_156_ net:u_riscv_top/H/_157_
	bbox = (992.4500, 512.1500) - (992.5500, 512.2500) on Layer M2
violation type: Short
	srcs: net:u_riscv_top/H/_156_ net:u_riscv_top/H/_157_
	bbox = (992.4500, 512.1500) - (992.7500, 512.2500) on Layer M2
violation type: Short
	srcs: net:u_riscv_top/H/_156_ net:u_riscv_top/H/_157_
	bbox = (992.6500, 512.1500) - (992.7500, 512.2500) on Layer M2
violation type: Short
	srcs: net:u_riscv_top/controller/_0843_ net:u_riscv_top/net364
	bbox = (1016.8500, 494.1500) - (1016.9500, 494.2500) on Layer M2
violation type: Short
	srcs: net:u_riscv_top/controller/_0843_ net:u_riscv_top/net364
	bbox = (1016.8500, 494.1500) - (1016.9500, 494.4500) on Layer M2
violation type: Short
	srcs: net:u_riscv_top/controller/_0843_ net:u_riscv_top/net364
	bbox = (1016.8500, 494.3500) - (1016.9500, 494.4500) on Layer M2
violation type: Short
	srcs: net:u_apb_cdc_spi/u_resp_bridge/_031_ net:net4
	bbox = (52.8500, 439.1500) - (52.9500, 439.2500) on Layer M3
violation type: Short
	srcs: net:u_apb/_0198_ net:u_apb/net230
	bbox = (56.4500, 548.7500) - (56.5500, 548.8500) on Layer M3
violation type: Short
	srcs: net:paddr_sim[29] net:u_apb_cdc_gpio/u_resp_bridge/data_hold[8]
	bbox = (62.4500, 559.7500) - (62.5500, 559.8500) on Layer M3
violation type: Short
	srcs: net:u_apb_cdc_gpio/_060_ net:u_apb_cdc_gpio/_103_
	bbox = (63.0500, 523.5500) - (63.1500, 523.6500) on Layer M3
violation type: Short
	srcs: net:u_apb_cdc_gpio/u_resp_bridge/data_hold[25] net:net67
	bbox = (65.2500, 546.9500) - (65.3500, 547.0500) on Layer M3
violation type: Short
	srcs: net:u_apb_cdc_gpio/_103_ net:net100
	bbox = (68.6500, 523.9500) - (68.7500, 524.0500) on Layer M3
violation type: Short
	srcs: net:net4 net:net86
	bbox = (71.8500, 438.9500) - (71.9500, 439.0500) on Layer M3
violation type: Short
	srcs: net:u_apb_cdc_spi/p_state[3] net:u_spi/_0687_
	bbox = (84.2500, 429.7500) - (84.3500, 429.8500) on Layer M3
violation type: Short
	srcs: net:paddr_sim[26] net:clknet_10_518__leaf_clk
	bbox = (89.9500, 504.7500) - (90.0500, 504.8500) on Layer M3
violation type: Short
	srcs: net:paddr_sim[26] net:clknet_4_8_0_clk
	bbox = (89.9500, 504.9500) - (90.0500, 505.0500) on Layer M3
violation type: Short
	srcs: net:apb_rdata[15] net:paddr_sim[26]
	bbox = (89.9500, 505.1500) - (90.0500, 505.2500) on Layer M3
violation type: Short
	srcs: net:paddr_sim[26] net:net1896
	bbox = (89.9500, 505.3500) - (90.0500, 505.4500) on Layer M3
violation type: Short
	srcs: net:apb_rdata[24] net:paddr_sim[27]
	bbox = (89.9500, 511.5500) - (90.0500, 511.6500) on Layer M3
violation type: Short
	srcs: net:pwdata_sim[5] net:u_apb_cdc_gpio/u_resp_bridge/_006_
	bbox = (90.6500, 505.7500) - (90.7500, 505.8500) on Layer M3
violation type: Short
	srcs: net:clk_gpio net:u_apb_cdc_gpio/u_resp_bridge/data_hold[12]
	bbox = (109.4500, 530.7500) - (109.5500, 530.8500) on Layer M3
violation type: Short
	srcs: net:u_data_mem/_35542_ net:u_data_mem/_41204_
	bbox = (110.9500, 911.3500) - (111.0500, 911.4500) on Layer M3
violation type: Short
	srcs: net:u_data_mem/_35542_ net:u_data_mem/_41176_
	bbox = (110.9500, 911.5500) - (111.0500, 911.6500) on Layer M3
violation type: Short
	srcs: net:prdata_gpio_p[31] net:pwdata_sim[6]
	bbox = (111.2500, 464.1500) - (111.3500, 464.2500) on Layer M3
violation type: Short
	srcs: net:paddr_sim[21] net:wb_data_sim[26]
	bbox = (111.2500, 502.1500) - (111.3500, 502.2500) on Layer M3
violation type: Short
	srcs: net:apb_rdata[8] net:apb_trans_done_sim
	bbox = (111.6500, 541.1500) - (111.7500, 541.2500) on Layer M3
violation type: Short
	srcs: net:u_data_mem/_18286_ net:u_data_mem/_41000_
	bbox = (111.6500, 956.1500) - (111.7500, 956.2500) on Layer M3
violation type: Short
	srcs: net:u_data_mem/_18286_ net:u_data_mem/_41000_
	bbox = (111.6500, 956.1500) - (111.9500, 956.2500) on Layer M3
violation type: Short
	srcs: net:u_data_mem/_18286_ net:u_data_mem/_41000_
	bbox = (111.8500, 956.1500) - (111.9500, 956.2500) on Layer M3
violation type: Short
	srcs: net:wb_data_sim[4] net:net100
	bbox = (112.2500, 523.9500) - (112.3500, 524.0500) on Layer M3
violation type: Short
	srcs: net:net405 net:net457
	bbox = (119.9500, 487.9500) - (120.0500, 488.0500) on Layer M3
violation type: Short
	srcs: net:u_data_mem/_19792_ net:u_data_mem/_37096_
	bbox = (120.4500, 811.5500) - (120.5500, 811.6500) on Layer M3
violation type: Short
	srcs: net:u_gpio/_0767_ net:net420
	bbox = (120.6500, 460.3500) - (120.7500, 460.4500) on Layer M3
violation type: Short
	srcs: net:u_gpio/_1401_ net:u_gpio/fall_en_q[15]
	bbox = (124.2500, 516.1500) - (124.3500, 516.2500) on Layer M3
violation type: Short
	srcs: net:u_gpio/_0892_ net:u_gpio/_1407_
	bbox = (124.8500, 528.9500) - (124.9500, 529.0500) on Layer M3
violation type: Short
	srcs: net:u_gpio/_0892_ net:u_gpio/_1407_
	bbox = (124.8500, 528.9500) - (125.1500, 529.0500) on Layer M3
violation type: Short
	srcs: net:u_gpio/_0892_ net:u_gpio/_1407_
	bbox = (125.0500, 528.9500) - (125.1500, 529.0500) on Layer M3
violation type: Short
	srcs: net:u_data_mem/_38118_ net:u_data_mem/bank0\[2\][29]
	bbox = (125.2500, 813.3500) - (125.3500, 813.4500) on Layer M3
violation type: Short
	srcs: net:u_gpio/_1431_ net:u_gpio/_1438_
	bbox = (126.0500, 519.9500) - (126.1500, 520.0500) on Layer M3
violation type: Short
	srcs: net:u_gpio/_1431_ net:u_gpio/_1438_
	bbox = (126.0500, 519.9500) - (126.3500, 520.0500) on Layer M3
violation type: Short
	srcs: net:u_gpio/_1431_ net:u_gpio/_1438_
	bbox = (126.2500, 519.9500) - (126.3500, 520.0500) on Layer M3
violation type: Short
	srcs: net:pwdata_sim[17] net:u_apb_cdc_gpio/u_req_bridge/_006_
	bbox = (127.0500, 489.5500) - (127.1500, 489.6500) on Layer M3
violation type: Short
	srcs: net:paddr_sim[8] net:u_gpio/_1395_
	bbox = (129.2500, 514.9500) - (129.3500, 515.0500) on Layer M3
violation type: Short
	srcs: net:_1_ net:u_gpio/_1000_
	bbox = (131.4700, 486.7500) - (131.9900, 486.8500) on Layer M3
violation type: Short
	srcs: net:_1_ net:u_gpio/_1432_
	bbox = (131.6100, 528.7500) - (131.7900, 528.8500) on Layer M3
violation type: Short
	srcs: net:apb_rdata[25] net:u_gpio/int_enable_q[25]
	bbox = (131.6100, 540.3500) - (131.7900, 540.4500) on Layer M3
violation type: Short
	srcs: net:_1_ net:u_gpio/_1432_
	bbox = (131.6500, 528.7500) - (131.7500, 528.8500) on Layer M3
violation type: Short
	srcs: net:u_gpio/int_enable_q[25] net:net142
	bbox = (131.6500, 540.1500) - (131.7500, 540.2500) on Layer M3
violation type: Short
	srcs: net:apb_rdata[25] net:u_gpio/int_enable_q[25]
	bbox = (131.6500, 540.3500) - (131.7500, 540.4500) on Layer M3
violation type: Short
	srcs: net:u_data_mem/_35539_ net:u_data_mem/_41060_
	bbox = (131.8500, 925.7500) - (131.9500, 925.8500) on Layer M3
violation type: Short
	srcs: net:prdata_gpio_p[24] net:u_gpio/_1388_
	bbox = (132.0100, 461.3500) - (132.1900, 461.4500) on Layer M3
violation type: Short
	srcs: net:u_gpio/_1388_ net:net1381
	bbox = (132.0495, 460.7500) - (132.0505, 460.8500) on Layer M3
violation type: Short
	srcs: net:u_gpio/_1388_ net:net1381
	bbox = (132.0495, 460.7500) - (132.0505, 461.0500) on Layer M3
violation type: Short
	srcs: net:u_gpio/_1388_ net:net1381
	bbox = (132.0495, 460.9500) - (132.0505, 461.0500) on Layer M3
violation type: Short
	srcs: net:prdata_gpio_p[24] net:u_gpio/_1388_
	bbox = (132.0500, 461.3500) - (132.1500, 461.4500) on Layer M3
violation type: Short
	srcs: net:u_gpio/_1431_ net:net9
	bbox = (132.2500, 452.1500) - (132.3500, 452.2500) on Layer M3
violation type: Short
	srcs: net:apb_rdata[30] net:u_gpio/_1450_
	bbox = (132.2500, 520.1500) - (132.3500, 520.2500) on Layer M3
violation type: Short
	srcs: net:paddr_sim[1] net:prdata_gpio_p[16]
	bbox = (132.6500, 496.9500) - (132.7500, 497.0500) on Layer M3
violation type: Short
	srcs: net:prdata_gpio_p[31] net:pwdata_sim[6]
	bbox = (132.8500, 464.1500) - (132.9500, 464.2500) on Layer M3
violation type: Short
	srcs: net:pwdata_sim[16] net:pwdata_sim[20]
	bbox = (133.0500, 486.1500) - (133.1500, 486.2500) on Layer M3
violation type: Short
	srcs: net:u_gpio/_0836_ net:net405
	bbox = (133.6500, 487.7500) - (133.7500, 487.8500) on Layer M3
violation type: Short
	srcs: net:pwdata_sim[25] net:net12
	bbox = (138.2500, 442.5500) - (138.3500, 442.6500) on Layer M3
violation type: Short
	srcs: net:u_gpio/_1425_ net:net1213
	bbox = (141.0500, 468.1500) - (141.1500, 468.2500) on Layer M3
violation type: Short
	srcs: net:u_data_mem/_18281_ net:u_data_mem/_41171_
	bbox = (147.6500, 942.9500) - (147.7500, 943.0500) on Layer M3
violation type: Short
	srcs: net:mem_wdata[14] net:u_data_mem/_39261_
	bbox = (152.6100, 915.9500) - (152.7900, 916.0500) on Layer M3
violation type: Short
	srcs: net:mem_wdata[14] net:u_data_mem/_39261_
	bbox = (152.6500, 915.9500) - (152.7500, 916.0500) on Layer M3
violation type: Short
	srcs: net:u_data_mem/_39882_ net:u_data_mem/_41204_
	bbox = (152.8500, 881.5500) - (152.9500, 881.6500) on Layer M3
violation type: Short
	srcs: net:apb_rdata[21] net:u_gpio/_1401_
	bbox = (152.9500, 528.5500) - (153.0500, 528.6500) on Layer M3
violation type: Short
	srcs: net:apb_rdata[11] net:u_gpio/data_out_q[27]
	bbox = (153.0100, 530.5500) - (153.5300, 530.6500) on Layer M3
violation type: Short
	srcs: net:u_apb/_0200_ net:u_gpio/_1403_
	bbox = (153.2500, 503.7500) - (153.3500, 503.8500) on Layer M3
violation type: Short
	srcs: net:apb_addr[18] net:prdata_gpio_p[3]
	bbox = (153.2500, 521.5500) - (153.3500, 521.6500) on Layer M3
violation type: Short
	srcs: net:prdata_gpio_p[20] net:u_gpio/_1548_
	bbox = (153.6500, 514.7500) - (153.7500, 514.8500) on Layer M3
violation type: Short
	srcs: net:paddr_sim[8] net:u_gpio/_1548_
	bbox = (153.6500, 514.9500) - (153.7500, 515.0500) on Layer M3
violation type: Short
	srcs: net:paddr_sim[10] net:u_gpio/_1548_
	bbox = (153.6500, 515.1500) - (153.7500, 515.2500) on Layer M3
violation type: Short
	srcs: net:u_gpio/_1243_ net:u_gpio/_1401_
	bbox = (153.8100, 513.7500) - (153.9900, 513.8500) on Layer M3
violation type: Short
	srcs: net:u_gpio/_1401_ net:net81
	bbox = (153.8500, 513.5500) - (153.9500, 513.6500) on Layer M3
violation type: Short
	srcs: net:u_gpio/_1401_ net:net81
	bbox = (153.8500, 513.5500) - (154.1900, 513.6500) on Layer M3
violation type: Short
	srcs: net:u_gpio/_1243_ net:u_gpio/_1401_
	bbox = (153.8500, 513.7500) - (153.9500, 513.8500) on Layer M3
violation type: Short
	srcs: net:prdata_gpio_p[20] net:u_gpio/_1294_
	bbox = (154.8500, 514.7500) - (154.9500, 514.8500) on Layer M3
violation type: Short
	srcs: net:paddr_sim[8] net:u_gpio/_1294_
	bbox = (154.8500, 514.9500) - (154.9500, 515.0500) on Layer M3
violation type: Short
	srcs: net:paddr_sim[10] net:u_gpio/_1294_
	bbox = (154.8500, 515.1500) - (154.9500, 515.2500) on Layer M3
violation type: Short
	srcs: net:u_data_mem/_37425_ net:u_data_mem/_38990_
	bbox = (156.4500, 952.1500) - (156.5500, 952.2500) on Layer M3
violation type: Short
	srcs: net:u_gpio/_1236_ net:net405
	bbox = (160.6500, 487.9500) - (160.7500, 488.0500) on Layer M3
violation type: Short
	srcs: net:paddr_sim[8] net:u_gpio/_1243_
	bbox = (161.0500, 514.9500) - (161.1500, 515.0500) on Layer M3
violation type: Short
	srcs: net:u_data_mem/_22656_ net:u_data_mem/_35902_
	bbox = (161.8500, 946.9500) - (161.9500, 947.0500) on Layer M3
violation type: Short
	srcs: net:u_data_mem/_18187_ net:u_data_mem/_36199_
	bbox = (164.8500, 874.9500) - (164.9500, 875.0500) on Layer M3
violation type: Short
	srcs: net:u_data_mem/_35546_ net:u_data_mem/bank0\[46\][12]
	bbox = (165.6500, 961.3500) - (165.7500, 961.4500) on Layer M3
violation type: Short
	srcs: net:u_gpio/_1384_ net:u_gpio/_1407_
	bbox = (169.8500, 467.7500) - (169.9500, 467.8500) on Layer M3
violation type: Short
	srcs: net:prdata_gpio_p[26] net:net961
	bbox = (169.8500, 550.9500) - (169.9500, 551.0500) on Layer M3
violation type: Short
	srcs: net:u_data_mem/_35549_ net:u_data_mem/_37425_
	bbox = (170.0500, 951.9500) - (170.1500, 952.0500) on Layer M3
violation type: Short
	srcs: net:u_data_mem/_37425_ net:u_data_mem/_41060_
	bbox = (170.0500, 952.1500) - (170.1500, 952.2500) on Layer M3
violation type: Short
	srcs: net:u_data_mem/_18279_ net:u_data_mem/_41060_
	bbox = (172.4100, 951.5500) - (172.9300, 951.6500) on Layer M3
violation type: Short
	srcs: net:u_gpio/_1401_ net:u_gpio/_1402_
	bbox = (172.6100, 560.7500) - (173.1300, 560.8500) on Layer M3
violation type: Short
	srcs: net:u_data_mem/_38990_ net:u_data_mem/_40228_
	bbox = (172.8500, 952.3500) - (172.9500, 952.4500) on Layer M3
violation type: Short
	srcs: net:u_data_mem/_35546_ net:u_data_mem/_41177_
	bbox = (173.0500, 765.5500) - (173.1500, 765.6500) on Layer M3
violation type: Short
	srcs: net:pwdata_sim[21] net:pwdata_sim[4]
	bbox = (173.9500, 469.1500) - (174.0500, 469.2500) on Layer M3
violation type: Short
	srcs: net:pwdata_sim[21] net:pwdata_sim[4]
	bbox = (173.9500, 469.1500) - (174.0500, 469.4500) on Layer M3
violation type: Short
	srcs: net:pwdata_sim[21] net:pwdata_sim[4]
	bbox = (173.9500, 469.3500) - (174.0500, 469.4500) on Layer M3
violation type: Short
	srcs: net:apb_addr[27] net:prdata_gpio_p[2]
	bbox = (173.9500, 512.5500) - (174.0500, 512.6500) on Layer M3
violation type: Short
	srcs: net:mem_wdata[4] net:u_data_mem/_35544_
	bbox = (173.9500, 757.5500) - (174.0500, 757.6500) on Layer M3
violation type: Short
	srcs: net:mem_wdata[28] net:u_data_mem/_40224_
	bbox = (173.9500, 860.1500) - (174.0500, 860.2500) on Layer M3
violation type: Short
	srcs: net:mem_wdata[28] net:u_data_mem/_40224_
	bbox = (174.0495, 859.9500) - (174.0505, 860.0500) on Layer M3
violation type: Short
	srcs: net:mem_wdata[28] net:u_data_mem/_40224_
	bbox = (174.0495, 859.9500) - (174.0505, 860.2500) on Layer M3
violation type: Short
	srcs: net:paddr_sim[7] net:paddr_sim[9]
	bbox = (174.2500, 532.7500) - (174.3500, 532.8500) on Layer M3
violation type: Short
	srcs: net:u_data_mem/_35531_ net:u_data_mem/_41126_
	bbox = (174.2500, 812.1500) - (174.3500, 812.2500) on Layer M3
violation type: Short
	srcs: net:mem_wdata[4] net:u_data_mem/_35544_
	bbox = (174.4500, 757.5500) - (174.5500, 757.6500) on Layer M3
violation type: Short
	srcs: net:u_data_mem/_38990_ net:u_data_mem/_40228_
	bbox = (174.6500, 952.3500) - (174.7500, 952.4500) on Layer M3
violation type: Short
	srcs: net:prdata_gpio_p[0] net:u_gpio/_1401_
	bbox = (175.0500, 484.5500) - (175.1500, 484.6500) on Layer M3
violation type: Short
	srcs: net:u_data_mem/_20008_ net:u_data_mem/_35552_
	bbox = (176.6500, 865.5500) - (176.7500, 865.6500) on Layer M3
violation type: Short
	srcs: net:u_data_mem/_37808_ net:u_data_mem/_41226_
	bbox = (176.8500, 820.9500) - (176.9500, 821.0500) on Layer M3
violation type: Short
	srcs: net:u_data_mem/_35552_ net:u_data_mem/_41126_
	bbox = (178.2500, 865.5500) - (178.3500, 865.6500) on Layer M3
violation type: Short
	srcs: net:pwdata_sim[5] net:u_gpio/_1314_
	bbox = (180.0500, 505.7500) - (180.1500, 505.8500) on Layer M3
violation type: Short
	srcs: net:pwdata_sim[4] net:u_gpio/_1503_
	bbox = (187.8100, 468.9500) - (188.3300, 469.0500) on Layer M3
violation type: Short
	srcs: net:u_data_mem/_18281_ net:u_data_mem/_37087_
	bbox = (187.8500, 933.5500) - (187.9500, 933.6500) on Layer M3
violation type: Short
	srcs: net:u_data_mem/_18324_ net:u_data_mem/_24027_
	bbox = (188.4700, 681.3500) - (188.5500, 681.4500) on Layer M3
violation type: Short
	srcs: net:u_data_mem/_35601_ net:u_data_mem/_38736_
	bbox = (189.4500, 673.1500) - (189.5500, 673.2500) on Layer M3
violation type: Short
	srcs: net:u_data_mem/_37511_ net:u_data_mem/_39677_
	bbox = (189.8500, 883.7500) - (189.9500, 883.8500) on Layer M3
violation type: Short
	srcs: net:mem_wdata[30] net:u_data_mem/_18184_
	bbox = (190.6500, 1006.3500) - (190.7500, 1006.4500) on Layer M3
violation type: Short
	srcs: net:u_data_mem/_22685_ net:u_data_mem/_39677_
	bbox = (193.6500, 883.9500) - (193.7500, 884.0500) on Layer M3
violation type: Short
	srcs: net:u_data_mem/_36557_ net:u_data_mem/_41249_
	bbox = (194.2500, 682.3500) - (194.3500, 682.4500) on Layer M3
violation type: Short
	srcs: net:u_data_mem/_36691_ net:u_data_mem/_41154_
	bbox = (194.8500, 745.5500) - (194.9500, 745.6500) on Layer M3
violation type: Short
	srcs: net:mem_wdata[29] net:u_data_mem/_40960_
	bbox = (194.9500, 806.1500) - (195.0500, 806.2500) on Layer M3
violation type: Short
	srcs: net:mem_wdata[15] net:u_data_mem/_35549_
	bbox = (196.2500, 613.9500) - (196.3500, 614.0500) on Layer M3
violation type: Short
	srcs: net:u_data_mem/_19958_ net:u_data_mem/_35546_
	bbox = (196.2500, 964.5500) - (196.3500, 964.6500) on Layer M3
violation type: Short
	srcs: net:u_data_mem/_41242_ net:u_data_mem/bank0\[4\][18]
	bbox = (196.6500, 820.5500) - (196.7500, 820.6500) on Layer M3
violation type: Short
	srcs: net:u_data_mem/_38670_ net:u_data_mem/_41174_
	bbox = (197.2100, 888.7500) - (197.3900, 888.8500) on Layer M3
violation type: Short
	srcs: net:u_data_mem/_38670_ net:u_data_mem/_41174_
	bbox = (197.2500, 888.7500) - (197.3500, 888.8500) on Layer M3
violation type: Short
	srcs: net:u_data_mem/_35124_ net:u_data_mem/_39262_
	bbox = (198.2500, 916.3500) - (198.3500, 916.4500) on Layer M3
violation type: Short
	srcs: net:u_data_mem/_35549_ net:u_data_mem/_36928_
	bbox = (201.2500, 829.5500) - (201.3500, 829.6500) on Layer M3
violation type: Short
	srcs: net:mem_wdata[1] net:u_data_mem/_41243_
	bbox = (203.6500, 649.9500) - (203.7500, 650.0500) on Layer M3
violation type: Short
	srcs: net:u_data_mem/_23274_ net:u_data_mem/_35544_
	bbox = (205.0500, 847.5500) - (205.1500, 847.6500) on Layer M3
violation type: Short
	srcs: net:mem_wdata[8] net:u_data_mem/_41068_
	bbox = (210.4500, 607.9500) - (210.5500, 608.0500) on Layer M3
violation type: Short
	srcs: net:u_data_mem/_19532_ net:u_data_mem/_41002_
	bbox = (213.6500, 898.3500) - (213.7500, 898.4500) on Layer M3
violation type: Short
	srcs: net:mem_wdata[15] net:u_data_mem/_35549_
	bbox = (214.6500, 613.9500) - (214.7500, 614.0500) on Layer M3
violation type: Short
	srcs: net:u_data_mem/_40939_ net:u_data_mem/_41033_
	bbox = (215.4500, 810.5500) - (215.5500, 810.6500) on Layer M3
violation type: Short
	srcs: net:apb_rdata[19] net:net1893
	bbox = (215.9500, 492.9500) - (216.0500, 493.0500) on Layer M3
violation type: Short
	srcs: net:u_data_mem/_38185_ net:u_data_mem/_39882_
	bbox = (215.9500, 881.5500) - (216.0500, 881.6500) on Layer M3
violation type: Short
	srcs: net:u_data_mem/_18190_ net:u_data_mem/_35592_
	bbox = (215.9500, 948.1500) - (216.0500, 948.2500) on Layer M3
violation type: Short
	srcs: net:apb_rdata[19] net:net1893
	bbox = (216.0495, 492.7500) - (216.0505, 492.8500) on Layer M3
violation type: Short
	srcs: net:apb_rdata[19] net:net1893
	bbox = (216.0495, 492.7500) - (216.0505, 493.0500) on Layer M3
violation type: Short
	srcs: net:apb_addr[19] net:apb_rdata[4]
	bbox = (216.2500, 525.5500) - (216.3500, 525.6500) on Layer M3
violation type: Short
	srcs: net:mem_addr[0] net:u_data_mem/_39445_
	bbox = (216.2500, 903.3500) - (216.3500, 903.4500) on Layer M3
violation type: Short
	srcs: net:u_data_mem/_40788_ net:u_data_mem/_40991_
	bbox = (216.2500, 918.7500) - (216.3500, 918.8500) on Layer M3
violation type: Short
	srcs: net:u_data_mem/_40939_ net:u_data_mem/_41033_
	bbox = (217.6500, 810.7500) - (217.7500, 810.8500) on Layer M3
violation type: Short
	srcs: net:u_data_mem/_40939_ net:u_data_mem/_41033_
	bbox = (217.6500, 810.7500) - (217.9500, 810.8500) on Layer M3
violation type: Short
	srcs: net:u_data_mem/_40939_ net:u_data_mem/_41033_
	bbox = (217.8500, 810.7500) - (217.9500, 810.8500) on Layer M3
violation type: Short
	srcs: net:u_riscv_top/multiplier/_08187_ net:u_riscv_top/multiplier/_08786_
	bbox = (219.0500, 349.3500) - (219.1500, 349.4500) on Layer M3
violation type: Short
	srcs: net:u_riscv_top/multiplier/_09452_ net:u_riscv_top/multiplier/_10281_
	bbox = (219.8500, 323.7500) - (219.9500, 323.8500) on Layer M3
violation type: Short
	srcs: net:u_data_mem/_18192_ net:u_data_mem/_37835_
	bbox = (219.8500, 943.3500) - (219.9500, 943.4500) on Layer M3
violation type: Short
	srcs: net:u_data_mem/_24371_ net:u_data_mem/_38650_
	bbox = (221.0500, 712.9500) - (221.1500, 713.0500) on Layer M3
violation type: Short
	srcs: net:u_data_mem/_35549_ net:u_data_mem/_37444_
	bbox = (224.2500, 951.3500) - (224.3500, 951.4500) on Layer M3
violation type: Short
	srcs: net:u_data_mem/_35549_ net:u_data_mem/_37444_
	bbox = (224.2500, 951.3500) - (224.5300, 951.4500) on Layer M3
violation type: Short
	srcs: net:u_riscv_top/rst_core_n net:net4
	bbox = (225.4500, 453.7500) - (225.5500, 453.8500) on Layer M3
violation type: Short
	srcs: net:u_data_mem/_39979_ net:u_data_mem/_40938_
	bbox = (225.6500, 928.3500) - (225.7500, 928.4500) on Layer M3
violation type: Short
	srcs: net:u_data_mem/_39979_ net:u_data_mem/_40938_
	bbox = (225.8500, 928.5500) - (225.9500, 928.6500) on Layer M3
violation type: Short
	srcs: net:u_riscv_top/multiplier/_08471_ net:u_riscv_top/multiplier/_09184_
	bbox = (226.4500, 332.5500) - (226.5500, 332.6500) on Layer M3
violation type: Short
	srcs: net:u_data_mem/_35674_ net:u_data_mem/_35692_
	bbox = (228.2500, 613.3500) - (228.3500, 613.4500) on Layer M3
violation type: Short
	srcs: net:u_data_mem/_25381_ net:u_data_mem/_39996_
	bbox = (228.6500, 771.9500) - (228.7500, 772.0500) on Layer M3
violation type: Short
	srcs: net:u_data_mem/_35544_ net:u_data_mem/_40989_
	bbox = (231.0500, 820.3500) - (231.1500, 820.4500) on Layer M3
violation type: Short
	srcs: net:mem_wdata[10] net:u_data_mem/_35573_
	bbox = (231.0500, 882.1500) - (231.1500, 882.2500) on Layer M3
violation type: Short
	srcs: net:u_data_mem/_41068_ net:net1279
	bbox = (231.8500, 530.1500) - (231.9500, 530.2500) on Layer M3
violation type: Short
	srcs: net:u_data_mem/_35907_ net:u_data_mem/_38631_
	bbox = (232.4500, 816.3500) - (232.5500, 816.4500) on Layer M3
violation type: Short
	srcs: net:apb_rdata[28] net:u_riscv_top/h2[12]
	bbox = (233.8500, 502.3500) - (233.9500, 502.4500) on Layer M3
violation type: Short
	srcs: net:u_data_mem/_22243_ net:u_data_mem/_40985_
	bbox = (234.8500, 870.9500) - (234.9500, 871.0500) on Layer M3
violation type: Short
	srcs: net:mem_wdata[3] net:u_data_mem/_41088_
	bbox = (235.0500, 758.3500) - (235.1500, 758.4500) on Layer M3
violation type: Short
	srcs: net:u_data_mem/_36407_ net:u_data_mem/_38953_
	bbox = (236.0500, 649.1500) - (236.1500, 649.2500) on Layer M3
violation type: Short
	srcs: net:u_data_mem/_25187_ net:u_data_mem/_38483_
	bbox = (236.2500, 703.5500) - (236.3500, 703.6500) on Layer M3
violation type: Short
	srcs: net:u_data_mem/_18178_ net:u_data_mem/_41186_
	bbox = (236.2500, 757.5500) - (236.3500, 757.6500) on Layer M3
violation type: Short
	srcs: net:u_data_mem/_35534_ net:u_data_mem/_40995_
	bbox = (236.2500, 817.1500) - (236.3500, 817.2500) on Layer M3
violation type: Short
	srcs: net:u_data_mem/_40727_ net:clknet_2_2_0_clk
	bbox = (236.8500, 854.7500) - (236.9500, 854.8500) on Layer M3
violation type: Short
	srcs: net:apb_addr[21] net:u_apb/net1991
	bbox = (236.9500, 501.5500) - (237.0500, 501.6500) on Layer M3
violation type: Short
	srcs: net:apb_addr[21] net:u_apb/net1991
	bbox = (236.9500, 501.5500) - (237.0500, 501.8500) on Layer M3
violation type: Short
	srcs: net:apb_addr[21] net:u_apb/net1991
	bbox = (236.9500, 501.7500) - (237.0500, 501.8500) on Layer M3
violation type: Short
	srcs: net:u_data_mem/_35537_ net:clknet_8_176_0_clk
	bbox = (236.9500, 749.7500) - (237.0500, 749.8500) on Layer M3
violation type: Short
	srcs: net:u_data_mem/_37091_ net:u_data_mem/_37096_
	bbox = (236.9500, 811.9500) - (237.0500, 812.0500) on Layer M3
violation type: Short
	srcs: net:mem_wdata[17] net:u_data_mem/_37087_
	bbox = (236.9500, 934.7500) - (237.0500, 934.8500) on Layer M3
violation type: Short
	srcs: net:u_data_mem/_18264_ net:u_data_mem/_41123_
	bbox = (236.9500, 950.1500) - (237.0500, 950.2500) on Layer M3
violation type: Short
	srcs: net:u_data_mem/_40939_ net:u_data_mem/_41084_
	bbox = (236.9500, 955.5500) - (237.0500, 955.6500) on Layer M3
violation type: Short
	srcs: net:u_data_mem/_36679_ net:u_data_mem/_36708_
	bbox = (237.0500, 701.5500) - (237.1500, 701.6500) on Layer M3
violation type: Short
	srcs: net:u_data_mem/_19520_ net:u_data_mem/_35630_
	bbox = (237.0500, 924.9500) - (237.1500, 925.0500) on Layer M3
violation type: Short
	srcs: net:u_data_mem/_19520_ net:u_data_mem/_41237_
	bbox = (237.0500, 925.1500) - (237.1500, 925.2500) on Layer M3
violation type: Short
	srcs: net:u_data_mem/_19520_ net:u_data_mem/_41123_
	bbox = (237.0500, 925.3500) - (237.1500, 925.4500) on Layer M3
violation type: Short
	srcs: net:u_data_mem/_38718_ net:u_data_mem/_38970_
	bbox = (237.2500, 672.7500) - (237.3500, 672.8500) on Layer M3
violation type: Short
	srcs: net:u_data_mem/_39834_ net:u_data_mem/_41243_
	bbox = (237.2500, 674.5500) - (237.3500, 674.6500) on Layer M3
violation type: Short
	srcs: net:u_data_mem/_41169_ net:net1333
	bbox = (237.6500, 511.1500) - (237.7500, 511.2500) on Layer M3
violation type: Short
	srcs: net:u_data_mem/_40982_ net:u_data_mem/_41262_
	bbox = (237.6500, 595.7500) - (237.7500, 595.8500) on Layer M3
violation type: Short
	srcs: net:mem_addr[0] net:u_data_mem/_40994_
	bbox = (238.0500, 665.5500) - (238.1500, 665.6500) on Layer M3
violation type: Short
	srcs: net:u_riscv_top/multiplier/_07890_ net:u_riscv_top/multiplier/_09222_
	bbox = (239.2500, 292.7500) - (239.3500, 292.8500) on Layer M3
violation type: Short
	srcs: net:u_riscv_top/multiplier/_07769_ net:u_riscv_top/multiplier/_07791_
	bbox = (240.0500, 380.1500) - (240.1500, 380.2500) on Layer M3
violation type: Short
	srcs: net:u_data_mem/_25176_ net:u_data_mem/_38650_
	bbox = (241.0500, 712.9500) - (241.1500, 713.0500) on Layer M3
violation type: Short
	srcs: net:mem_wdata[0] net:u_data_mem/_38754_
	bbox = (241.4500, 646.3500) - (241.5500, 646.4500) on Layer M3
violation type: Short
	srcs: net:u_data_mem/_36041_ net:u_data_mem/bank1\[61\][28]
	bbox = (241.4500, 708.7500) - (241.5500, 708.8500) on Layer M3
violation type: Short
	srcs: net:u_data_mem/_18367_ net:u_data_mem/_41243_
	bbox = (242.6500, 674.3500) - (242.7500, 674.4500) on Layer M3
violation type: Short
	srcs: net:u_riscv_top/multiplier/_09528_ net:u_riscv_top/multiplier/_09704_
	bbox = (245.6500, 244.5500) - (245.7500, 244.6500) on Layer M3
violation type: Short
	srcs: net:u_data_mem/_38185_ net:u_data_mem/_39882_
	bbox = (247.2500, 881.7500) - (247.3500, 881.8500) on Layer M3
violation type: Short
	srcs: net:u_data_mem/_35635_ net:u_data_mem/_40979_
	bbox = (248.2500, 864.1500) - (248.3500, 864.2500) on Layer M3
violation type: Short
	srcs: net:u_data_mem/_18362_ net:u_data_mem/_41221_
	bbox = (249.0500, 702.1500) - (249.1500, 702.2500) on Layer M3
violation type: Short
	srcs: net:mem_wdata[27] net:u_data_mem/_35539_
	bbox = (250.0500, 603.3500) - (250.1500, 603.4500) on Layer M3
violation type: Short
	srcs: net:mem_wdata[30] net:u_data_mem/_18198_
	bbox = (250.4500, 1006.3500) - (250.5500, 1006.4500) on Layer M3
violation type: Short
	srcs: net:mem_wdata[27] net:u_data_mem/_41169_
	bbox = (252.6500, 603.1500) - (252.7500, 603.2500) on Layer M3
violation type: Short
	srcs: net:u_data_mem/_35533_ net:u_data_mem/_35544_
	bbox = (255.4500, 933.7500) - (255.5500, 933.8500) on Layer M3
violation type: Short
	srcs: net:u_riscv_top/multiplier/_10321_ net:u_riscv_top/multiplier/_10350_
	bbox = (256.2500, 446.1500) - (256.3500, 446.2500) on Layer M3
violation type: Short
	srcs: net:u_data_mem/_35538_ net:u_data_mem/_40994_
	bbox = (256.2500, 665.5500) - (256.3500, 665.6500) on Layer M3
violation type: Short
	srcs: net:u_data_mem/_18181_ net:u_data_mem/_40989_
	bbox = (257.2500, 832.3500) - (257.3500, 832.4500) on Layer M3
violation type: Short
	srcs: net:u_data_mem/_18181_ net:u_data_mem/_40989_
	bbox = (257.2500, 832.3500) - (257.5500, 832.4500) on Layer M3
violation type: Short
	srcs: net:u_data_mem/_18181_ net:u_data_mem/_40989_
	bbox = (257.4500, 832.3500) - (257.5500, 832.4500) on Layer M3
violation type: Short
	srcs: net:u_data_mem/_18365_ net:u_data_mem/_40884_
	bbox = (257.9500, 646.9500) - (258.0500, 647.0500) on Layer M3
violation type: Short
	srcs: net:u_data_mem/_18365_ net:u_data_mem/_40884_
	bbox = (257.9500, 646.9500) - (258.0500, 647.2500) on Layer M3
violation type: Short
	srcs: net:u_data_mem/_18365_ net:u_data_mem/_40884_
	bbox = (257.9500, 647.1500) - (258.0500, 647.2500) on Layer M3
violation type: Short
	srcs: net:mem_wdata[24] net:u_data_mem/_18361_
	bbox = (257.9500, 708.1500) - (258.0500, 708.2500) on Layer M3
violation type: Short
	srcs: net:mem_wdata[24] net:u_data_mem/_18361_
	bbox = (257.9500, 708.1500) - (258.0500, 708.4500) on Layer M3
violation type: Short
	srcs: net:mem_wdata[24] net:u_data_mem/_18361_
	bbox = (257.9500, 708.3500) - (258.0500, 708.4500) on Layer M3
violation type: Short
	srcs: net:u_data_mem/_18190_ net:u_data_mem/_37727_
	bbox = (257.9500, 900.1500) - (258.0500, 900.2500) on Layer M3
violation type: Short
	srcs: net:u_data_mem/_36590_ net:u_data_mem/_37727_
	bbox = (257.9500, 900.3500) - (258.0500, 900.4500) on Layer M3
violation type: Short
	srcs: net:u_data_mem/_38664_ net:u_data_mem/_41166_
	bbox = (258.0500, 546.9500) - (258.1500, 547.0500) on Layer M3
violation type: Short
	srcs: net:u_data_mem/_41123_ net:u_data_mem/_41124_
	bbox = (258.0500, 903.1500) - (258.1500, 903.2500) on Layer M3
violation type: Short
	srcs: net:u_data_mem/_41123_ net:u_data_mem/_41124_
	bbox = (258.0500, 903.1500) - (258.3500, 903.2500) on Layer M3
violation type: Short
	srcs: net:u_riscv_top/multiplier/_09096_ net:u_riscv_top/multiplier/_10281_
	bbox = (258.2500, 336.5500) - (258.3500, 336.6500) on Layer M3
violation type: Short
	srcs: net:pwdata_sim[0] net:riscv_addr[9]
	bbox = (258.2500, 457.5500) - (258.3500, 457.6500) on Layer M3
violation type: Short
	srcs: net:u_data_mem/_37905_ net:clknet_8_141_0_clk
	bbox = (258.2500, 574.5500) - (258.3500, 574.6500) on Layer M3
violation type: Short
	srcs: net:u_data_mem/_18363_ net:u_data_mem/_36572_
	bbox = (258.2500, 645.5500) - (258.3500, 645.6500) on Layer M3
violation type: Short
	srcs: net:u_data_mem/_35542_ net:u_data_mem/_36572_
	bbox = (258.2500, 645.7500) - (258.3500, 645.8500) on Layer M3
violation type: Short
	srcs: net:u_data_mem/_40960_ net:u_data_mem/_41140_
	bbox = (258.2500, 804.7500) - (258.3500, 804.8500) on Layer M3
violation type: Short
	srcs: net:u_data_mem/_37434_ net:u_data_mem/_41006_
	bbox = (258.2500, 822.3500) - (258.3500, 822.4500) on Layer M3
violation type: Short
	srcs: net:u_data_mem/_41123_ net:u_data_mem/_41124_
	bbox = (258.2500, 903.1500) - (258.3500, 903.2500) on Layer M3
violation type: Short
	srcs: net:u_data_mem/_35592_ net:u_data_mem/_37704_
	bbox = (258.2500, 948.5500) - (258.3500, 948.6500) on Layer M3
violation type: Short
	srcs: net:u_data_mem/_37461_ net:u_data_mem/_39636_
	bbox = (258.4700, 649.1500) - (258.5500, 649.2500) on Layer M3
violation type: Short
	srcs: net:apb_rdata[11] net:riscv_we
	bbox = (258.6500, 530.5500) - (258.7500, 530.6500) on Layer M3
violation type: Short
	srcs: net:u_data_mem/_41188_ net:u_data_mem/_41259_
	bbox = (259.2500, 730.7500) - (259.3500, 730.8500) on Layer M3
violation type: Short
	srcs: net:u_data_mem/_40211_ net:u_data_mem/_40952_
	bbox = (259.4500, 951.9500) - (259.5500, 952.0500) on Layer M3
violation type: Short
	srcs: net:u_riscv_top/multiplier/_07268_ net:u_riscv_top/multiplier/_09672_
	bbox = (261.2500, 285.7500) - (261.3500, 285.8500) on Layer M3
violation type: Short
	srcs: net:u_data_mem/_36175_ net:u_data_mem/_39293_
	bbox = (263.2500, 690.9500) - (263.3500, 691.0500) on Layer M3
violation type: Short
	srcs: net:u_data_mem/_35543_ net:u_data_mem/_37835_
	bbox = (264.6500, 943.1500) - (264.7500, 943.2500) on Layer M3
violation type: Short
	srcs: net:u_data_mem/_35655_ net:u_data_mem/_37721_
	bbox = (265.0500, 819.3500) - (265.1500, 819.4500) on Layer M3
violation type: Short
	srcs: net:wb_data_sim[4] net:net1334
	bbox = (266.0500, 523.5500) - (266.1500, 523.6500) on Layer M3
violation type: Short
	srcs: net:mem_wdata[26] net:u_data_mem/_40688_
	bbox = (266.0500, 658.5500) - (266.1500, 658.6500) on Layer M3
violation type: Short
	srcs: net:u_data_mem/_24943_ net:u_data_mem/_35552_
	bbox = (266.4500, 736.3500) - (266.5500, 736.4500) on Layer M3
violation type: Short
	srcs: net:u_data_mem/_36611_ net:u_data_mem/bank1\[60\][3]
	bbox = (267.2500, 640.9500) - (267.3500, 641.0500) on Layer M3
violation type: Short
	srcs: net:u_data_mem/_41016_ net:u_data_mem/bank0\[62\][7]
	bbox = (269.8500, 799.3500) - (269.9500, 799.4500) on Layer M3
violation type: Short
	srcs: net:u_data_mem/_26189_ net:u_data_mem/_35543_
	bbox = (270.8500, 604.5500) - (270.9500, 604.6500) on Layer M3
violation type: Short
	srcs: net:mem_wdata[18] net:u_data_mem/_18314_
	bbox = (271.0500, 594.1500) - (271.1500, 594.2500) on Layer M3
violation type: Short
	srcs: net:u_data_mem/_35531_ net:clknet_10_543__leaf_clk
	bbox = (272.2500, 550.9500) - (272.3500, 551.0500) on Layer M3
violation type: Short
	srcs: net:mem_wdata[31] net:u_data_mem/bank0\[59\][31]
	bbox = (272.2500, 784.9500) - (272.3500, 785.0500) on Layer M3
violation type: Short
	srcs: net:u_data_mem/_35542_ net:u_data_mem/_35544_
	bbox = (272.4100, 806.9500) - (272.5900, 807.0500) on Layer M3
violation type: Short
	srcs: net:mem_wdata[10] net:u_data_mem/_37400_
	bbox = (272.4500, 627.7500) - (272.5500, 627.8500) on Layer M3
violation type: Short
	srcs: net:u_data_mem/_35542_ net:u_data_mem/_35544_
	bbox = (272.4500, 806.9500) - (272.5500, 807.0500) on Layer M3
violation type: Short
	srcs: net:u_data_mem/_38394_ net:u_data_mem/_38422_
	bbox = (272.4500, 880.3500) - (272.5500, 880.4500) on Layer M3
violation type: Short
	srcs: net:u_data_mem/_41223_ net:u_data_mem/_41328_
	bbox = (272.6500, 721.7500) - (272.7500, 721.8500) on Layer M3
violation type: Short
	srcs: net:u_data_mem/_37418_ net:u_data_mem/_39639_
	bbox = (273.2500, 649.7500) - (273.3500, 649.8500) on Layer M3
violation type: Short
	srcs: net:u_data_mem/_35655_ net:u_data_mem/_41131_
	bbox = (274.8500, 819.5500) - (274.9500, 819.6500) on Layer M3
violation type: Short
	srcs: net:u_data_mem/_36590_ net:u_data_mem/_37727_
	bbox = (274.8500, 900.1500) - (274.9500, 900.2500) on Layer M3
violation type: Short
	srcs: net:u_data_mem/_22402_ net:u_data_mem/_41301_
	bbox = (275.4500, 835.3500) - (275.5500, 835.4500) on Layer M3
violation type: Short
	srcs: net:u_data_mem/_38717_ net:u_data_mem/_40989_
	bbox = (275.6500, 845.7500) - (275.7500, 845.8500) on Layer M3
violation type: Short
	srcs: net:u_data_mem/_35549_ net:u_data_mem/_41244_
	bbox = (276.4500, 735.9500) - (276.5500, 736.0500) on Layer M3
violation type: Short
	srcs: net:u_data_mem/bank1\[14\][30] net:net1333
	bbox = (277.6500, 511.3500) - (277.7500, 511.4500) on Layer M3
violation type: Short
	srcs: net:u_data_mem/_38002_ net:u_data_mem/_41080_
	bbox = (278.0500, 597.3500) - (278.1500, 597.4500) on Layer M3
violation type: Short
	srcs: net:u_data_mem/_35537_ net:u_data_mem/bank1\[15\][31]
	bbox = (278.2100, 596.1500) - (278.3900, 596.2500) on Layer M3
violation type: Short
	srcs: net:u_data_mem/_35537_ net:u_data_mem/bank1\[15\][31]
	bbox = (278.2500, 596.1500) - (278.3500, 596.2500) on Layer M3
violation type: Short
	srcs: net:u_data_mem/_35549_ net:u_data_mem/_41244_
	bbox = (278.6500, 736.1500) - (278.7500, 736.2500) on Layer M3
violation type: Short
	srcs: net:u_data_mem/_41225_ net:u_data_mem/_41259_
	bbox = (278.8500, 728.3500) - (278.9500, 728.4500) on Layer M3
violation type: Short
	srcs: net:u_data_mem/_35573_ net:u_data_mem/_35693_
	bbox = (278.9500, 510.5500) - (279.0500, 510.6500) on Layer M3
violation type: Short
	srcs: net:u_data_mem/_38002_ net:u_data_mem/_41080_
	bbox = (278.9500, 597.1500) - (279.0500, 597.2500) on Layer M3
violation type: Short
	srcs: net:u_data_mem/_35620_ net:u_data_mem/_40979_
	bbox = (278.9500, 817.5500) - (279.0500, 817.6500) on Layer M3
violation type: Short
	srcs: net:u_data_mem/_35620_ net:u_data_mem/_40979_
	bbox = (278.9500, 817.5500) - (279.1500, 817.6500) on Layer M3
violation type: Short
	srcs: net:u_data_mem/_35620_ net:u_data_mem/_40979_
	bbox = (279.0495, 817.5500) - (279.0505, 817.6500) on Layer M3
violation type: Short
	srcs: net:u_data_mem/_18268_ net:u_data_mem/_40979_
	bbox = (279.0500, 816.7500) - (279.1500, 816.8500) on Layer M3
violation type: Short
	srcs: net:u_data_mem/_35534_ net:u_data_mem/_40979_
	bbox = (279.0500, 816.9500) - (279.1500, 817.0500) on Layer M3
violation type: Short
	srcs: net:u_data_mem/_35893_ net:u_data_mem/_40979_
	bbox = (279.0500, 817.1500) - (279.1500, 817.2500) on Layer M3
violation type: Short
	srcs: net:u_data_mem/_18271_ net:u_data_mem/_40979_
	bbox = (279.0500, 817.3500) - (279.1500, 817.4500) on Layer M3
violation type: Short
	srcs: net:u_data_mem/_35620_ net:u_data_mem/_40979_
	bbox = (279.0500, 817.5500) - (279.1500, 817.6500) on Layer M3
violation type: Short
	srcs: net:u_riscv_top/multiplier/_07527_ net:u_riscv_top/multiplier/_10344_
	bbox = (279.2100, 330.7500) - (279.3900, 330.8500) on Layer M3
violation type: Short
	srcs: net:u_riscv_top/multiplier/_07527_ net:u_riscv_top/multiplier/_10344_
	bbox = (279.2500, 330.7500) - (279.3500, 330.8500) on Layer M3
violation type: Short
	srcs: net:mem_wdata[3] net:u_data_mem/_35531_
	bbox = (279.2500, 550.7500) - (279.3500, 550.8500) on Layer M3
violation type: Short
	srcs: net:mem_wdata[20] net:u_data_mem/_39535_
	bbox = (279.2500, 635.5500) - (279.3500, 635.6500) on Layer M3
violation type: Short
	srcs: net:u_data_mem/_18363_ net:u_data_mem/_40240_
	bbox = (279.2500, 668.1500) - (279.3500, 668.2500) on Layer M3
violation type: Short
	srcs: net:u_data_mem/_18360_ net:u_data_mem/_39124_
	bbox = (279.4500, 727.3500) - (279.5500, 727.4500) on Layer M3
violation type: Short
	srcs: net:u_data_mem/_41225_ net:u_data_mem/_41259_
	bbox = (279.4500, 728.1500) - (279.5300, 728.2500) on Layer M3
violation type: Short
	srcs: net:u_data_mem/_35544_ net:u_data_mem/_35611_
	bbox = (279.4500, 817.9500) - (279.5500, 818.0500) on Layer M3
violation type: Short
	srcs: net:u_data_mem/_35543_ net:u_data_mem/_36212_
	bbox = (279.4500, 872.3500) - (279.5500, 872.4500) on Layer M3
violation type: Short
	srcs: net:mem_wdata[25] net:u_data_mem/_18180_
	bbox = (279.8500, 902.1500) - (279.9500, 902.2500) on Layer M3
violation type: Short
	srcs: net:u_data_mem/_40957_ net:u_data_mem/_40961_
	bbox = (282.8500, 747.1500) - (282.9500, 747.2500) on Layer M3
violation type: Short
	srcs: net:u_data_mem/_18359_ net:u_data_mem/_38007_
	bbox = (283.2500, 748.5500) - (283.3500, 748.6500) on Layer M3
violation type: Short
	srcs: net:u_data_mem/_23751_ net:u_data_mem/_35544_
	bbox = (284.6500, 595.5500) - (284.7500, 595.6500) on Layer M3
violation type: Short
	srcs: net:u_data_mem/_35549_ net:u_data_mem/_41012_
	bbox = (285.0500, 610.5500) - (285.1500, 610.6500) on Layer M3
violation type: Short
	srcs: net:apb_rdata[13] net:u_data_mem/_23767_
	bbox = (285.2500, 495.5500) - (285.3500, 495.6500) on Layer M3
violation type: Short
	srcs: net:riscv_addr[0] net:u_data_mem/_23767_
	bbox = (285.2500, 495.7500) - (285.3500, 495.8500) on Layer M3
violation type: Short
	srcs: net:u_data_mem/_41155_ net:u_data_mem/bank0\[8\][3]
	bbox = (285.8500, 892.5500) - (285.9500, 892.6500) on Layer M3
violation type: Short
	srcs: net:mem_addr[0] net:u_data_mem/_35544_
	bbox = (286.4100, 610.9500) - (286.7900, 611.0500) on Layer M3
violation type: Short
	srcs: net:mem_addr[0] net:u_data_mem/_35544_
	bbox = (286.6500, 610.9500) - (286.7500, 611.0500) on Layer M3
violation type: Short
	srcs: net:u_data_mem/_18268_ net:u_data_mem/_35893_
	bbox = (287.0500, 816.9500) - (287.1500, 817.0500) on Layer M3
violation type: Short
	srcs: net:mem_wdata[15] net:u_data_mem/_35542_
	bbox = (287.2500, 505.5500) - (287.3500, 505.6500) on Layer M3
violation type: Short
	srcs: net:mem_wdata[27] net:u_data_mem/_41180_
	bbox = (287.2500, 737.7500) - (287.3500, 737.8500) on Layer M3
violation type: Short
	srcs: net:u_data_mem/_20121_ net:u_data_mem/_40940_
	bbox = (288.0500, 964.9500) - (288.1500, 965.0500) on Layer M3
violation type: Short
	srcs: net:u_data_mem/_36212_ net:u_data_mem/_41006_
	bbox = (288.6500, 871.7500) - (288.7500, 871.8500) on Layer M3
violation type: Short
	srcs: net:mem_wdata[27] net:u_data_mem/_41180_
	bbox = (289.4500, 737.5500) - (289.5500, 737.6500) on Layer M3
violation type: Short
	srcs: net:u_data_mem/_35128_ net:u_data_mem/_37047_
	bbox = (290.4500, 700.3500) - (290.5500, 700.4500) on Layer M3
violation type: Short
	srcs: net:u_data_mem/_22313_ net:u_data_mem/_35611_
	bbox = (290.4500, 843.9500) - (290.5500, 844.0500) on Layer M3
violation type: Short
	srcs: net:u_data_mem/_18199_ net:u_data_mem/_35532_
	bbox = (290.6500, 1011.9500) - (290.7500, 1012.0500) on Layer M3
violation type: Short
	srcs: net:u_data_mem/_35538_ net:u_data_mem/_40343_
	bbox = (292.2500, 701.5500) - (292.3500, 701.6500) on Layer M3
violation type: Short
	srcs: net:u_riscv_top/multiplier/_08260_ net:u_riscv_top/multiplier/_10015_
	bbox = (292.6500, 269.9500) - (292.7500, 270.0500) on Layer M3
violation type: Short
	srcs: net:apb_addr[23] net:apb_addr[29]
	bbox = (293.6500, 526.9500) - (293.7500, 527.0500) on Layer M3
violation type: Short
	srcs: net:u_data_mem/_25287_ net:u_data_mem/_41223_
	bbox = (293.8500, 636.9500) - (293.9500, 637.0500) on Layer M3
violation type: Short
	srcs: net:mem_wdata[2] net:u_data_mem/_41259_
	bbox = (294.0500, 618.9500) - (294.1500, 619.0500) on Layer M3
violation type: Short
	srcs: net:u_data_mem/_35551_ net:u_data_mem/bank0\[27\][10]
	bbox = (296.6500, 973.9500) - (296.7500, 974.0500) on Layer M3
violation type: Short
	srcs: net:u_data_mem/_22561_ net:u_data_mem/_37547_
	bbox = (297.6500, 982.5500) - (297.7500, 982.6500) on Layer M3
violation type: Short
	srcs: net:u_data_mem/_36396_ net:u_data_mem/_39178_
	bbox = (298.6500, 882.3500) - (298.7500, 882.4500) on Layer M3
violation type: Short
	srcs: net:mem_wdata[13] net:u_data_mem/_35551_
	bbox = (299.0500, 893.9500) - (299.1500, 894.0500) on Layer M3
violation type: Short
	srcs: net:u_data_mem/_39132_ net:u_data_mem/_41230_
	bbox = (299.2500, 776.1500) - (299.3500, 776.2500) on Layer M3
violation type: Short
	srcs: net:u_data_mem/_40894_ net:clknet_10_614__leaf_clk
	bbox = (299.6500, 647.7500) - (299.7500, 647.8500) on Layer M3
violation type: Short
	srcs: net:u_data_mem/_36175_ net:u_data_mem/_38595_
	bbox = (299.9500, 690.7500) - (300.0500, 690.8500) on Layer M3
violation type: Short
	srcs: net:u_data_mem/_40946_ net:u_data_mem/_41031_
	bbox = (299.9500, 804.3500) - (300.0500, 804.4500) on Layer M3
violation type: Short
	srcs: net:u_riscv_top/multiplier/_08196_ net:u_riscv_top/multiplier/_08499_
	bbox = (300.0100, 398.1500) - (300.0500, 398.2500) on Layer M3
violation type: Short
	srcs: net:u_riscv_top/multiplier/_08196_ net:u_riscv_top/multiplier/_08499_
	bbox = (300.0495, 398.1500) - (300.0505, 398.2500) on Layer M3
violation type: Short
	srcs: net:u_riscv_top/multiplier/_09870_ net:u_riscv_top/multiplier/_10339_
	bbox = (300.0500, 250.3500) - (300.1500, 250.4500) on Layer M3
violation type: Short
	srcs: net:u_data_mem/_18312_ net:u_data_mem/_41028_
	bbox = (300.0500, 478.1500) - (300.1500, 478.2500) on Layer M3
violation type: Short
	srcs: net:u_data_mem/_18312_ net:u_data_mem/_41028_
	bbox = (300.0500, 478.1500) - (300.3500, 478.2500) on Layer M3
violation type: Short
	srcs: net:u_data_mem/_38953_ net:u_data_mem/_39639_
	bbox = (300.0500, 649.5500) - (300.1500, 649.6500) on Layer M3
violation type: Short
	srcs: net:u_data_mem/_18312_ net:u_data_mem/_41028_
	bbox = (300.2500, 478.1500) - (300.3500, 478.2500) on Layer M3
violation type: Short
	srcs: net:mem_wdata[14] net:u_data_mem/_37290_
	bbox = (300.2500, 638.5500) - (300.3500, 638.6500) on Layer M3
violation type: Short
	srcs: net:mem_wdata[27] net:u_data_mem/_41180_
	bbox = (300.2500, 737.7500) - (300.3500, 737.8500) on Layer M3
violation type: Short
	srcs: net:mem_wdata[27] net:u_data_mem/_41180_
	bbox = (300.2500, 737.7500) - (300.5500, 737.8500) on Layer M3
violation type: Short
	srcs: net:u_data_mem/_18197_ net:u_data_mem/_41155_
	bbox = (300.2500, 938.1500) - (300.3500, 938.2500) on Layer M3
violation type: Short
	srcs: net:u_data_mem/_41077_ net:u_data_mem/_41155_
	bbox = (300.2500, 938.3500) - (300.3500, 938.4500) on Layer M3
violation type: Short
	srcs: net:mem_wdata[27] net:u_data_mem/_41180_
	bbox = (300.4500, 737.7500) - (300.5500, 737.8500) on Layer M3
violation type: Short
	srcs: net:u_riscv_top/multiplier/_08204_ net:u_riscv_top/multiplier/_10020_
	bbox = (300.6500, 260.7500) - (300.7500, 260.8500) on Layer M3
violation type: Short
	srcs: net:apb_rdata[30] net:u_data_mem/_35542_
	bbox = (301.0500, 520.3500) - (301.1500, 520.4500) on Layer M3
violation type: Short
	srcs: net:u_data_mem/_35536_ net:u_data_mem/_39826_
	bbox = (301.2500, 567.5500) - (301.3500, 567.6500) on Layer M3
violation type: Short
	srcs: net:mem_addr[0] net:u_data_mem/_38267_
	bbox = (301.2500, 703.9500) - (301.3500, 704.0500) on Layer M3
violation type: Short
	srcs: net:u_data_mem/_22231_ net:u_data_mem/_40991_
	bbox = (301.2500, 916.3500) - (301.3500, 916.4500) on Layer M3
violation type: Short
	srcs: net:u_data_mem/_35558_ net:u_data_mem/_41042_
	bbox = (301.6500, 757.3500) - (301.7500, 757.4500) on Layer M3
violation type: Short
	srcs: net:u_data_mem/_35573_ net:u_data_mem/_38412_
	bbox = (301.8500, 889.5500) - (301.9500, 889.6500) on Layer M3
violation type: Short
	srcs: net:mem_wdata[7] net:u_data_mem/_22291_
	bbox = (302.8500, 879.9500) - (302.9500, 880.0500) on Layer M3
violation type: Short
	srcs: net:u_riscv_top/multiplier/_07685_ net:u_riscv_top/multiplier/_09270_
	bbox = (304.4500, 312.9500) - (304.5500, 313.0500) on Layer M3
violation type: Short
	srcs: net:u_riscv_top/multiplier/_07717_ net:u_riscv_top/multiplier/_10368_
	bbox = (304.6500, 384.1500) - (304.7500, 384.2500) on Layer M3
violation type: Short
	srcs: net:u_data_mem/_35869_ net:u_data_mem/_37280_
	bbox = (309.0500, 636.7500) - (309.1500, 636.8500) on Layer M3
violation type: Short
	srcs: net:u_data_mem/_37280_ net:u_data_mem/_40374_
	bbox = (309.0500, 636.9500) - (309.1500, 637.0500) on Layer M3
violation type: Short
	srcs: net:u_data_mem/_35551_ net:u_data_mem/_37280_
	bbox = (309.0500, 637.3500) - (309.1500, 637.4500) on Layer M3
violation type: Short
	srcs: net:mem_wdata[25] net:u_data_mem/_41173_
	bbox = (310.8500, 685.9500) - (310.9500, 686.0500) on Layer M3
violation type: Short
	srcs: net:u_data_mem/_35534_ net:u_data_mem/_40998_
	bbox = (311.4500, 825.9500) - (311.5500, 826.0500) on Layer M3
violation type: Short
	srcs: net:u_data_mem/_25954_ net:u_data_mem/_40999_
	bbox = (311.4500, 937.9500) - (311.5500, 938.0500) on Layer M3
violation type: Short
	srcs: net:u_riscv_top/multiplier/_07371_ net:u_riscv_top/multiplier/_10027_
	bbox = (312.2500, 253.5500) - (312.3500, 253.6500) on Layer M3
violation type: Short
	srcs: net:u_riscv_top/multiplier/_07443_ net:u_riscv_top/multiplier/_10017_
	bbox = (312.6500, 262.7500) - (312.7500, 262.8500) on Layer M3
violation type: Short
	srcs: net:u_data_mem/_40992_ net:u_data_mem/_41088_
	bbox = (312.6500, 756.1500) - (312.7500, 756.2500) on Layer M3
violation type: Short
	srcs: net:u_riscv_top/register_file/_07236_ net:u_riscv_top/register_file/regfile\[8\][0]
	bbox = (313.0500, 162.3500) - (313.1500, 162.4500) on Layer M3
violation type: Short
	srcs: net:u_riscv_top/register_file/_07227_ net:u_riscv_top/register_file/_10211_
	bbox = (313.4500, 78.9500) - (313.5500, 79.0500) on Layer M3
violation type: Short
	srcs: net:u_data_mem/_19586_ net:u_data_mem/_41267_
	bbox = (313.6500, 835.1500) - (313.7500, 835.2500) on Layer M3
violation type: Short
	srcs: net:u_data_mem/_38100_ net:u_data_mem/_38412_
	bbox = (314.2500, 889.3500) - (314.3500, 889.4500) on Layer M3
violation type: Short
	srcs: net:u_riscv_top/register_file/_07228_ net:u_riscv_top/register_file/_09086_
	bbox = (314.4100, 38.9500) - (314.9300, 39.0500) on Layer M3
violation type: Short
	srcs: net:u_data_mem/_40946_ net:u_data_mem/_41031_
	bbox = (316.0500, 804.7500) - (316.1500, 804.8500) on Layer M3
violation type: Short
	srcs: net:u_riscv_top/register_file/_07227_ net:u_riscv_top/register_file/regfile\[10\][10]
	bbox = (316.2500, 78.9500) - (316.3500, 79.0500) on Layer M3
violation type: Short
	srcs: net:mem_wdata[13] net:u_data_mem/_40974_
	bbox = (316.4500, 808.3500) - (316.5500, 808.4500) on Layer M3
violation type: Short
	srcs: net:u_riscv_top/register_file/_07236_ net:u_riscv_top/register_file/regfile\[8\][0]
	bbox = (316.8500, 162.3500) - (316.9500, 162.4500) on Layer M3
violation type: Short
	srcs: net:u_data_mem/_35551_ net:u_data_mem/_40347_
	bbox = (318.6500, 568.7500) - (318.7500, 568.8500) on Layer M3
violation type: Short
	srcs: net:u_riscv_top/register_file/_09660_ net:clknet_10_41__leaf_clk
	bbox = (319.8500, 208.9500) - (319.9500, 209.0500) on Layer M3
violation type: Short
	srcs: net:u_riscv_top/multiplier/_08205_ net:u_riscv_top/multiplier/_08255_
	bbox = (319.8500, 264.7500) - (319.9500, 264.8500) on Layer M3
violation type: Short
	srcs: net:mem_wdata[17] net:u_data_mem/_37906_
	bbox = (320.2500, 702.7500) - (320.3500, 702.8500) on Layer M3
violation type: Short
	srcs: net:mem_wdata[17] net:u_data_mem/_37906_
	bbox = (320.2500, 702.7500) - (320.5500, 702.8500) on Layer M3
violation type: Short
	srcs: net:mem_wdata[17] net:u_data_mem/_37906_
	bbox = (320.4500, 702.7500) - (320.5500, 702.8500) on Layer M3
violation type: Short
	srcs: net:u_data_mem/_35549_ net:u_data_mem/_41228_
	bbox = (320.4500, 741.1500) - (320.5500, 741.2500) on Layer M3
violation type: Short
	srcs: net:u_riscv_top/register_file/_09399_ net:u_riscv_top/register_file/_10217_
	bbox = (320.6500, 75.9500) - (320.7500, 76.0500) on Layer M3
violation type: Short
	srcs: net:u_data_mem/_35551_ net:u_data_mem/_40003_
	bbox = (320.8500, 487.1500) - (320.9500, 487.2500) on Layer M3
violation type: Short
	srcs: net:u_riscv_top/register_file/_09660_ net:u_riscv_top/register_file/regfile\[3\][0]
	bbox = (320.9495, 185.9500) - (320.9505, 186.0500) on Layer M3
violation type: Short
	srcs: net:u_riscv_top/register_file/_07212_ net:u_riscv_top/register_file/_07591_
	bbox = (320.9500, 207.1500) - (321.0500, 207.2500) on Layer M3
violation type: Short
	srcs: net:u_riscv_top/multiplier/_08187_ net:u_riscv_top/multiplier/_10344_
	bbox = (320.9500, 388.9500) - (321.0500, 389.0500) on Layer M3
violation type: Short
	srcs: net:u_data_mem/_36413_ net:u_data_mem/_36416_
	bbox = (320.9500, 504.1500) - (321.0500, 504.2500) on Layer M3
violation type: Short
	srcs: net:u_data_mem/_40982_ net:u_data_mem/_41080_
	bbox = (320.9500, 596.1500) - (321.0500, 596.2500) on Layer M3
violation type: Short
	srcs: net:u_data_mem/_36177_ net:u_data_mem/_36824_
	bbox = (320.9500, 687.7500) - (321.0500, 687.8500) on Layer M3
violation type: Short
	srcs: net:u_data_mem/_38714_ net:clknet_10_734__leaf_clk
	bbox = (320.9500, 825.9500) - (321.0500, 826.0500) on Layer M3
violation type: Short
	srcs: net:u_data_mem/_35538_ net:u_data_mem/_39989_
	bbox = (320.9500, 928.1500) - (321.0500, 928.2500) on Layer M3
violation type: Short
	srcs: net:u_data_mem/_35538_ net:u_data_mem/_39989_
	bbox = (320.9500, 928.1500) - (321.7500, 928.2500) on Layer M3
violation type: Short
	srcs: net:mem_wdata[14] net:u_data_mem/_35545_
	bbox = (321.0500, 757.9500) - (321.1500, 758.0500) on Layer M3
violation type: Short
	srcs: net:u_data_mem/_35531_ net:u_data_mem/_40240_
	bbox = (321.2500, 668.3500) - (321.3500, 668.4500) on Layer M3
violation type: Short
	srcs: net:u_data_mem/_35534_ net:u_data_mem/_41086_
	bbox = (321.2500, 927.1500) - (321.3500, 927.2500) on Layer M3
violation type: Short
	srcs: net:u_riscv_top/register_file/_08284_ net:u_riscv_top/register_file/_08290_
	bbox = (321.4500, 16.3500) - (321.5500, 16.4500) on Layer M3
violation type: Short
	srcs: net:u_data_mem/_35538_ net:u_data_mem/_39989_
	bbox = (321.6500, 928.1500) - (321.7500, 928.2500) on Layer M3
violation type: Short
	srcs: net:mem_wdata[13] net:u_data_mem/_40974_
	bbox = (321.8500, 808.1500) - (321.9500, 808.2500) on Layer M3
violation type: Short
	srcs: net:A2_sim[2] net:u_riscv_top/register_file/_08850_
	bbox = (322.4500, 19.1500) - (322.5500, 19.2500) on Layer M3
violation type: Short
	srcs: net:u_data_mem/_35611_ net:u_data_mem/_41067_
	bbox = (322.4500, 811.5500) - (322.5500, 811.6500) on Layer M3
violation type: Short
	srcs: net:apb_wdata[0] net:u_riscv_top/h2[15]
	bbox = (325.2500, 460.3500) - (325.3500, 460.4500) on Layer M3
violation type: Short
	srcs: net:apb_wdata[0] net:u_riscv_top/h2[15]
	bbox = (325.2500, 460.3500) - (325.5900, 460.4500) on Layer M3
violation type: Short
	srcs: net:u_data_mem/_35113_ net:u_data_mem/_35567_
	bbox = (326.4500, 735.9500) - (326.5500, 736.0500) on Layer M3
violation type: Short
	srcs: net:u_data_mem/_35544_ net:u_data_mem/bank1\[15\][8]
	bbox = (327.6100, 558.7500) - (328.1300, 558.8500) on Layer M3
violation type: Short
	srcs: net:A1_sim[1] net:A1_sim[2]
	bbox = (328.8100, 242.1500) - (328.9900, 242.2500) on Layer M3
violation type: Short
	srcs: net:A1_sim[1] net:A1_sim[2]
	bbox = (328.8500, 242.1500) - (328.9500, 242.2500) on Layer M3
violation type: Short
	srcs: net:mem_wdata[27] net:u_data_mem/_35566_
	bbox = (329.8500, 737.5500) - (329.9500, 737.6500) on Layer M3
violation type: Short
	srcs: net:u_data_mem/_40957_ net:u_data_mem/_40961_
	bbox = (330.0500, 747.5500) - (330.1500, 747.6500) on Layer M3
violation type: Short
	srcs: net:u_data_mem/_40957_ net:u_data_mem/_40961_
	bbox = (330.0500, 747.5500) - (330.5500, 747.6500) on Layer M3
violation type: Short
	srcs: net:u_data_mem/_39826_ net:u_data_mem/bank1\[11\][0]
	bbox = (330.4500, 567.1500) - (330.5500, 567.2500) on Layer M3
violation type: Short
	srcs: net:u_data_mem/_40957_ net:u_data_mem/_40961_
	bbox = (330.4500, 747.5500) - (330.5500, 747.6500) on Layer M3
violation type: Short
	srcs: net:u_riscv_top/register_file/_08514_ net:u_riscv_top/register_file/_09660_
	bbox = (331.0500, 150.9500) - (331.1500, 151.0500) on Layer M3
violation type: Short
	srcs: net:u_riscv_top/register_file/_08513_ net:u_riscv_top/register_file/_09660_
	bbox = (331.4500, 150.9500) - (331.5500, 151.0500) on Layer M3
violation type: Short
	srcs: net:A1_sim[0] net:u_riscv_top/register_file/_06801_
	bbox = (332.6500, 208.5500) - (332.7500, 208.6500) on Layer M3
violation type: Short
	srcs: net:mem_wdata[14] net:u_data_mem/_41239_
	bbox = (334.2500, 757.9500) - (334.3500, 758.0500) on Layer M3
violation type: Short
	srcs: net:u_data_mem/_35551_ net:clknet_10_589__leaf_clk
	bbox = (335.4500, 568.7500) - (335.5500, 568.8500) on Layer M3
violation type: Short
	srcs: net:u_data_mem/_24951_ net:u_data_mem/_41053_
	bbox = (335.4500, 784.9500) - (335.5500, 785.0500) on Layer M3
violation type: Short
	srcs: net:riscv_rdata[26] net:wb_data_sim[26]
	bbox = (338.8500, 502.3500) - (338.9500, 502.4500) on Layer M3
violation type: Short
	srcs: net:mem_addr[0] net:u_data_mem/_18352_
	bbox = (339.6700, 803.7500) - (340.1900, 803.8500) on Layer M3
violation type: Short
	srcs: net:A3_sim[0] net:u_riscv_top/register_file/_06199_
	bbox = (340.2500, 232.7500) - (340.3500, 232.8500) on Layer M3
violation type: Short
	srcs: net:u_riscv_top/register_file/_07236_ net:u_riscv_top/register_file/_08852_
	bbox = (341.4100, 231.1500) - (341.9500, 231.2500) on Layer M3
violation type: Short
	srcs: net:u_data_mem/_24401_ net:u_data_mem/_41149_
	bbox = (341.4100, 614.9500) - (341.9300, 615.0500) on Layer M3
violation type: Short
	srcs: net:u_data_mem/_35534_ net:u_data_mem/_41053_
	bbox = (341.6500, 784.7500) - (341.7500, 784.8500) on Layer M3
violation type: Short
	srcs: net:u_riscv_top/register_file/_07236_ net:u_riscv_top/register_file/_08852_
	bbox = (341.8500, 231.1500) - (341.9500, 231.2500) on Layer M3
violation type: Short
	srcs: net:A2_sim[2] net:u_riscv_top/register_file/_07771_
	bbox = (341.9500, 91.1500) - (342.0500, 91.2500) on Layer M3
violation type: Short
	srcs: net:u_riscv_top/h2[2] net:u_riscv_top/u_bridge_core_to_fp_add/net1499
	bbox = (341.9500, 436.5500) - (342.0500, 436.6500) on Layer M3
violation type: Short
	srcs: net:u_data_mem/_35536_ net:u_data_mem/bank1\[46\][13]
	bbox = (341.9500, 514.5500) - (342.0500, 514.6500) on Layer M3
violation type: Short
	srcs: net:u_data_mem/_35542_ net:u_data_mem/_40967_
	bbox = (341.9500, 751.9500) - (342.0500, 752.0500) on Layer M3
violation type: Short
	srcs: net:mem_addr[1] net:u_data_mem/_18352_
	bbox = (341.9500, 803.3500) - (341.9900, 803.4500) on Layer M3
violation type: Short
	srcs: net:u_riscv_top/register_file/_07227_ net:u_riscv_top/register_file/regfile\[26\][17]
	bbox = (342.0500, 202.9500) - (342.1500, 203.0500) on Layer M3
violation type: Short
	srcs: net:u_riscv_top/register_file/_06214_ net:u_riscv_top/register_file/regfile\[31\][1]
	bbox = (342.0500, 217.9500) - (342.1500, 218.0500) on Layer M3
violation type: Short
	srcs: net:apb_rdata[19] net:riscv_rdata[3]
	bbox = (342.0500, 492.9500) - (342.0900, 493.0500) on Layer M3
violation type: Short
	srcs: net:u_data_mem/_41045_ net:u_data_mem/_41125_
	bbox = (342.0500, 783.7500) - (342.1500, 783.8500) on Layer M3
violation type: Short
	srcs: net:u_riscv_top/register_file/_07213_ net:u_riscv_top/register_file/regfile\[30\][22]
	bbox = (342.2100, 22.7500) - (342.7300, 22.8500) on Layer M3
violation type: Short
	srcs: net:u_riscv_top/register_file/_07214_ net:u_riscv_top/register_file/_08114_
	bbox = (342.2500, 110.1500) - (342.3500, 110.2500) on Layer M3
violation type: Short
	srcs: net:u_riscv_top/register_file/_07222_ net:u_riscv_top/register_file/_08110_
	bbox = (342.2500, 114.7500) - (342.3500, 114.8500) on Layer M3
violation type: Short
	srcs: net:u_riscv_top/register_file/_07222_ net:u_riscv_top/register_file/_08110_
	bbox = (342.2500, 114.7500) - (342.5500, 114.8500) on Layer M3
violation type: Short
	srcs: net:A1_sim[3] net:u_riscv_top/register_file/_10139_
	bbox = (342.2500, 147.5500) - (342.3500, 147.6500) on Layer M3
violation type: Short
	srcs: net:u_data_mem/_35582_ net:u_data_mem/_39638_
	bbox = (342.2500, 649.1500) - (342.3500, 649.2500) on Layer M3
violation type: Short
	srcs: net:u_riscv_top/register_file/_07222_ net:u_riscv_top/register_file/_08110_
	bbox = (342.4500, 114.7500) - (342.5500, 114.8500) on Layer M3
violation type: Short
	srcs: net:RD2_sim[22] net:u_riscv_top/register_file/_07236_
	bbox = (342.6500, 21.5500) - (342.7500, 21.6500) on Layer M3
violation type: Short
	srcs: net:u_riscv_top/register_file/_08049_ net:u_riscv_top/register_file/_10496_
	bbox = (342.6500, 43.1500) - (342.7500, 43.2500) on Layer M3
violation type: Short
	srcs: net:riscv_addr[10] net:u_riscv_top/h2[5]
	bbox = (342.6500, 456.7500) - (342.7500, 456.8500) on Layer M3
violation type: Short
	srcs: net:u_data_mem/_36715_ net:u_data_mem/_38289_
	bbox = (342.6500, 694.9500) - (342.7500, 695.0500) on Layer M3
violation type: Short
	srcs: net:rst net:u_data_mem/_41199_
	bbox = (342.6500, 808.7500) - (342.7500, 808.8500) on Layer M3
violation type: Short
	srcs: net:u_riscv_top/register_file/regfile\[24\][0] net:u_riscv_top/register_file/regfile\[28\][0]
	bbox = (342.8100, 135.7500) - (342.8200, 135.8500) on Layer M3
violation type: Short
	srcs: net:u_riscv_top/register_file/_06759_ net:u_riscv_top/register_file/_10519_
	bbox = (342.8500, 124.3500) - (342.9500, 124.4500) on Layer M3
violation type: Short
	srcs: net:u_riscv_top/register_file/_09775_ net:u_riscv_top/register_file/_10524_
	bbox = (342.8500, 154.5500) - (342.9500, 154.6500) on Layer M3
violation type: Short
	srcs: net:u_data_mem/_40961_ net:u_data_mem/_41086_
	bbox = (343.2500, 927.5500) - (343.3500, 927.6500) on Layer M3
violation type: Short
	srcs: net:u_riscv_top/register_file/_07453_ net:u_riscv_top/register_file/regfile\[30\][22]
	bbox = (343.4100, 22.9500) - (343.5300, 23.0500) on Layer M3
violation type: Short
	srcs: net:u_riscv_top/register_file/_07453_ net:u_riscv_top/register_file/regfile\[30\][22]
	bbox = (343.4500, 22.9500) - (343.5300, 23.0500) on Layer M3
violation type: Short
	srcs: net:u_data_mem/_35542_ net:net1317
	bbox = (343.4500, 538.5500) - (343.5500, 538.6500) on Layer M3
violation type: Short
	srcs: net:u_data_mem/_35542_ net:u_data_mem/_41149_
	bbox = (343.4500, 718.3500) - (343.5500, 718.4500) on Layer M3
violation type: Short
	srcs: net:u_data_mem/_38759_ net:u_data_mem/_41149_
	bbox = (343.4500, 718.5500) - (343.5500, 718.6500) on Layer M3
violation type: Short
	srcs: net:apb_addr[23] net:u_data_mem/_35534_
	bbox = (345.2500, 526.9500) - (345.3500, 527.0500) on Layer M3
violation type: Short
	srcs: net:u_data_mem/_35534_ net:u_data_mem/_35537_
	bbox = (346.0500, 642.7500) - (346.1500, 642.8500) on Layer M3
violation type: Short
	srcs: net:mem_addr[1] net:mem_wdata[29]
	bbox = (348.2500, 629.9500) - (348.3500, 630.0500) on Layer M3
violation type: Short
	srcs: net:u_riscv_top/register_file/_06212_ net:u_riscv_top/register_file/_07236_
	bbox = (349.8500, 102.7500) - (349.9500, 102.8500) on Layer M3
violation type: Short
	srcs: net:u_riscv_top/register_file/_08049_ net:u_riscv_top/register_file/_09727_
	bbox = (350.9500, 115.3500) - (351.0500, 115.4500) on Layer M3
violation type: Short
	srcs: net:u_riscv_top/register_file/_07222_ net:u_riscv_top/register_file/_09740_
	bbox = (351.2500, 114.7500) - (351.3500, 114.8500) on Layer M3
violation type: Short
	srcs: net:u_data_mem/_41149_ net:u_data_mem/bank1\[32\][11]
	bbox = (352.8500, 649.9500) - (352.9500, 650.0500) on Layer M3
violation type: Short
	srcs: net:mem_wdata[13] net:u_data_mem/_40027_
	bbox = (353.4500, 628.5500) - (353.5500, 628.6500) on Layer M3
violation type: Short
	srcs: net:u_riscv_top/register_file/_06199_ net:u_riscv_top/register_file/_09662_
	bbox = (353.6100, 232.7500) - (354.1300, 232.8500) on Layer M3
violation type: Short
	srcs: net:mem_addr[0] net:u_data_mem/_35558_
	bbox = (354.0500, 719.7500) - (354.1500, 719.8500) on Layer M3
violation type: Short
	srcs: net:u_data_mem/_24536_ net:u_data_mem/_35567_
	bbox = (356.4500, 673.3500) - (356.5500, 673.4500) on Layer M3
violation type: Short
	srcs: net:RD1_sim[14] net:u_riscv_top/register_file/_10490_
	bbox = (357.0500, 55.5500) - (357.1500, 55.6500) on Layer M3
violation type: Short
	srcs: net:u_data_mem/_24909_ net:u_data_mem/_41053_
	bbox = (357.0500, 784.9500) - (357.1500, 785.0500) on Layer M3
violation type: Short
	srcs: net:u_riscv_top/register_file/_06711_ net:u_riscv_top/register_file/_10527_
	bbox = (357.2500, 70.1500) - (357.3500, 70.2500) on Layer M3
violation type: Short
	srcs: net:u_data_mem/_35600_ net:u_data_mem/_38595_
	bbox = (359.6500, 691.3500) - (359.7500, 691.4500) on Layer M3
violation type: Short
	srcs: net:u_riscv_top/register_file/_06196_ net:u_riscv_top/register_file/regfile\[24\][14]
	bbox = (359.8500, 61.3500) - (359.9500, 61.4500) on Layer M3
violation type: Short
	srcs: net:u_data_mem/_18336_ net:u_data_mem/_35834_
	bbox = (360.2500, 621.1500) - (360.3500, 621.2500) on Layer M3
violation type: Short
	srcs: net:mem_wdata[10] net:u_data_mem/_41185_
	bbox = (361.8500, 487.9500) - (361.9500, 488.0500) on Layer M3
violation type: Short
	srcs: net:u_riscv_top/register_file/_07236_ net:u_riscv_top/register_file/regfile\[22\][22]
	bbox = (362.2100, 14.7500) - (362.7300, 14.8500) on Layer M3
violation type: Short
	srcs: net:u_riscv_top/register_file/_06193_ net:u_riscv_top/register_file/_07224_
	bbox = (362.2500, 190.9500) - (362.3500, 191.0500) on Layer M3
violation type: Short
	srcs: net:u_data_mem/_18351_ net:clknet_10_603__leaf_clk
	bbox = (362.2500, 605.3500) - (362.3500, 605.4500) on Layer M3
violation type: Short
	srcs: net:RD4_sim[28] net:u_riscv_top/register_file/_07296_
	bbox = (362.4500, 110.1500) - (362.5500, 110.2500) on Layer M3
violation type: Short
	srcs: net:u_riscv_top/register_file/_07223_ net:u_riscv_top/register_file/_07296_
	bbox = (362.4500, 110.3500) - (362.5500, 110.4500) on Layer M3
violation type: Short
	srcs: net:u_riscv_top/register_file/_07223_ net:u_riscv_top/register_file/_07296_
	bbox = (362.4500, 110.3500) - (362.7500, 110.4500) on Layer M3
violation type: Short
	srcs: net:A3_sim[0] net:RD3_sim[0]
	bbox = (362.4500, 134.5500) - (362.5500, 134.6500) on Layer M3
violation type: Short
	srcs: net:RD4_sim[28] net:u_riscv_top/register_file/_07223_
	bbox = (362.6500, 110.1500) - (362.7500, 110.2500) on Layer M3
violation type: Short
	srcs: net:u_riscv_top/register_file/_07223_ net:u_riscv_top/register_file/_07296_
	bbox = (362.6500, 110.3500) - (362.7500, 110.4500) on Layer M3
violation type: Short
	srcs: net:mem_wdata[9] net:u_data_mem/_38595_
	bbox = (362.6500, 690.9500) - (362.7500, 691.0500) on Layer M3
violation type: Short
	srcs: net:u_data_mem/_37047_ net:u_data_mem/_41210_
	bbox = (362.6500, 699.9500) - (362.7500, 700.0500) on Layer M3
violation type: Short
	srcs: net:u_riscv_top/register_file/_10515_ net:clknet_10_4__leaf_clk
	bbox = (362.8500, 29.1500) - (362.9500, 29.2500) on Layer M3
violation type: Short
	srcs: net:u_data_mem/_24448_ net:u_data_mem/_40691_
	bbox = (362.8500, 658.7500) - (362.9500, 658.8500) on Layer M3
violation type: Short
	srcs: net:u_data_mem/_24448_ net:u_data_mem/_35620_
	bbox = (362.8500, 658.9500) - (362.9500, 659.0500) on Layer M3
violation type: Short
	srcs: net:RD4_sim[28] net:u_riscv_top/register_file/_10508_
	bbox = (362.9500, 109.7500) - (363.0500, 109.8500) on Layer M3
violation type: Short
	srcs: net:riscv_addr[14] net:u_data_mem/_18346_
	bbox = (362.9500, 513.7500) - (363.0500, 513.8500) on Layer M3
violation type: Short
	srcs: net:riscv_addr[14] net:u_data_mem/_18346_
	bbox = (362.9500, 513.7500) - (363.3500, 513.8500) on Layer M3
violation type: Short
	srcs: net:u_data_mem/_35546_ net:u_data_mem/_41236_
	bbox = (362.9500, 700.3500) - (363.0500, 700.4500) on Layer M3
violation type: Short
	srcs: net:mem_addr[0] net:u_data_mem/_41165_
	bbox = (362.9500, 718.9500) - (363.0500, 719.0500) on Layer M3
violation type: Short
	srcs: net:u_data_mem/_40938_ net:u_data_mem/_41199_
	bbox = (362.9500, 807.3500) - (363.0500, 807.4500) on Layer M3
violation type: Short
	srcs: net:u_data_mem/_18294_ net:u_data_mem/_35549_
	bbox = (362.9500, 808.3500) - (363.0500, 808.4500) on Layer M3
violation type: Short
	srcs: net:u_data_mem/_41059_ net:u_data_mem/_41097_
	bbox = (362.9500, 876.3500) - (363.0500, 876.4500) on Layer M3
violation type: Short
	srcs: net:apb_rdata[18] net:u_data_mem/_18346_
	bbox = (363.0495, 513.5500) - (363.0505, 513.6500) on Layer M3
violation type: Short
	srcs: net:mem_wdata[13] net:u_data_mem/_37270_
	bbox = (363.0500, 514.9500) - (363.1500, 515.0500) on Layer M3
violation type: Short
	srcs: net:u_data_mem/_23037_ net:u_data_mem/_39448_
	bbox = (363.0500, 930.1500) - (363.1500, 930.2500) on Layer M3
violation type: Short
	srcs: net:u_data_mem/_23037_ net:u_data_mem/_35544_
	bbox = (363.0500, 930.7500) - (363.1500, 930.8500) on Layer M3
violation type: Short
	srcs: net:u_data_mem/_40970_ net:u_data_mem/_41079_
	bbox = (363.0500, 949.1500) - (363.1500, 949.2500) on Layer M3
violation type: Short
	srcs: net:A3_sim[2] net:u_riscv_top/register_file/_10507_
	bbox = (363.2500, 256.9500) - (363.3500, 257.0500) on Layer M3
violation type: Short
	srcs: net:riscv_addr[14] net:u_data_mem/_18346_
	bbox = (363.2500, 513.7500) - (363.3500, 513.8500) on Layer M3
violation type: Short
	srcs: net:u_data_mem/_40957_ net:u_data_mem/_41108_
	bbox = (363.2500, 925.3500) - (363.3500, 925.4500) on Layer M3
violation type: Short
	srcs: net:mem_ena net:u_data_mem/_41146_
	bbox = (363.6500, 657.3500) - (363.7500, 657.4500) on Layer M3
violation type: Short
	srcs: net:u_riscv_top/register_file/_06464_ net:u_riscv_top/register_file/regfile\[16\][13]
	bbox = (364.6500, 169.3500) - (364.7500, 169.4500) on Layer M3
violation type: Short
	srcs: net:u_data_mem/_24800_ net:u_data_mem/_40982_
	bbox = (365.0500, 595.9500) - (365.1500, 596.0500) on Layer M3
violation type: Short
	srcs: net:u_riscv_top/register_file/_06868_ net:u_riscv_top/register_file/_07229_
	bbox = (365.6500, 60.9500) - (365.7500, 61.0500) on Layer M3
violation type: Short
	srcs: net:u_data_mem/_36799_ net:clknet_8_148_0_clk
	bbox = (366.4500, 561.3500) - (366.5500, 561.4500) on Layer M3
violation type: Short
	srcs: net:u_data_mem/_41053_ net:clknet_10_726__leaf_clk
	bbox = (366.4500, 784.9500) - (366.5500, 785.0500) on Layer M3
violation type: Short
	srcs: net:u_riscv_top/h1[20] net:net1343
	bbox = (368.2500, 415.7500) - (368.3500, 415.8500) on Layer M3
violation type: Short
	srcs: net:u_data_mem/_24386_ net:u_data_mem/_39639_
	bbox = (368.4500, 649.5500) - (368.5500, 649.6500) on Layer M3
violation type: Short
	srcs: net:u_data_mem/_24386_ net:u_data_mem/_39639_
	bbox = (368.4500, 649.5500) - (368.7500, 649.6500) on Layer M3
violation type: Short
	srcs: net:u_data_mem/_24386_ net:u_data_mem/_39639_
	bbox = (368.6500, 649.5500) - (368.7500, 649.6500) on Layer M3
violation type: Short
	srcs: net:u_data_mem/_41011_ net:u_data_mem/_41019_
	bbox = (368.6500, 882.3500) - (368.7500, 882.4500) on Layer M3
violation type: Short
	srcs: net:u_riscv_top/register_file/_06201_ net:u_riscv_top/register_file/_10524_
	bbox = (369.0500, 82.3500) - (369.1500, 82.4500) on Layer M3
violation type: Short
	srcs: net:u_riscv_top/h1[23] net:u_riscv_top/FP_Adder/_1253_
	bbox = (369.4500, 388.9500) - (369.5500, 389.0500) on Layer M3
violation type: Short
	srcs: net:u_riscv_top/h1[19] net:u_riscv_top/FP_Adder/_1445_
	bbox = (371.0500, 411.9500) - (371.1500, 412.0500) on Layer M3
violation type: Short
	srcs: net:u_data_mem/_41011_ net:u_data_mem/_41019_
	bbox = (371.0500, 882.1500) - (371.1500, 882.2500) on Layer M3
violation type: Short
	srcs: net:u_data_mem/_39639_ net:u_data_mem/bank1\[32\][23]
	bbox = (371.8500, 649.5500) - (371.9500, 649.6500) on Layer M3
violation type: Short
	srcs: net:u_data_mem/_35549_ net:u_data_mem/_41197_
	bbox = (376.4100, 521.5500) - (376.5900, 521.6500) on Layer M3
violation type: Short
	srcs: net:u_data_mem/_35549_ net:u_data_mem/_41197_
	bbox = (376.4500, 521.5500) - (376.5500, 521.6500) on Layer M3
violation type: Short
	srcs: net:mem_addr[0] net:u_data_mem/_24983_
	bbox = (376.6500, 784.9500) - (376.7500, 785.0500) on Layer M3
violation type: Short
	srcs: net:u_riscv_top/register_file/_10503_ net:u_riscv_top/register_file/_10528_
	bbox = (376.8500, 81.1500) - (376.9500, 81.2500) on Layer M3
violation type: Short
	srcs: net:A2_sim[3] net:u_riscv_top/register_file/_07522_
	bbox = (377.0500, 244.3500) - (377.1500, 244.4500) on Layer M3
violation type: Short
	srcs: net:riscv_rdata[13] net:u_riscv_top/mux5/_229_
	bbox = (377.4500, 494.7500) - (377.5500, 494.8500) on Layer M3
violation type: Short
	srcs: net:u_riscv_top/clk_fp_add net:u_riscv_top/h1[15]
	bbox = (377.6500, 448.3500) - (377.7500, 448.4500) on Layer M3
violation type: Short
	srcs: net:u_riscv_top/h2[12] net:u_riscv_top/pipeline_reg2/_0422_
	bbox = (378.0500, 460.9500) - (378.1500, 461.0500) on Layer M3
violation type: Short
	srcs: net:u_riscv_top/register_file/_10515_ net:u_riscv_top/register_file/regfile\[25\][11]
	bbox = (378.4500, 102.7500) - (378.5500, 102.8500) on Layer M3
violation type: Short
	srcs: net:u_riscv_top/register_file/_07226_ net:u_riscv_top/register_file/_09243_
	bbox = (379.0100, 216.5500) - (379.1900, 216.6500) on Layer M3
violation type: Short
	srcs: net:u_riscv_top/register_file/_07226_ net:u_riscv_top/register_file/_09243_
	bbox = (379.0500, 216.5500) - (379.1500, 216.6500) on Layer M3
violation type: Short
	srcs: net:apb_addr[19] net:apb_rdata[4]
	bbox = (379.0500, 525.5500) - (379.1500, 525.6500) on Layer M3
violation type: Short
	srcs: net:u_riscv_top/register_file/_08049_ net:u_riscv_top/register_file/regfile\[10\][12]
	bbox = (379.6500, 81.5500) - (379.7500, 81.6500) on Layer M3
violation type: Short
	srcs: net:u_riscv_top/register_file/_07231_ net:u_riscv_top/register_file/_09240_
	bbox = (380.0500, 216.9500) - (380.1500, 217.0500) on Layer M3
violation type: Short
	srcs: net:RD2_sim[14] net:u_riscv_top/register_file/_07213_
	bbox = (380.2500, 51.7500) - (380.3500, 51.8500) on Layer M3
violation type: Short
	srcs: net:u_data_mem/_25986_ net:u_data_mem/_35544_
	bbox = (380.2500, 574.1500) - (380.3500, 574.2500) on Layer M3
violation type: Short
	srcs: net:u_riscv_top/register_file/_10528_ net:u_riscv_top/register_file/regfile\[14\][12]
	bbox = (380.4500, 80.9500) - (380.5500, 81.0500) on Layer M3
violation type: Short
	srcs: net:u_riscv_top/register_file/_10503_ net:u_riscv_top/register_file/regfile\[14\][12]
	bbox = (380.4500, 81.1500) - (380.5500, 81.2500) on Layer M3
violation type: Short
	srcs: net:u_data_mem/_24515_ net:u_data_mem/_40515_
	bbox = (381.0500, 669.7500) - (381.1500, 669.8500) on Layer M3
violation type: Short
	srcs: net:A1_sim[1] net:u_riscv_top/register_file/_07213_
	bbox = (381.6500, 153.3500) - (381.7500, 153.4500) on Layer M3
violation type: Short
	srcs: net:u_riscv_top/h2[0] net:u_riscv_top/FP_Adder/_1517_
	bbox = (381.6500, 408.7500) - (381.7500, 408.8500) on Layer M3
violation type: Short
	srcs: net:u_data_mem/_24504_ net:u_data_mem/_36536_
	bbox = (381.6500, 639.1500) - (381.7500, 639.2500) on Layer M3
violation type: Short
	srcs: net:mem_wdata[17] net:u_data_mem/_18352_
	bbox = (382.0500, 800.7500) - (382.1500, 800.8500) on Layer M3
violation type: Short
	srcs: net:u_riscv_top/register_file/_07212_ net:u_riscv_top/register_file/regfile\[20\][24]
	bbox = (382.4500, 168.7500) - (382.5500, 168.8500) on Layer M3
violation type: Short
	srcs: net:u_riscv_top/h2[25] net:u_riscv_top/FP_Adder/_1796_
	bbox = (382.8500, 397.5500) - (382.9500, 397.6500) on Layer M3
violation type: Short
	srcs: net:RD2_sim[28] net:u_riscv_top/register_file/_10498_
	bbox = (383.0500, 108.1500) - (383.1500, 108.2500) on Layer M3
violation type: Short
	srcs: net:u_riscv_top/register_file/_07227_ net:u_riscv_top/register_file/_09660_
	bbox = (383.2100, 159.7500) - (383.3900, 159.8500) on Layer M3
violation type: Short
	srcs: net:u_riscv_top/register_file/_07227_ net:u_riscv_top/register_file/_09660_
	bbox = (383.2500, 159.7500) - (383.3500, 159.8500) on Layer M3
violation type: Short
	srcs: net:u_riscv_top/register_file/_09660_ net:u_riscv_top/register_file/_09662_
	bbox = (383.2500, 159.9500) - (383.3500, 160.0500) on Layer M3
violation type: Short
	srcs: net:mem_wdata[22] net:wb_data_sim[1]
	bbox = (383.8500, 493.7500) - (383.9500, 493.8500) on Layer M3
violation type: Short
	srcs: net:u_riscv_top/register_file/_10500_ net:u_riscv_top/register_file/_10513_
	bbox = (383.9500, 101.1500) - (384.0500, 101.2500) on Layer M3
violation type: Short
	srcs: net:u_riscv_top/register_file/_06212_ net:u_riscv_top/register_file/_10508_
	bbox = (383.9500, 260.7500) - (384.0500, 260.8500) on Layer M3
violation type: Short
	srcs: net:riscv_addr[11] net:u_riscv_top/h2[20]
	bbox = (383.9500, 423.3500) - (384.0500, 423.4500) on Layer M3
violation type: Short
	srcs: net:u_riscv_top/FP_Adder/_1792_ net:u_riscv_top/FP_Adder/fracA[14]
	bbox = (383.9500, 441.5500) - (384.0500, 441.6500) on Layer M3
violation type: Short
	srcs: net:apb_addr[26] net:mem_wdata[5]
	bbox = (383.9500, 503.3500) - (384.0500, 503.4500) on Layer M3
violation type: Short
	srcs: net:mem_wdata[20] net:u_data_mem/_18351_
	bbox = (383.9500, 574.9500) - (384.0500, 575.0500) on Layer M3
violation type: Short
	srcs: net:u_riscv_top/register_file/_09017_ net:u_riscv_top/register_file/regfile\[18\][24]
	bbox = (384.0100, 158.9500) - (384.1900, 159.0500) on Layer M3
violation type: Short
	srcs: net:WD5_sim[20] net:mem_wdata[22]
	bbox = (384.0495, 493.3500) - (384.0505, 493.4500) on Layer M3
violation type: Short
	srcs: net:mem_wdata[5] net:u_riscv_top/pipeline_register3/_163_
	bbox = (384.0495, 503.5500) - (384.0505, 503.6500) on Layer M3
violation type: Short
	srcs: net:u_riscv_top/register_file/_09017_ net:u_riscv_top/register_file/regfile\[18\][24]
	bbox = (384.0500, 158.9500) - (384.1500, 159.0500) on Layer M3
violation type: Short
	srcs: net:wb_data_sim[26] net:u_riscv_top/pipeline_register3/_163_
	bbox = (384.0500, 503.7500) - (384.1500, 503.8500) on Layer M3
violation type: Short
	srcs: net:u_riscv_top/register_file/_06193_ net:u_riscv_top/register_file/_10527_
	bbox = (384.2500, 39.1500) - (384.3500, 39.2500) on Layer M3
violation type: Short
	srcs: net:u_riscv_top/register_file/_06193_ net:u_riscv_top/register_file/_10527_
	bbox = (384.2500, 39.1500) - (384.5500, 39.2500) on Layer M3
violation type: Short
	srcs: net:RD1_sim[10] net:u_riscv_top/register_file/_10514_
	bbox = (384.2500, 77.5500) - (384.3500, 77.6500) on Layer M3
violation type: Short
	srcs: net:u_riscv_top/register_file/_06205_ net:u_riscv_top/register_file/_10525_
	bbox = (384.2500, 155.7500) - (384.3500, 155.8500) on Layer M3
violation type: Short
	srcs: net:u_riscv_top/register_file/_06218_ net:u_riscv_top/register_file/_07224_
	bbox = (384.2500, 191.7500) - (384.3500, 191.8500) on Layer M3
violation type: Short
	srcs: net:riscv_rdata[25] net:u_riscv_top/mux5/_229_
	bbox = (384.2500, 494.5500) - (384.3500, 494.6500) on Layer M3
violation type: Short
	srcs: net:u_riscv_top/mux5/_229_ net:net204
	bbox = (384.2500, 494.7500) - (384.3500, 494.8500) on Layer M3
violation type: Short
	srcs: net:u_data_mem/_41036_ net:u_data_mem/_41061_
	bbox = (384.2500, 748.7500) - (384.3500, 748.8500) on Layer M3
violation type: Short
	srcs: net:mem_wdata[19] net:u_data_mem/_37629_
	bbox = (384.4100, 612.3500) - (384.5900, 612.4500) on Layer M3
violation type: Short
	srcs: net:u_riscv_top/register_file/_06193_ net:u_riscv_top/register_file/_10527_
	bbox = (384.4500, 39.1500) - (384.5500, 39.2500) on Layer M3
violation type: Short
	srcs: net:u_riscv_top/register_file/_07212_ net:u_riscv_top/register_file/_09825_
	bbox = (384.4500, 168.7500) - (384.5500, 168.8500) on Layer M3
violation type: Short
	srcs: net:u_riscv_top/register_file/_07212_ net:u_riscv_top/register_file/_09825_
	bbox = (384.4500, 168.7500) - (384.5500, 169.0500) on Layer M3
violation type: Short
	srcs: net:u_riscv_top/register_file/_07212_ net:u_riscv_top/register_file/_09825_
	bbox = (384.4500, 168.9500) - (384.5500, 169.0500) on Layer M3
violation type: Short
	srcs: net:mem_wdata[19] net:u_data_mem/_37629_
	bbox = (384.4500, 612.3500) - (384.5500, 612.4500) on Layer M3
violation type: Short
	srcs: net:u_riscv_top/register_file/_06204_ net:u_riscv_top/register_file/_07737_
	bbox = (384.6500, 105.9500) - (384.7500, 106.0500) on Layer M3
violation type: Short
	srcs: net:u_riscv_top/register_file/_07245_ net:u_riscv_top/register_file/_07248_
	bbox = (384.6500, 149.1500) - (384.7500, 149.2500) on Layer M3
violation type: Short
	srcs: net:u_riscv_top/CSR_Data_out[10] net:u_riscv_top/TICK
	bbox = (384.6500, 512.7500) - (384.7500, 512.8500) on Layer M3
violation type: Short
	srcs: net:riscv_rdata[25] net:net204
	bbox = (384.8500, 494.5500) - (384.9500, 494.6500) on Layer M3
violation type: Short
	srcs: net:u_riscv_top/mux5/_229_ net:u_riscv_top/mux5/_231_
	bbox = (384.8500, 495.1500) - (384.9500, 495.2500) on Layer M3
violation type: Short
	srcs: net:u_riscv_top/register_file/_07212_ net:u_riscv_top/register_file/_09662_
	bbox = (385.0100, 168.5500) - (385.1500, 168.6500) on Layer M3
violation type: Short
	srcs: net:u_riscv_top/register_file/_07212_ net:u_riscv_top/register_file/_09662_
	bbox = (385.0500, 168.5500) - (385.1500, 168.6500) on Layer M3
violation type: Short
	srcs: net:u_riscv_top/register_file/_08050_ net:u_riscv_top/register_file/_10500_
	bbox = (385.0500, 170.7500) - (385.1500, 170.8500) on Layer M3
violation type: Short
	srcs: net:u_riscv_top/h2[21] net:u_riscv_top/FP_Adder/_1450_
	bbox = (385.0500, 418.9500) - (385.1500, 419.0500) on Layer M3
violation type: Short
	srcs: net:u_data_mem/_25742_ net:u_data_mem/_41265_
	bbox = (385.6500, 835.3500) - (385.7500, 835.4500) on Layer M3
violation type: Short
	srcs: net:u_riscv_top/register_file/_06195_ net:u_riscv_top/register_file/_08050_
	bbox = (385.8500, 161.3500) - (385.9500, 161.4500) on Layer M3
violation type: Short
	srcs: net:wb_data_sim[26] net:u_riscv_top/pipeline_register3/_018_
	bbox = (386.0500, 503.9500) - (386.1500, 504.0500) on Layer M3
violation type: Short
	srcs: net:u_riscv_top/h2[23] net:u_riscv_top/FP_Adder/_1921_
	bbox = (386.2500, 403.3500) - (386.3500, 403.4500) on Layer M3
violation type: Short
	srcs: net:u_riscv_top/mux5/_230_ net:u_riscv_top/mux5/_231_
	bbox = (386.4100, 494.3500) - (386.5300, 494.4500) on Layer M3
violation type: Short
	srcs: net:u_data_mem/_40967_ net:u_data_mem/bank1\[48\][19]
	bbox = (386.4500, 755.7500) - (386.5500, 755.8500) on Layer M3
violation type: Short
	srcs: net:mem_wdata[20] net:u_data_mem/bank0\[53\][31]
	bbox = (386.4500, 836.7500) - (386.5500, 836.8500) on Layer M3
violation type: Short
	srcs: net:u_riscv_top/h2[25] net:u_riscv_top/FP_Adder/_1919_
	bbox = (386.6500, 397.5500) - (386.7500, 397.6500) on Layer M3
violation type: Short
	srcs: net:u_riscv_top/register_file/_09181_ net:u_riscv_top/register_file/regfile\[26\][18]
	bbox = (387.8500, 259.3500) - (387.9500, 259.4500) on Layer M3
violation type: Short
	srcs: net:mem_wdata[26] net:u_data_mem/_35546_
	bbox = (388.2100, 699.5500) - (388.7300, 699.6500) on Layer M3
violation type: Short
	srcs: net:u_data_mem/_20645_ net:u_data_mem/_35558_
	bbox = (389.2500, 640.9500) - (389.3500, 641.0500) on Layer M3
violation type: Short
	srcs: net:u_data_mem/_25461_ net:u_data_mem/_41016_
	bbox = (389.2500, 799.1500) - (389.3500, 799.2500) on Layer M3
violation type: Short
	srcs: net:u_data_mem/_25461_ net:u_data_mem/_35611_
	bbox = (389.6500, 799.5500) - (389.7500, 799.6500) on Layer M3
violation type: Short
	srcs: net:u_riscv_top/register_file/_07711_ net:u_riscv_top/register_file/_10523_
	bbox = (390.8500, 73.5500) - (390.9500, 73.6500) on Layer M3
violation type: Short
	srcs: net:mem_wdata[2] net:u_data_mem/_41121_
	bbox = (391.0500, 613.9500) - (391.1500, 614.0500) on Layer M3
violation type: Short
	srcs: net:u_data_mem/_41038_ net:u_data_mem/_41214_
	bbox = (391.2500, 797.5500) - (391.3500, 797.6500) on Layer M3
violation type: Short
	srcs: net:u_riscv_top/register_file/_07236_ net:u_riscv_top/register_file/_07739_
	bbox = (391.6100, 110.1500) - (391.7900, 110.2500) on Layer M3
violation type: Short
	srcs: net:u_riscv_top/register_file/_07236_ net:u_riscv_top/register_file/_07739_
	bbox = (391.6500, 110.1500) - (391.7500, 110.2500) on Layer M3
violation type: Short
	srcs: net:u_data_mem/_35546_ net:u_data_mem/bank2\[34\][26]
	bbox = (392.9500, 699.9500) - (393.0500, 700.0500) on Layer M3
violation type: Short
	srcs: net:mem_wdata[14] net:riscv_rdata[15]
	bbox = (393.0100, 492.7500) - (393.5300, 492.8500) on Layer M3
violation type: Short
	srcs: net:mem_wdata[26] net:u_data_mem/bank2\[34\][26]
	bbox = (393.0495, 699.7500) - (393.0505, 699.8500) on Layer M3
violation type: Short
	srcs: net:mem_wdata[4] net:u_riscv_top/mux5/net2462
	bbox = (393.0500, 519.7500) - (393.1500, 519.8500) on Layer M3
violation type: Short
	srcs: net:u_riscv_top/register_file/_06210_ net:u_riscv_top/register_file/_09220_
	bbox = (393.2500, 217.7500) - (393.3500, 217.8500) on Layer M3
violation type: Short
	srcs: net:u_riscv_top/register_file/_07234_ net:u_riscv_top/register_file/_10503_
	bbox = (393.8500, 80.9500) - (393.9500, 81.0500) on Layer M3
violation type: Short
	srcs: net:u_data_mem/_35558_ net:u_data_mem/bank2\[15\][13]
	bbox = (393.8500, 640.9500) - (393.9500, 641.0500) on Layer M3
violation type: Short
	srcs: net:u_riscv_top/pipeline_register3/_172_ net:u_riscv_top/net502
	bbox = (394.6500, 498.7500) - (394.7500, 498.8500) on Layer M3
violation type: Short
	srcs: net:u_data_mem/_40950_ net:clknet_10_725__leaf_clk
	bbox = (394.6500, 745.1500) - (394.7500, 745.2500) on Layer M3
violation type: Short
	srcs: net:u_riscv_top/register_file/_10503_ net:u_riscv_top/register_file/regfile\[6\][12]
	bbox = (394.8500, 80.7500) - (394.9500, 80.8500) on Layer M3
violation type: Short
	srcs: net:u_riscv_top/register_file/_08941_ net:u_riscv_top/register_file/regfile\[2\][12]
	bbox = (395.6500, 82.5500) - (395.7500, 82.6500) on Layer M3
violation type: Short
	srcs: net:u_riscv_top/register_file/_08941_ net:u_riscv_top/register_file/regfile\[2\][12]
	bbox = (395.6500, 82.5500) - (395.9500, 82.6500) on Layer M3
violation type: Short
	srcs: net:u_riscv_top/register_file/_08941_ net:u_riscv_top/register_file/regfile\[2\][12]
	bbox = (395.8500, 82.5500) - (395.9500, 82.6500) on Layer M3
violation type: Short
	srcs: net:u_data_mem/_35532_ net:u_riscv_top/mux5/_229_
	bbox = (396.2500, 515.5500) - (396.3500, 515.6500) on Layer M3
violation type: Short
	srcs: net:u_riscv_top/mux5/_229_ net:net1202
	bbox = (396.8500, 522.1500) - (396.9500, 522.2500) on Layer M3
violation type: Short
	srcs: net:RD1_sim[14] net:u_riscv_top/register_file/_07236_
	bbox = (397.0500, 55.7500) - (397.1500, 55.8500) on Layer M3
violation type: Short
	srcs: net:mem_addr[0] net:u_riscv_top/stallF
	bbox = (397.0500, 514.7500) - (397.1500, 514.8500) on Layer M3
violation type: Short
	srcs: net:u_riscv_top/register_file/_07223_ net:u_riscv_top/register_file/_08315_
	bbox = (397.2500, 25.5500) - (397.3500, 25.6500) on Layer M3
violation type: Short
	srcs: net:u_data_mem/_35532_ net:u_riscv_top/stallF
	bbox = (397.4100, 515.3500) - (397.5900, 515.4500) on Layer M3
violation type: Short
	srcs: net:mem_addr[0] net:u_riscv_top/stallF
	bbox = (397.4500, 514.9500) - (397.5500, 515.0500) on Layer M3
violation type: Short
	srcs: net:u_riscv_top/stallF net:u_riscv_top/mux5/net2382
	bbox = (397.4500, 515.1500) - (397.5500, 515.2500) on Layer M3
violation type: Short
	srcs: net:u_data_mem/_35532_ net:u_riscv_top/stallF
	bbox = (397.4500, 515.3500) - (397.5500, 515.4500) on Layer M3
violation type: Short
	srcs: net:u_riscv_top/register_file/_06191_ net:u_riscv_top/register_file/regfile\[4\][16]
	bbox = (398.0500, 197.7500) - (398.1500, 197.8500) on Layer M3
violation type: Short
	srcs: net:u_riscv_top/register_file/_07226_ net:clknet_8_12_0_clk
	bbox = (398.2500, 177.9500) - (398.3500, 178.0500) on Layer M3
violation type: Short
	srcs: net:u_riscv_top/h1[15] net:u_riscv_top/FP_Adder/zeroA
	bbox = (398.8500, 448.5500) - (398.9500, 448.6500) on Layer M3
violation type: Short
	srcs: net:mem_wdata[0] net:riscv_rdata[26]
	bbox = (399.6500, 502.1500) - (399.7500, 502.2500) on Layer M3
violation type: Short
	srcs: net:mem_addr[2] net:u_data_mem/_20439_
	bbox = (399.8500, 612.1500) - (399.9500, 612.2500) on Layer M3
violation type: Short
	srcs: net:WD5_sim[20] net:u_riscv_top/mux5/_231_
	bbox = (400.0500, 493.3500) - (400.1500, 493.4500) on Layer M3
violation type: Short
	srcs: net:mem_wdata[19] net:u_data_mem/_41036_
	bbox = (400.0500, 749.1500) - (400.1500, 749.2500) on Layer M3
violation type: Short
	srcs: net:u_data_mem/_25616_ net:u_data_mem/_41069_
	bbox = (400.0500, 847.5500) - (400.1500, 847.6500) on Layer M3
violation type: Short
	srcs: net:u_riscv_top/register_file/_07234_ net:u_riscv_top/register_file/_10503_
	bbox = (400.6500, 81.1500) - (400.7500, 81.2500) on Layer M3
violation type: Short
	srcs: net:u_data_mem/_35542_ net:u_data_mem/_39188_
	bbox = (401.0100, 754.5500) - (401.1900, 754.6500) on Layer M3
violation type: Short
	srcs: net:u_data_mem/_35542_ net:u_data_mem/_39188_
	bbox = (401.0500, 754.5500) - (401.1500, 754.6500) on Layer M3
violation type: Short
	srcs: net:mem_wdata[0] net:net1316
	bbox = (401.2500, 501.9500) - (401.3500, 502.0500) on Layer M3
violation type: Short
	srcs: net:u_riscv_top/fp_add_req_data_b[31] net:net204
	bbox = (401.8500, 393.9500) - (401.9500, 394.0500) on Layer M3
violation type: Short
	srcs: net:u_data_mem/_18209_ net:u_data_mem/bank2\[14\][1]
	bbox = (401.8500, 657.1500) - (401.9500, 657.2500) on Layer M3
violation type: Short
	srcs: net:u_riscv_top/register_file/_06191_ net:u_riscv_top/register_file/_10611_
	bbox = (402.2500, 197.5500) - (402.3500, 197.6500) on Layer M3
violation type: Short
	srcs: net:A2_sim[0] net:u_riscv_top/register_file/_10170_
	bbox = (403.0500, 96.3500) - (403.1500, 96.4500) on Layer M3
violation type: Short
	srcs: net:A2_sim[0] net:u_riscv_top/register_file/_10170_
	bbox = (403.0500, 96.3500) - (403.1900, 96.4500) on Layer M3
violation type: Short
	srcs: net:u_data_mem/_35217_ net:u_data_mem/_41051_
	bbox = (403.6500, 730.5500) - (403.7500, 730.6500) on Layer M3
violation type: Short
	srcs: net:u_riscv_top/register_file/_06205_ net:u_riscv_top/register_file/_07494_
	bbox = (404.0100, 22.3500) - (404.1900, 22.4500) on Layer M3
violation type: Short
	srcs: net:u_riscv_top/register_file/_06205_ net:u_riscv_top/register_file/_07494_
	bbox = (404.0500, 22.3500) - (404.1500, 22.4500) on Layer M3
violation type: Short
	srcs: net:u_riscv_top/register_file/_06214_ net:u_riscv_top/register_file/_10527_
	bbox = (404.2500, 41.3500) - (404.3500, 41.4500) on Layer M3
violation type: Short
	srcs: net:u_data_mem/_41116_ net:u_data_mem/_41121_
	bbox = (404.4500, 589.1500) - (404.5500, 589.2500) on Layer M3
violation type: Short
	srcs: net:u_data_mem/_41116_ net:u_data_mem/_41121_
	bbox = (404.4500, 589.1500) - (404.5900, 589.2500) on Layer M3
violation type: Short
	srcs: net:u_riscv_top/register_file/_08050_ net:u_riscv_top/register_file/_10500_
	bbox = (404.6500, 100.7500) - (404.7500, 100.8500) on Layer M3
violation type: Short
	srcs: net:u_data_mem/_38131_ net:u_data_mem/bank3\[7\][16]
	bbox = (404.6500, 812.5500) - (404.7300, 812.6500) on Layer M3
violation type: Short
	srcs: net:u_riscv_top/register_file/_09911_ net:u_riscv_top/register_file/_10516_
	bbox = (404.9500, 28.7500) - (405.0500, 28.8500) on Layer M3
violation type: Short
	srcs: net:u_riscv_top/register_file/_07236_ net:u_riscv_top/register_file/_10490_
	bbox = (404.9500, 56.1500) - (405.0500, 56.2500) on Layer M3
violation type: Short
	srcs: net:u_riscv_top/register_file/_08567_ net:u_riscv_top/register_file/_10525_
	bbox = (404.9500, 97.5500) - (405.0500, 97.6500) on Layer M3
violation type: Short
	srcs: net:u_riscv_top/register_file/_08852_ net:u_riscv_top/register_file/_10525_
	bbox = (404.9500, 97.7500) - (405.0500, 97.8500) on Layer M3
violation type: Short
	srcs: net:RD4_sim[28] net:u_riscv_top/register_file/_10520_
	bbox = (404.9500, 109.5500) - (405.0500, 109.6500) on Layer M3
violation type: Short
	srcs: net:u_riscv_top/register_file/_07231_ net:u_riscv_top/register_file/_07245_
	bbox = (404.9500, 159.1500) - (405.0500, 159.2500) on Layer M3
violation type: Short
	srcs: net:u_riscv_top/register_file/_06188_ net:u_riscv_top/register_file/_06216_
	bbox = (404.9500, 271.9500) - (405.0500, 272.0500) on Layer M3
violation type: Short
	srcs: net:u_riscv_top/net599 net:net1336
	bbox = (404.9500, 523.5500) - (405.0500, 523.6500) on Layer M3
violation type: Short
	srcs: net:mem_wdata[6] net:u_data_mem/_36915_
	bbox = (404.9500, 674.5500) - (405.0500, 674.6500) on Layer M3
violation type: Short
	srcs: net:u_data_mem/_18234_ net:u_data_mem/_35532_
	bbox = (404.9500, 689.9500) - (405.0500, 690.0500) on Layer M3
violation type: Short
	srcs: net:u_data_mem/_18234_ net:u_data_mem/_35532_
	bbox = (404.9500, 689.9500) - (405.0500, 690.2500) on Layer M3
violation type: Short
	srcs: net:u_data_mem/_18234_ net:u_data_mem/_35532_
	bbox = (404.9500, 690.1500) - (405.0500, 690.2500) on Layer M3
violation type: Short
	srcs: net:mem_ena net:u_data_mem/_38592_
	bbox = (404.9500, 693.1500) - (405.0500, 693.2500) on Layer M3
violation type: Short
	srcs: net:u_data_mem/_35551_ net:u_data_mem/_41067_
	bbox = (404.9500, 811.9500) - (405.0500, 812.0500) on Layer M3
violation type: Short
	srcs: net:u_data_mem/_35540_ net:u_data_mem/_35551_
	bbox = (404.9500, 812.1500) - (405.0500, 812.2500) on Layer M3
violation type: Short
	srcs: net:mem_wdata[0] net:u_data_mem/_41055_
	bbox = (404.9500, 878.1500) - (405.0500, 878.2500) on Layer M3
violation type: Short
	srcs: net:mem_wdata[0] net:u_data_mem/_41055_
	bbox = (404.9500, 878.1500) - (405.0500, 878.4500) on Layer M3
violation type: Short
	srcs: net:mem_wdata[0] net:u_data_mem/_41055_
	bbox = (404.9500, 878.3500) - (405.0500, 878.4500) on Layer M3
violation type: Short
	srcs: net:u_riscv_top/stallF net:u_riscv_top/pipeline_register3/_172_
	bbox = (405.0100, 500.1500) - (405.0500, 500.2500) on Layer M3
violation type: Short
	srcs: net:mem_wdata[20] net:u_data_mem/_35704_
	bbox = (405.0100, 628.5500) - (405.0500, 628.6500) on Layer M3
violation type: Short
	srcs: net:A3_sim[2] net:u_riscv_top/register_file/_07213_
	bbox = (405.2500, 33.1500) - (405.3500, 33.2500) on Layer M3
violation type: Short
	srcs: net:u_riscv_top/register_file/_07213_ net:u_riscv_top/register_file/_07214_
	bbox = (405.2500, 33.3500) - (405.3500, 33.4500) on Layer M3
violation type: Short
	srcs: net:u_riscv_top/h2[12] net:u_riscv_top/FP_Adder/fracB[11]
	bbox = (405.2500, 460.1500) - (405.3500, 460.2500) on Layer M3
violation type: Short
	srcs: net:u_riscv_top/h2[12] net:u_riscv_top/FP_Adder/fracB[11]
	bbox = (405.2500, 460.1500) - (405.7500, 460.2500) on Layer M3
violation type: Short
	srcs: net:riscv_addr[19] net:u_riscv_top/net493
	bbox = (405.2500, 525.1500) - (405.3500, 525.2500) on Layer M3
violation type: Short
	srcs: net:u_data_mem/_35546_ net:u_data_mem/_41063_
	bbox = (405.2500, 884.7500) - (405.3500, 884.8500) on Layer M3
violation type: Short
	srcs: net:u_data_mem/_35546_ net:u_data_mem/_41063_
	bbox = (405.2500, 884.7500) - (405.5500, 884.8500) on Layer M3
violation type: Short
	srcs: net:mem_wdata[17] net:u_data_mem/_41116_
	bbox = (405.4500, 588.9500) - (405.5500, 589.0500) on Layer M3
violation type: Short
	srcs: net:u_data_mem/_35546_ net:u_data_mem/_41063_
	bbox = (405.4500, 884.7500) - (405.5500, 884.8500) on Layer M3
violation type: Short
	srcs: net:u_riscv_top/h2[12] net:u_riscv_top/FP_Adder/fracB[11]
	bbox = (405.6500, 460.1500) - (405.7500, 460.2500) on Layer M3
violation type: Short
	srcs: net:u_data_mem/_40967_ net:u_data_mem/_41042_
	bbox = (405.6500, 755.7500) - (405.7500, 755.8500) on Layer M3
violation type: Short
	srcs: net:RD1_sim[22] net:u_riscv_top/register_file/_08050_
	bbox = (405.8500, 26.1500) - (405.9500, 26.2500) on Layer M3
violation type: Short
	srcs: net:A1_sim[0] net:u_riscv_top/register_file/_07522_
	bbox = (405.8500, 244.3500) - (405.9500, 244.4500) on Layer M3
violation type: Short
	srcs: net:u_data_mem/_41036_ net:u_data_mem/_41261_
	bbox = (405.8500, 749.3500) - (405.9500, 749.4500) on Layer M3
violation type: Short
	srcs: net:u_data_mem/_35582_ net:u_data_mem/_36715_
	bbox = (406.0500, 695.1500) - (406.1500, 695.2500) on Layer M3
violation type: Short
	srcs: net:u_data_mem/_41084_ net:u_data_mem/_41092_
	bbox = (406.2500, 597.5500) - (406.3500, 597.6500) on Layer M3
violation type: Short
	srcs: net:mem_wdata[27] net:u_data_mem/_41121_
	bbox = (406.2500, 627.7500) - (406.3500, 627.8500) on Layer M3
violation type: Short
	srcs: net:u_data_mem/_25520_ net:u_data_mem/_41033_
	bbox = (406.2500, 807.9500) - (406.3500, 808.0500) on Layer M3
violation type: Short
	srcs: net:u_riscv_top/h1[21] net:u_riscv_top/h1[27]
	bbox = (406.4500, 420.7500) - (406.5500, 420.8500) on Layer M3
violation type: Short
	srcs: net:apb_rdata[24] net:u_riscv_top/pipeline_register3/_176_
	bbox = (406.6500, 511.5500) - (406.7500, 511.6500) on Layer M3
violation type: Short
	srcs: net:u_riscv_top/register_file/_09174_ net:u_riscv_top/register_file/_09176_
	bbox = (406.8100, 256.7500) - (406.9300, 256.8500) on Layer M3
violation type: Short
	srcs: net:u_riscv_top/register_file/_10179_ net:u_riscv_top/register_file/_10510_
	bbox = (407.0500, 98.5500) - (407.1500, 98.6500) on Layer M3
violation type: Short
	srcs: net:u_riscv_top/h2[15] net:u_riscv_top/h2[18]
	bbox = (407.0500, 458.9500) - (407.1500, 459.0500) on Layer M3
violation type: Short
	srcs: net:u_riscv_top/register_file/_06188_ net:u_riscv_top/register_file/_10519_
	bbox = (407.2500, 271.5500) - (407.3500, 271.6500) on Layer M3
violation type: Short
	srcs: net:u_data_mem/_41055_ net:u_data_mem/bank3\[2\][7]
	bbox = (407.4100, 908.1500) - (407.9300, 908.2500) on Layer M3
violation type: Short
	srcs: net:u_riscv_top/register_file/_08050_ net:u_riscv_top/register_file/regfile\[6\][18]
	bbox = (407.4500, 257.5500) - (407.5500, 257.6500) on Layer M3
violation type: Short
	srcs: net:u_riscv_top/register_file/_06218_ net:u_riscv_top/register_file/_10519_
	bbox = (407.8500, 12.5500) - (407.9500, 12.6500) on Layer M3
violation type: Short
	srcs: net:u_riscv_top/register_file/_08049_ net:u_riscv_top/register_file/_08387_
	bbox = (408.4500, 257.1500) - (408.5500, 257.2500) on Layer M3
violation type: Short
	srcs: net:riscv_rdata[3] net:u_riscv_top/mux5/_229_
	bbox = (408.6100, 492.5500) - (408.7900, 492.6500) on Layer M3
violation type: Short
	srcs: net:riscv_rdata[3] net:u_riscv_top/mux5/_229_
	bbox = (408.6500, 492.5500) - (408.7500, 492.6500) on Layer M3
violation type: Short
	srcs: net:mem_wdata[14] net:u_riscv_top/mux5/_229_
	bbox = (408.6500, 492.7500) - (408.7500, 492.8500) on Layer M3
violation type: Short
	srcs: net:u_riscv_top/TICK net:u_riscv_top/mux5/_229_
	bbox = (408.6500, 492.9500) - (408.7500, 493.0500) on Layer M3
violation type: Short
	srcs: net:mem_wdata[7] net:u_data_mem/_21316_
	bbox = (408.8500, 745.1500) - (408.9500, 745.2500) on Layer M3
violation type: Short
	srcs: net:u_riscv_top/register_file/_06961_ net:u_riscv_top/register_file/regfile\[1\][12]
	bbox = (409.0100, 73.3500) - (409.1900, 73.4500) on Layer M3
violation type: Short
	srcs: net:u_riscv_top/register_file/_06961_ net:u_riscv_top/register_file/regfile\[1\][12]
	bbox = (409.0500, 73.3500) - (409.1500, 73.4500) on Layer M3
violation type: Short
	srcs: net:mem_addr[1] net:mem_addr[2]
	bbox = (409.2700, 614.9500) - (409.3500, 615.0500) on Layer M3
violation type: Short
	srcs: net:mem_addr[1] net:mem_addr[2]
	bbox = (409.2700, 614.9500) - (409.7900, 615.0500) on Layer M3
violation type: Short
	srcs: net:u_data_mem/_21161_ net:u_data_mem/_40954_
	bbox = (410.0500, 753.9500) - (410.1500, 754.0500) on Layer M3
violation type: Short
	srcs: net:u_riscv_top/register_file/_08567_ net:u_riscv_top/register_file/_10525_
	bbox = (411.0500, 97.3500) - (411.1500, 97.4500) on Layer M3
violation type: Short
	srcs: net:WD5_sim[26] net:wb_data_sim[24]
	bbox = (411.0500, 503.5500) - (411.1500, 503.6500) on Layer M3
violation type: Short
	srcs: net:u_riscv_top/register_file/_09369_ net:u_riscv_top/register_file/_09372_
	bbox = (411.2500, 96.7500) - (411.3500, 96.8500) on Layer M3
violation type: Short
	srcs: net:u_data_mem/_39710_ net:u_data_mem/bank3\[1\][7]
	bbox = (411.8700, 912.1500) - (411.9300, 912.2500) on Layer M3
violation type: Short
	srcs: net:u_riscv_top/register_file/_10179_ net:u_riscv_top/register_file/_10510_
	bbox = (412.6500, 98.7500) - (412.7500, 98.8500) on Layer M3
violation type: Short
	srcs: net:u_riscv_top/register_file/_10179_ net:u_riscv_top/register_file/_10510_
	bbox = (412.8500, 98.5500) - (412.9500, 98.6500) on Layer M3
violation type: Short
	srcs: net:u_riscv_top/register_file/_09994_ net:u_riscv_top/register_file/_10498_
	bbox = (413.4500, 262.7500) - (413.5500, 262.8500) on Layer M3
violation type: Short
	srcs: net:u_data_mem/_36876_ net:u_data_mem/_41016_
	bbox = (413.9500, 799.1500) - (414.0500, 799.2500) on Layer M3
violation type: Short
	srcs: net:u_data_mem/_25548_ net:u_data_mem/_41033_
	bbox = (414.4500, 807.9500) - (414.5500, 808.0500) on Layer M3
violation type: Short
	srcs: net:u_riscv_top/FP_Adder/fracA[10] net:u_riscv_top/FP_Adder/fracA[8]
	bbox = (414.6500, 447.5500) - (414.7500, 447.6500) on Layer M3
violation type: Short
	srcs: net:u_riscv_top/FP_Adder/fracA[10] net:u_riscv_top/FP_Adder/fracA[8]
	bbox = (414.6500, 447.5500) - (414.7900, 447.6500) on Layer M3
violation type: Short
	srcs: net:RD3_sim[0] net:u_riscv_top/register_file/_10490_
	bbox = (416.0500, 134.7500) - (416.1500, 134.8500) on Layer M3
violation type: Short
	srcs: net:riscv_addr[5] net:u_riscv_top/FP_Adder/_1465_
	bbox = (416.0500, 425.3500) - (416.1500, 425.4500) on Layer M3
violation type: Short
	srcs: net:u_riscv_top/FP_Adder/_1465_ net:u_riscv_top/FP_Adder/_1466_
	bbox = (416.0500, 425.5500) - (416.1500, 425.6500) on Layer M3
violation type: Short
	srcs: net:WD5_sim[28] net:net1281
	bbox = (416.0500, 498.3500) - (416.1500, 498.4500) on Layer M3
violation type: Short
	srcs: net:u_data_mem/_41035_ net:u_data_mem/_41074_
	bbox = (416.2500, 919.9500) - (416.3500, 920.0500) on Layer M3
violation type: Short
	srcs: net:u_riscv_top/h2[28] net:net1317
	bbox = (416.8500, 424.5500) - (416.9500, 424.6500) on Layer M3
violation type: Short
	srcs: net:u_data_mem/_35611_ net:u_data_mem/_41033_
	bbox = (416.8500, 807.7500) - (416.9500, 807.8500) on Layer M3
violation type: Short
	srcs: net:u_riscv_top/register_file/_06202_ net:u_riscv_top/register_file/_08548_
	bbox = (417.2500, 89.7500) - (417.3500, 89.8500) on Layer M3
violation type: Short
	srcs: net:u_data_mem/_37254_ net:u_data_mem/_41121_
	bbox = (417.2500, 635.7500) - (417.3300, 635.8500) on Layer M3
violation type: Short
	srcs: net:A1_sim[2] net:RD4_sim[21]
	bbox = (417.4100, 33.5500) - (417.9300, 33.6500) on Layer M3
violation type: Short
	srcs: net:A2_sim[1] net:u_riscv_top/register_file/_08852_
	bbox = (417.4500, 52.7500) - (417.5500, 52.8500) on Layer M3
violation type: Short
	srcs: net:u_riscv_top/register_file/_06922_ net:u_riscv_top/register_file/_10498_
	bbox = (417.4500, 262.9500) - (417.5500, 263.0500) on Layer M3
violation type: Short
	srcs: net:u_riscv_top/register_file/_06200_ net:u_riscv_top/register_file/_10505_
	bbox = (418.2500, 64.7500) - (418.3500, 64.8500) on Layer M3
violation type: Short
	srcs: net:mem_wdata[26] net:u_data_mem/_38381_
	bbox = (418.4500, 879.7500) - (418.5500, 879.8500) on Layer M3
violation type: Short
	srcs: net:u_riscv_top/register_file/_09097_ net:u_riscv_top/register_file/_10504_
	bbox = (418.8500, 37.7500) - (418.9500, 37.8500) on Layer M3
violation type: Short
	srcs: net:mem_wdata[21] net:u_riscv_top/mux5/_230_
	bbox = (418.8500, 509.3500) - (418.9500, 509.4500) on Layer M3
violation type: Short
	srcs: net:u_riscv_top/register_file/_07227_ net:u_riscv_top/register_file/_09775_
	bbox = (419.0500, 115.5500) - (419.1500, 115.6500) on Layer M3
violation type: Short
	srcs: net:u_data_mem/_18140_ net:u_data_mem/_41092_
	bbox = (419.8500, 924.9500) - (419.9500, 925.0500) on Layer M3
violation type: Short
	srcs: net:u_riscv_top/register_file/_06211_ net:u_riscv_top/register_file/_10513_
	bbox = (420.4500, 264.7500) - (420.5500, 264.8500) on Layer M3
violation type: Short
	srcs: net:u_riscv_top/register_file/_07222_ net:u_riscv_top/register_file/_07225_
	bbox = (420.6500, 88.5500) - (420.7500, 88.6500) on Layer M3
violation type: Short
	srcs: net:u_data_mem/_21217_ net:u_data_mem/_41261_
	bbox = (420.6500, 747.1500) - (420.7500, 747.2500) on Layer M3
violation type: Short
	srcs: net:RD1_sim[11] net:u_riscv_top/register_file/_10505_
	bbox = (421.0500, 93.3500) - (421.1500, 93.4500) on Layer M3
violation type: Short
	srcs: net:u_data_mem/_35970_ net:u_riscv_top/mux5/_229_
	bbox = (421.0500, 507.7500) - (421.1500, 507.8500) on Layer M3
violation type: Short
	srcs: net:mem_wdata[9] net:u_data_mem/_35095_
	bbox = (421.2500, 907.3500) - (421.3500, 907.4500) on Layer M3
violation type: Short
	srcs: net:RD1_sim[18] net:u_riscv_top/register_file/_10507_
	bbox = (422.6500, 255.9500) - (422.7500, 256.0500) on Layer M3
violation type: Short
	srcs: net:mem_wdata[29] net:u_data_mem/bank3\[6\][29]
	bbox = (423.0500, 887.5500) - (423.1500, 887.6500) on Layer M3
violation type: Short
	srcs: net:u_data_mem/_35546_ net:u_data_mem/bank3\[6\][29]
	bbox = (423.0500, 887.7500) - (423.1500, 887.8500) on Layer M3
violation type: Short
	srcs: net:u_riscv_top/register_file/_06311_ net:u_riscv_top/register_file/_10520_
	bbox = (423.8500, 100.5500) - (423.9500, 100.6500) on Layer M3
violation type: Short
	srcs: net:u_data_mem/_35053_ net:u_data_mem/_35534_
	bbox = (423.8500, 987.9500) - (423.9500, 988.0500) on Layer M3
violation type: Short
	srcs: net:u_riscv_top/register_file/_06190_ net:u_riscv_top/register_file/_10504_
	bbox = (424.8500, 38.1500) - (424.9500, 38.2500) on Layer M3
violation type: Short
	srcs: net:u_data_mem/bank2\[34\][30] net:clknet_10_794__leaf_clk
	bbox = (425.0500, 746.5500) - (425.1300, 746.6500) on Layer M3
violation type: Short
	srcs: net:u_data_mem/_35549_ net:u_data_mem/bank2\[34\][30]
	bbox = (425.0500, 746.7500) - (425.1500, 746.8500) on Layer M3
violation type: Short
	srcs: net:u_riscv_top/h2[22] net:u_riscv_top/FP_Adder/fracA[5]
	bbox = (425.2500, 406.7500) - (425.3500, 406.8500) on Layer M3
violation type: Short
	srcs: net:u_data_mem/_35593_ net:u_data_mem/_36084_
	bbox = (425.6500, 540.5500) - (425.7500, 540.6500) on Layer M3
violation type: Short
	srcs: net:u_data_mem/_35593_ net:u_data_mem/_36084_
	bbox = (425.6500, 540.5500) - (425.7500, 540.8500) on Layer M3
violation type: Short
	srcs: net:u_data_mem/_35593_ net:u_data_mem/_36084_
	bbox = (425.6500, 540.7500) - (425.7500, 540.8500) on Layer M3
violation type: Short
	srcs: net:u_riscv_top/register_file/_07234_ net:u_riscv_top/register_file/_09660_
	bbox = (425.9500, 139.7500) - (426.0500, 139.8500) on Layer M3
violation type: Short
	srcs: net:A3_sim[0] net:u_riscv_top/register_file/_10514_
	bbox = (425.9500, 140.7500) - (426.0500, 140.8500) on Layer M3
violation type: Short
	srcs: net:u_riscv_top/register_file/_07232_ net:u_riscv_top/register_file/regfile\[31\][20]
	bbox = (425.9500, 258.1500) - (426.0500, 258.2500) on Layer M3
violation type: Short
	srcs: net:wb_data_sim[17] net:u_riscv_top/CSR_Data_out[0]
	bbox = (425.9500, 495.3500) - (426.0500, 495.4500) on Layer M3
violation type: Short
	srcs: net:wb_data_sim[17] net:u_riscv_top/CSR_Data_out[0]
	bbox = (425.9500, 495.3500) - (426.3500, 495.4500) on Layer M3
violation type: Short
	srcs: net:u_data_mem/_37594_ net:u_data_mem/_41121_
	bbox = (425.9500, 628.7500) - (426.0500, 628.8500) on Layer M3
violation type: Short
	srcs: net:mem_addr[0] net:u_data_mem/_41120_
	bbox = (425.9500, 671.7500) - (426.0500, 671.8500) on Layer M3
violation type: Short
	srcs: net:u_data_mem/_35551_ net:u_data_mem/bank2\[32\][20]
	bbox = (425.9500, 711.7500) - (425.9900, 711.8500) on Layer M3
violation type: Short
	srcs: net:A3_sim[0] net:u_riscv_top/register_file/_08049_
	bbox = (426.0100, 173.3500) - (426.0500, 173.4500) on Layer M3
violation type: Short
	srcs: net:u_data_mem/_37466_ net:u_data_mem/_37500_
	bbox = (426.0100, 906.7500) - (426.0500, 906.8500) on Layer M3
violation type: Short
	srcs: net:u_riscv_top/mult_result_core[9] net:u_riscv_top/net1888
	bbox = (426.0495, 311.1500) - (426.0505, 311.2500) on Layer M3
violation type: Short
	srcs: net:u_riscv_top/mult_result_core[9] net:u_riscv_top/net1888
	bbox = (426.0495, 311.1500) - (426.0505, 311.4500) on Layer M3
violation type: Short
	srcs: net:u_riscv_top/register_file/_06208_ net:u_riscv_top/register_file/_07211_
	bbox = (426.0500, 80.5500) - (426.1500, 80.6500) on Layer M3
violation type: Short
	srcs: net:u_riscv_top/mult_result_core[9] net:u_riscv_top/net1888
	bbox = (426.0500, 311.3500) - (426.1500, 311.4500) on Layer M3
violation type: Short
	srcs: net:u_riscv_top/h2[17] net:u_riscv_top/h2[2]
	bbox = (426.2500, 437.1500) - (426.3500, 437.2500) on Layer M3
violation type: Short
	srcs: net:wb_data_sim[17] net:u_riscv_top/CSR_Data_out[0]
	bbox = (426.2500, 495.3500) - (426.3500, 495.4500) on Layer M3
violation type: Short
	srcs: net:riscv_addr[0] net:u_riscv_top/pipeline_register3/net2363
	bbox = (426.2500, 496.3500) - (426.3500, 496.4500) on Layer M3
violation type: Short
	srcs: net:riscv_addr[0] net:u_riscv_top/pipeline_register3/net2363
	bbox = (426.2500, 496.3500) - (426.5500, 496.4500) on Layer M3
violation type: Short
	srcs: net:u_data_mem/_20496_ net:u_data_mem/_41120_
	bbox = (426.2500, 604.5500) - (426.3500, 604.6500) on Layer M3
violation type: Short
	srcs: net:u_data_mem/_20496_ net:u_data_mem/_35592_
	bbox = (426.2500, 604.9500) - (426.3500, 605.0500) on Layer M3
violation type: Short
	srcs: net:u_data_mem/_41082_ net:u_data_mem/_41118_
	bbox = (426.2500, 608.9500) - (426.3500, 609.0500) on Layer M3
violation type: Short
	srcs: net:u_data_mem/_41082_ net:u_data_mem/_41118_
	bbox = (426.2500, 608.9500) - (426.3500, 609.2500) on Layer M3
violation type: Short
	srcs: net:u_data_mem/_41082_ net:u_data_mem/_41118_
	bbox = (426.2500, 609.1500) - (426.3500, 609.2500) on Layer M3
violation type: Short
	srcs: net:u_data_mem/_21643_ net:u_data_mem/_35544_
	bbox = (426.4100, 501.1500) - (426.5900, 501.2500) on Layer M3
violation type: Short
	srcs: net:riscv_addr[0] net:u_riscv_top/pipeline_register3/net2363
	bbox = (426.4500, 496.3500) - (426.5500, 496.4500) on Layer M3
violation type: Short
	srcs: net:u_data_mem/_21643_ net:u_data_mem/_35544_
	bbox = (426.4500, 501.1500) - (426.5500, 501.2500) on Layer M3
violation type: Short
	srcs: net:mem_wdata[0] net:u_data_mem/_35593_
	bbox = (426.4500, 501.9500) - (426.5500, 502.0500) on Layer M3
violation type: Short
	srcs: net:riscv_addr[19] net:u_riscv_top/net498
	bbox = (426.4500, 525.3500) - (426.5500, 525.4500) on Layer M3
violation type: Short
	srcs: net:u_data_mem/_20532_ net:u_data_mem/_41019_
	bbox = (427.2500, 609.9500) - (427.3500, 610.0500) on Layer M3
violation type: Short
	srcs: net:A2_sim[2] net:u_riscv_top/register_file/_06191_
	bbox = (428.4500, 271.7500) - (428.5500, 271.8500) on Layer M3
violation type: Short
	srcs: net:u_data_mem/_40982_ net:u_data_mem/_41118_
	bbox = (428.4500, 595.5500) - (428.5500, 595.6500) on Layer M3
violation type: Short
	srcs: net:A3_sim[0] net:u_riscv_top/register_file/_09662_
	bbox = (428.6500, 145.9500) - (428.7500, 146.0500) on Layer M3
violation type: Short
	srcs: net:u_data_mem/_40957_ net:u_data_mem/_41061_
	bbox = (429.8500, 748.5500) - (429.9500, 748.6500) on Layer M3
violation type: Short
	srcs: net:mem_addr[1] net:mem_wdata[17]
	bbox = (430.0500, 588.5500) - (430.1500, 588.6500) on Layer M3
violation type: Short
	srcs: net:u_riscv_top/register_file/_08321_ net:u_riscv_top/register_file/regfile\[30\][20]
	bbox = (430.2500, 254.1500) - (430.3500, 254.2500) on Layer M3
violation type: Short
	srcs: net:u_riscv_top/register_file/_06215_ net:u_riscv_top/register_file/_07229_
	bbox = (430.6500, 53.5500) - (430.7500, 53.6500) on Layer M3
violation type: Short
	srcs: net:riscv_addr[19] net:u_riscv_top/net498
	bbox = (431.0500, 525.3500) - (431.1500, 525.4500) on Layer M3
violation type: Short
	srcs: net:u_riscv_top/register_file/_08874_ net:u_riscv_top/register_file/_10505_
	bbox = (431.2500, 64.9500) - (431.3500, 65.0500) on Layer M3
violation type: Short
	srcs: net:u_riscv_top/register_file/_08852_ net:u_riscv_top/register_file/_09662_
	bbox = (431.6500, 239.5500) - (431.7500, 239.6500) on Layer M3
violation type: Short
	srcs: net:u_riscv_top/register_file/_07234_ net:u_riscv_top/register_file/regfile\[8\][20]
	bbox = (431.6500, 241.3500) - (431.7500, 241.4500) on Layer M3
violation type: Short
	srcs: net:riscv_addr[19] net:u_riscv_top/net498
	bbox = (432.0500, 525.3500) - (432.1500, 525.4500) on Layer M3
violation type: Short
	srcs: net:u_data_mem/_35601_ net:u_data_mem/_41121_
	bbox = (432.2500, 629.7500) - (432.3500, 629.8500) on Layer M3
violation type: Short
	srcs: net:u_riscv_top/register_file/_08938_ net:u_riscv_top/register_file/_10496_
	bbox = (432.4500, 114.9500) - (432.5500, 115.0500) on Layer M3
violation type: Short
	srcs: net:u_riscv_top/register_file/_08938_ net:u_riscv_top/register_file/_10496_
	bbox = (432.4500, 114.9500) - (432.7500, 115.0500) on Layer M3
violation type: Short
	srcs: net:u_riscv_top/register_file/_08938_ net:u_riscv_top/register_file/_10496_
	bbox = (432.6500, 114.9500) - (432.7500, 115.0500) on Layer M3
violation type: Short
	srcs: net:u_data_mem/_41067_ net:u_data_mem/_41080_
	bbox = (432.8500, 595.1500) - (432.9500, 595.2500) on Layer M3
violation type: Short
	srcs: net:u_data_mem/_41080_ net:u_data_mem/_41240_
	bbox = (432.8500, 595.3500) - (432.9500, 595.4500) on Layer M3
violation type: Short
	srcs: net:rst net:u_data_mem/_20567_
	bbox = (433.4500, 604.3500) - (433.5300, 604.4500) on Layer M3
violation type: Short
	srcs: net:RD4_sim[10] net:u_riscv_top/register_file/_10514_
	bbox = (433.6500, 70.7500) - (433.7500, 70.8500) on Layer M3
violation type: Short
	srcs: net:u_riscv_top/register_file/_07227_ net:u_riscv_top/register_file/_10496_
	bbox = (433.6500, 114.9500) - (433.7500, 115.0500) on Layer M3
violation type: Short
	srcs: net:u_riscv_top/register_file/_10526_ net:u_riscv_top/register_file/regfile\[29\][23]
	bbox = (433.8500, 161.7500) - (433.9500, 161.8500) on Layer M3
violation type: Short
	srcs: net:u_riscv_top/register_file/_07070_ net:u_riscv_top/register_file/_10512_
	bbox = (434.6500, 124.3500) - (434.7500, 124.4500) on Layer M3
violation type: Short
	srcs: net:u_data_mem/_20422_ net:u_data_mem/_41019_
	bbox = (434.6500, 609.9500) - (434.7500, 610.0500) on Layer M3
violation type: Short
	srcs: net:u_riscv_top/fp_add_result_b[27] net:u_riscv_top/FP_Adder/_1535_
	bbox = (434.8500, 294.9500) - (434.9500, 295.0500) on Layer M3
violation type: Short
	srcs: net:u_data_mem/_35534_ net:u_data_mem/_39327_
	bbox = (435.6500, 906.9500) - (435.7500, 907.0500) on Layer M3
violation type: Short
	srcs: net:u_data_mem/_35611_ net:u_data_mem/_37594_
	bbox = (435.8500, 628.7500) - (435.9500, 628.8500) on Layer M3
violation type: Short
	srcs: net:RD4_sim[28] net:u_riscv_top/register_file/_09765_
	bbox = (436.0500, 109.5500) - (436.1500, 109.6500) on Layer M3
violation type: Short
	srcs: net:u_riscv_top/register_file/_08947_ net:u_riscv_top/register_file/_10513_
	bbox = (436.0500, 122.1500) - (436.1500, 122.2500) on Layer M3
violation type: Short
	srcs: net:u_riscv_top/FP_Adder/_1277_ net:u_riscv_top/net1506
	bbox = (436.0500, 298.9500) - (436.1500, 299.0500) on Layer M3
violation type: Short
	srcs: net:riscv_we net:u_data_mem/_21543_
	bbox = (436.0500, 532.9500) - (436.1500, 533.0500) on Layer M3
violation type: Short
	srcs: net:u_data_mem/_35610_ net:u_data_mem/_40959_
	bbox = (436.2500, 802.3500) - (436.3500, 802.4500) on Layer M3
violation type: Short
	srcs: net:u_riscv_top/register_file/_07236_ net:u_riscv_top/register_file/_07342_
	bbox = (437.8500, 141.5500) - (437.9500, 141.6500) on Layer M3
violation type: Short
	srcs: net:u_riscv_top/net1515 net:u_riscv_top/net1861
	bbox = (437.8500, 277.7500) - (437.9500, 277.8500) on Layer M3
violation type: Short
	srcs: net:u_riscv_top/register_file/_08951_ net:u_riscv_top/register_file/_09662_
	bbox = (438.0500, 145.9500) - (438.1500, 146.0500) on Layer M3
violation type: Short
	srcs: net:u_data_mem/_35546_ net:u_data_mem/_38799_
	bbox = (438.4100, 634.9500) - (438.5900, 635.0500) on Layer M3
violation type: Short
	srcs: net:u_data_mem/_35546_ net:u_data_mem/_38799_
	bbox = (438.4500, 634.9500) - (438.5500, 635.0500) on Layer M3
violation type: Short
	srcs: net:u_data_mem/_38799_ net:u_data_mem/_39496_
	bbox = (438.4500, 635.1500) - (438.5500, 635.2500) on Layer M3
violation type: Short
	srcs: net:u_data_mem/_20474_ net:u_data_mem/_35546_
	bbox = (439.2500, 604.5500) - (439.3500, 604.6500) on Layer M3
violation type: Short
	srcs: net:u_riscv_top/register_file/_07236_ net:u_riscv_top/register_file/_08049_
	bbox = (440.0100, 141.5500) - (440.5300, 141.6500) on Layer M3
violation type: Short
	srcs: net:RD4_sim[14] net:u_riscv_top/register_file/_08060_
	bbox = (440.4500, 48.7500) - (440.5500, 48.8500) on Layer M3
violation type: Short
	srcs: net:u_riscv_top/register_file/_07236_ net:u_riscv_top/register_file/_08135_
	bbox = (440.8100, 141.5500) - (441.3300, 141.6500) on Layer M3
violation type: Short
	srcs: net:u_data_mem/_36867_ net:u_data_mem/_41016_
	bbox = (441.0500, 799.5500) - (441.1500, 799.6500) on Layer M3
violation type: Short
	srcs: net:u_data_mem/_35537_ net:u_data_mem/_39056_
	bbox = (441.2500, 908.5500) - (441.3500, 908.6500) on Layer M3
violation type: Short
	srcs: net:u_data_mem/_37500_ net:u_data_mem/_39056_
	bbox = (441.2500, 908.7500) - (441.3500, 908.8500) on Layer M3
violation type: Short
	srcs: net:u_data_mem/_37500_ net:u_data_mem/_39056_
	bbox = (441.2500, 908.7500) - (441.5500, 908.8500) on Layer M3
violation type: Short
	srcs: net:u_riscv_top/register_file/_10500_ net:u_riscv_top/register_file/_10518_
	bbox = (441.4500, 100.7500) - (441.5500, 100.8500) on Layer M3
violation type: Short
	srcs: net:u_data_mem/_37500_ net:u_data_mem/_39056_
	bbox = (441.4500, 908.7500) - (441.5500, 908.8500) on Layer M3
violation type: Short
	srcs: net:u_riscv_top/register_file/_06450_ net:u_riscv_top/register_file/_10518_
	bbox = (442.2500, 100.7500) - (442.3500, 100.8500) on Layer M3
violation type: Short
	srcs: net:RD2_sim[19] net:u_riscv_top/register_file/net2380
	bbox = (442.8100, 200.1500) - (442.9900, 200.2500) on Layer M3
violation type: Short
	srcs: net:u_riscv_top/register_file/_08946_ net:u_riscv_top/register_file/_10512_
	bbox = (442.8500, 123.9500) - (442.9500, 124.0500) on Layer M3
violation type: Short
	srcs: net:RD2_sim[19] net:u_riscv_top/register_file/net2380
	bbox = (442.8500, 200.1500) - (442.9500, 200.2500) on Layer M3
violation type: Short
	srcs: net:mem_wdata[9] net:u_data_mem/_35534_
	bbox = (442.8500, 906.7500) - (442.9500, 906.8500) on Layer M3
violation type: Short
	srcs: net:wb_data_sim[18] net:u_data_mem/_38219_
	bbox = (443.4500, 516.7500) - (443.5500, 516.8500) on Layer M3
violation type: Short
	srcs: net:u_riscv_top/register_file/_07329_ net:u_riscv_top/register_file/_09775_
	bbox = (444.2500, 116.3500) - (444.3500, 116.4500) on Layer M3
violation type: Short
	srcs: net:u_data_mem/_35544_ net:u_data_mem/bank3\[5\][1]
	bbox = (444.2500, 892.9500) - (444.3500, 893.0500) on Layer M3
violation type: Short
	srcs: net:u_riscv_top/CSR_Data_out[0] net:u_riscv_top/register_file/net2389
	bbox = (444.6500, 495.3500) - (444.7500, 495.4500) on Layer M3
violation type: Short
	srcs: net:u_data_mem/_41089_ net:u_riscv_top/mux5/_229_
	bbox = (444.6500, 509.5500) - (444.7500, 509.6500) on Layer M3
violation type: Short
	srcs: net:u_data_mem/_41089_ net:u_riscv_top/mux5/_229_
	bbox = (444.6500, 509.5500) - (444.9500, 509.6500) on Layer M3
violation type: Short
	srcs: net:RD2_sim[17] net:RD2_sim[19]
	bbox = (444.8500, 199.9500) - (444.9500, 200.0500) on Layer M3
violation type: Short
	srcs: net:u_data_mem/_41089_ net:u_riscv_top/mux5/_229_
	bbox = (444.8500, 509.5500) - (444.9500, 509.6500) on Layer M3
violation type: Short
	srcs: net:mem_wdata[11] net:u_data_mem/_35544_
	bbox = (444.8500, 673.1500) - (444.9500, 673.2500) on Layer M3
violation type: Short
	srcs: net:u_riscv_top/net599 net:net1336
	bbox = (445.0500, 523.5500) - (445.1500, 523.6500) on Layer M3
violation type: Short
	srcs: net:u_riscv_top/register_file/_10503_ net:u_riscv_top/register_file/_10528_
	bbox = (445.2500, 226.7500) - (445.3500, 226.8500) on Layer M3
violation type: Short
	srcs: net:u_riscv_top/register_file/_10518_ net:u_riscv_top/register_file/_10521_
	bbox = (445.4500, 100.5500) - (445.5500, 100.6500) on Layer M3
violation type: Short
	srcs: net:A2_sim[0] net:u_riscv_top/register_file/_09681_
	bbox = (445.6500, 28.9500) - (445.7500, 29.0500) on Layer M3
violation type: Short
	srcs: net:mem_wdata[22] net:u_riscv_top/mux5/net2411
	bbox = (445.8500, 492.9500) - (445.9500, 493.0500) on Layer M3
violation type: Short
	srcs: net:mem_wdata[22] net:u_riscv_top/mux5/net2411
	bbox = (445.8500, 492.9500) - (447.0500, 493.0500) on Layer M3
violation type: Short
	srcs: net:mem_wdata[17] net:u_data_mem/_41091_
	bbox = (446.0500, 584.7500) - (446.1500, 584.8500) on Layer M3
violation type: Short
	srcs: net:u_riscv_top/register_file/_09662_ net:u_riscv_top/register_file/net2380
	bbox = (446.4100, 222.5500) - (446.9300, 222.6500) on Layer M3
violation type: Short
	srcs: net:A1_sim[0] net:u_riscv_top/register_file/_09973_
	bbox = (446.6100, 221.9500) - (446.7300, 222.0500) on Layer M3
violation type: Short
	srcs: net:u_riscv_top/register_file/_10522_ net:u_riscv_top/register_file/_10523_
	bbox = (446.6500, 106.1500) - (446.7500, 106.2500) on Layer M3
violation type: Short
	srcs: net:A1_sim[0] net:u_riscv_top/register_file/_09973_
	bbox = (446.6500, 221.9500) - (446.7300, 222.0500) on Layer M3
violation type: Short
	srcs: net:mem_wdata[7] net:u_riscv_top/register_file/net2362
	bbox = (446.6500, 504.1500) - (446.7500, 504.2500) on Layer M3
violation type: Short
	srcs: net:u_data_mem/_35592_ net:u_data_mem/_41120_
	bbox = (446.6500, 604.3500) - (446.7500, 604.4500) on Layer M3
violation type: Short
	srcs: net:A2_sim[4] net:u_riscv_top/register_file/_09681_
	bbox = (446.8500, 28.9500) - (446.9500, 29.0500) on Layer M3
violation type: Short
	srcs: net:u_data_mem/_18245_ net:u_riscv_top/net599
	bbox = (446.8500, 523.9500) - (446.9500, 524.0500) on Layer M3
violation type: Short
	srcs: net:u_data_mem/_18245_ net:clknet_10_233__leaf_clk
	bbox = (446.8500, 524.1500) - (446.9500, 524.2500) on Layer M3
violation type: Short
	srcs: net:A2_sim[4] net:u_riscv_top/register_file/_09681_
	bbox = (446.9495, 28.9500) - (446.9505, 29.2500) on Layer M3
violation type: Short
	srcs: net:A2_sim[4] net:u_riscv_top/register_file/_09681_
	bbox = (446.9495, 29.1500) - (446.9505, 29.2500) on Layer M3
violation type: Short
	srcs: net:mem_wdata[22] net:u_riscv_top/mux5/net2411
	bbox = (446.9500, 492.9500) - (447.0500, 493.0500) on Layer M3
violation type: Short
	srcs: net:u_data_mem/_41089_ net:net1335
	bbox = (446.9500, 508.9500) - (447.0500, 509.0500) on Layer M3
violation type: Short
	srcs: net:u_data_mem/_41089_ net:net1335
	bbox = (446.9500, 508.9500) - (447.3500, 509.0500) on Layer M3
violation type: Short
	srcs: net:u_riscv_top/net476 net:u_riscv_top/net493
	bbox = (446.9500, 526.7500) - (447.0500, 526.8500) on Layer M3
violation type: Short
	srcs: net:u_data_mem/_18241_ net:u_data_mem/_18242_
	bbox = (446.9500, 582.5500) - (447.0500, 582.6500) on Layer M3
violation type: Short
	srcs: net:mem_wdata[17] net:u_data_mem/bank2\[41\][17]
	bbox = (446.9500, 584.7500) - (447.0500, 584.8500) on Layer M3
violation type: Short
	srcs: net:u_data_mem/_41091_ net:u_data_mem/bank2\[41\][17]
	bbox = (446.9500, 584.9500) - (447.0500, 585.0500) on Layer M3
violation type: Short
	srcs: net:u_data_mem/_35572_ net:u_data_mem/_41120_
	bbox = (446.9500, 604.7500) - (447.0500, 604.8500) on Layer M3
violation type: Short
	srcs: net:mem_wdata[6] net:u_data_mem/_36891_
	bbox = (446.9500, 674.7500) - (447.0500, 674.8500) on Layer M3
violation type: Short
	srcs: net:u_riscv_top/register_file/_06201_ net:u_riscv_top/register_file/_07244_
	bbox = (447.2100, 69.5500) - (447.3900, 69.6500) on Layer M3
violation type: Short
	srcs: net:u_riscv_top/register_file/_06201_ net:u_riscv_top/register_file/_07244_
	bbox = (447.2500, 69.5500) - (447.3500, 69.6500) on Layer M3
violation type: Short
	srcs: net:u_riscv_top/register_file/_09578_ net:u_riscv_top/register_file/_10490_
	bbox = (447.2500, 92.1500) - (447.3500, 92.2500) on Layer M3
violation type: Short
	srcs: net:RD4_sim[28] net:u_riscv_top/register_file/_09766_
	bbox = (447.2500, 110.1500) - (447.3500, 110.2500) on Layer M3
violation type: Short
	srcs: net:u_riscv_top/register_file/_06202_ net:u_riscv_top/register_file/net2372
	bbox = (447.2500, 229.5500) - (447.3500, 229.6500) on Layer M3
violation type: Short
	srcs: net:u_riscv_top/fp_add_result_b[14] net:u_riscv_top/FP_Adder/_1297_
	bbox = (447.2500, 304.3500) - (447.3500, 304.4500) on Layer M3
violation type: Short
	srcs: net:u_riscv_top/h1[7] net:u_riscv_top/u_bridge_core_to_fp_mul/_333_
	bbox = (447.2500, 425.7500) - (447.3500, 425.8500) on Layer M3
violation type: Short
	srcs: net:WD5_sim[7] net:u_riscv_top/register_file/net2360
	bbox = (447.2500, 505.5500) - (447.3500, 505.6500) on Layer M3
violation type: Short
	srcs: net:u_data_mem/_41089_ net:net1335
	bbox = (447.2500, 508.9500) - (447.3500, 509.0500) on Layer M3
violation type: Short
	srcs: net:u_data_mem/_35533_ net:u_data_mem/_38253_
	bbox = (447.2500, 693.1500) - (447.3500, 693.2500) on Layer M3
violation type: Short
	srcs: net:mem_wdata[29] net:clknet_10_933__leaf_clk
	bbox = (447.2500, 929.5500) - (447.3500, 929.6500) on Layer M3
violation type: Short
	srcs: net:mem_wdata[29] net:clknet_10_933__leaf_clk
	bbox = (447.2500, 929.5500) - (447.5500, 929.6500) on Layer M3
violation type: Short
	srcs: net:riscv_addr[16] net:u_riscv_top/h1[13]
	bbox = (447.4500, 404.5500) - (447.5500, 404.6500) on Layer M3
violation type: Short
	srcs: net:u_data_mem/_41094_ net:u_riscv_top/mux5/_229_
	bbox = (447.4500, 509.3500) - (447.5500, 509.4500) on Layer M3
violation type: Short
	srcs: net:u_data_mem/_35532_ net:u_data_mem/_35538_
	bbox = (447.4500, 514.7500) - (447.5500, 514.8500) on Layer M3
violation type: Short
	srcs: net:mem_wdata[29] net:clknet_10_933__leaf_clk
	bbox = (447.4500, 929.5500) - (447.5500, 929.6500) on Layer M3
violation type: Short
	srcs: net:u_riscv_top/register_file/_10496_ net:u_riscv_top/register_file/_10524_
	bbox = (447.8500, 177.3500) - (447.9500, 177.4500) on Layer M3
violation type: Short
	srcs: net:u_riscv_top/u_bridge_core_to_fp_mul/_102_ net:net204
	bbox = (447.8500, 393.9500) - (447.9500, 394.0500) on Layer M3
violation type: Short
	srcs: net:riscv_addr[24] net:net1335
	bbox = (447.8500, 403.5500) - (447.9500, 403.6500) on Layer M3
violation type: Short
	srcs: net:u_riscv_top/register_file/_06193_ net:u_riscv_top/register_file/_10496_
	bbox = (448.4500, 177.7500) - (448.5500, 177.8500) on Layer M3
violation type: Short
	srcs: net:u_riscv_top/u_bridge_fp_add_to_core/data_hold[1] net:u_riscv_top/net1508
	bbox = (448.4500, 290.1500) - (448.5500, 290.2500) on Layer M3
violation type: Short
	srcs: net:u_riscv_top/register_file/_06316_ net:u_riscv_top/register_file/_07221_
	bbox = (448.6500, 118.5500) - (448.7500, 118.6500) on Layer M3
violation type: Short
	srcs: net:u_riscv_top/register_file/_07214_ net:u_riscv_top/register_file/_07221_
	bbox = (449.0500, 118.5500) - (449.1500, 118.6500) on Layer M3
violation type: Short
	srcs: net:u_riscv_top/register_file/_06205_ net:u_riscv_top/register_file/_10507_
	bbox = (451.0500, 107.5500) - (451.1500, 107.6500) on Layer M3
violation type: Short
	srcs: net:u_data_mem/_35532_ net:u_data_mem/_35538_
	bbox = (451.2500, 514.7500) - (451.3500, 514.8500) on Layer M3
violation type: Short
	srcs: net:u_riscv_top/register_file/_10497_ net:u_riscv_top/register_file/_10520_
	bbox = (451.6700, 101.5500) - (451.9500, 101.6500) on Layer M3
violation type: Short
	srcs: net:u_riscv_top/register_file/_10497_ net:u_riscv_top/register_file/_10520_
	bbox = (451.8500, 101.5500) - (451.9500, 101.6500) on Layer M3
violation type: Short
	srcs: net:mem_wdata[21] net:u_data_mem/_38538_
	bbox = (452.2500, 862.5500) - (452.3500, 862.6500) on Layer M3
violation type: Short
	srcs: net:u_data_mem/_35542_ net:u_data_mem/_39057_
	bbox = (452.2500, 1000.5500) - (452.3500, 1000.6500) on Layer M3
violation type: Short
	srcs: net:u_riscv_top/register_file/_10487_ net:u_riscv_top/register_file/_10497_
	bbox = (453.0100, 100.3500) - (453.1900, 100.4500) on Layer M3
violation type: Short
	srcs: net:u_riscv_top/register_file/_10487_ net:u_riscv_top/register_file/_10497_
	bbox = (453.0500, 100.3500) - (453.1500, 100.4500) on Layer M3
violation type: Short
	srcs: net:mem_wdata[8] net:u_data_mem/_18144_
	bbox = (453.8500, 1010.1500) - (453.9500, 1010.2500) on Layer M3
violation type: Short
	srcs: net:u_data_mem/_41083_ net:u_riscv_top/net1966
	bbox = (454.0500, 501.9500) - (454.1500, 502.0500) on Layer M3
violation type: Short
	srcs: net:mem_wdata[14] net:mem_wdata[19]
	bbox = (454.6500, 622.9500) - (454.7500, 623.0500) on Layer M3
violation type: Short
	srcs: net:u_data_mem/_38595_ net:clknet_10_796__leaf_clk
	bbox = (455.0500, 691.1500) - (455.1500, 691.2500) on Layer M3
violation type: Short
	srcs: net:u_data_mem/_18245_ net:u_riscv_top/net599
	bbox = (455.2500, 524.3500) - (455.3500, 524.4500) on Layer M3
violation type: Short
	srcs: net:RD1_sim[20] net:u_riscv_top/register_file/regfile\[6\][15]
	bbox = (455.6500, 258.9500) - (455.7500, 259.0500) on Layer M3
violation type: Short
	srcs: net:u_riscv_top/register_file/_07221_ net:u_riscv_top/register_file/_07867_
	bbox = (455.9500, 118.5500) - (456.0500, 118.6500) on Layer M3
violation type: Short
	srcs: net:u_riscv_top/mult_result_core[20] net:u_riscv_top/mult_result_core[27]
	bbox = (455.9500, 280.9500) - (456.0500, 281.0500) on Layer M3
violation type: Short
	srcs: net:A5_sim[2] net:u_riscv_top/register_file/_10508_
	bbox = (456.8500, 109.5500) - (456.9500, 109.6500) on Layer M3
violation type: Short
	srcs: net:u_riscv_top/register_file/_06208_ net:u_riscv_top/register_file/_10516_
	bbox = (459.6500, 99.7500) - (459.7500, 99.8500) on Layer M3
violation type: Short
	srcs: net:u_data_mem/_18378_ net:u_data_mem/_41159_
	bbox = (459.8500, 928.9500) - (459.9500, 929.0500) on Layer M3
violation type: Short
	srcs: net:u_riscv_top/register_file/_06208_ net:u_riscv_top/register_file/_10518_
	bbox = (460.0500, 100.1500) - (460.1500, 100.2500) on Layer M3
violation type: Short
	srcs: net:u_data_mem/_35501_ net:u_data_mem/_35558_
	bbox = (460.4500, 682.1500) - (460.5500, 682.2500) on Layer M3
violation type: Short
	srcs: net:u_data_mem/_39041_ net:u_data_mem/bank3\[26\][10]
	bbox = (460.6500, 998.9500) - (460.7500, 999.0500) on Layer M3
violation type: Short
	srcs: net:u_data_mem/_35544_ net:u_data_mem/bank3\[26\][10]
	bbox = (460.6500, 999.1500) - (460.7500, 999.2500) on Layer M3
violation type: Short
	srcs: net:u_riscv_top/register_file/_07911_ net:u_riscv_top/register_file/_08850_
	bbox = (461.0500, 42.9500) - (461.1500, 43.0500) on Layer M3
violation type: Short
	srcs: net:RD2_sim[28] net:u_riscv_top/register_file/_10519_
	bbox = (461.0500, 108.1500) - (461.1500, 108.2500) on Layer M3
violation type: Short
	srcs: net:u_riscv_top/register_file/_07214_ net:u_riscv_top/register_file/_07221_
	bbox = (461.2500, 118.5500) - (461.3500, 118.6500) on Layer M3
violation type: Short
	srcs: net:u_riscv_top/register_file/_07214_ net:u_riscv_top/register_file/_07221_
	bbox = (461.2500, 118.5500) - (461.5500, 118.6500) on Layer M3
violation type: Short
	srcs: net:u_riscv_top/register_file/_07214_ net:u_riscv_top/register_file/_07221_
	bbox = (461.4500, 118.5500) - (461.5500, 118.6500) on Layer M3
violation type: Short
	srcs: net:u_riscv_top/register_file/_07213_ net:u_riscv_top/register_file/_07214_
	bbox = (461.8500, 118.3500) - (461.9500, 118.4500) on Layer M3
violation type: Short
	srcs: net:u_riscv_top/register_file/_07213_ net:u_riscv_top/register_file/_07214_
	bbox = (461.8500, 118.3500) - (462.1500, 118.4500) on Layer M3
violation type: Short
	srcs: net:u_riscv_top/register_file/_07213_ net:u_riscv_top/register_file/_07214_
	bbox = (462.0500, 118.3500) - (462.1500, 118.4500) on Layer M3
violation type: Short
	srcs: net:AluOp_sim[30] net:u_riscv_top/mux8_1/_606_
	bbox = (463.8500, 286.9500) - (463.9500, 287.0500) on Layer M3
violation type: Short
	srcs: net:u_riscv_top/register_file/_06407_ net:u_riscv_top/register_file/_07236_
	bbox = (464.0500, 208.5500) - (464.1500, 208.6500) on Layer M3
violation type: Short
	srcs: net:u_data_mem/_34929_ net:u_data_mem/_36250_
	bbox = (464.4500, 943.3500) - (464.5500, 943.4500) on Layer M3
violation type: Short
	srcs: net:u_riscv_top/register_file/_08850_ net:u_riscv_top/register_file/regfile\[12\][25]
	bbox = (464.6500, 178.5500) - (464.7500, 178.6500) on Layer M3
violation type: Short
	srcs: net:u_riscv_top/register_file/_08850_ net:u_riscv_top/register_file/regfile\[12\][25]
	bbox = (464.6500, 178.5500) - (465.1500, 178.6500) on Layer M3
violation type: Short
	srcs: net:u_data_mem/_19287_ net:u_data_mem/_35538_
	bbox = (464.8500, 916.3500) - (464.9500, 916.4500) on Layer M3
violation type: Short
	srcs: net:u_riscv_top/register_file/_08850_ net:u_riscv_top/register_file/regfile\[12\][25]
	bbox = (465.0500, 178.5500) - (465.1500, 178.6500) on Layer M3
violation type: Short
	srcs: net:u_riscv_top/register_file/_10322_ net:u_riscv_top/register_file/_10323_
	bbox = (465.8500, 123.9500) - (465.9500, 124.0500) on Layer M3
violation type: Short
	srcs: net:A5_sim[4] net:u_riscv_top/register_file/_08852_
	bbox = (466.4500, 103.9500) - (466.5500, 104.0500) on Layer M3
violation type: Short
	srcs: net:RD4_sim[28] net:u_riscv_top/register_file/_10508_
	bbox = (466.8500, 109.9500) - (466.9500, 110.0500) on Layer M3
violation type: Short
	srcs: net:u_riscv_top/register_file/_09662_ net:u_riscv_top/register_file/_10503_
	bbox = (467.2500, 151.1500) - (467.3500, 151.2500) on Layer M3
violation type: Short
	srcs: net:u_riscv_top/register_file/_06208_ net:u_riscv_top/register_file/_10518_
	bbox = (467.6500, 100.5500) - (467.7500, 100.6500) on Layer M3
violation type: Short
	srcs: net:A5_sim[4] net:u_riscv_top/register_file/_06204_
	bbox = (467.6500, 104.3500) - (467.7500, 104.4500) on Layer M3
violation type: Short
	srcs: net:RD3_sim[28] net:u_riscv_top/register_file/_10529_
	bbox = (467.6500, 111.5500) - (467.7500, 111.6500) on Layer M3
violation type: Short
	srcs: net:RD3_sim[28] net:u_riscv_top/register_file/_10529_
	bbox = (467.6500, 111.5500) - (467.7500, 111.8500) on Layer M3
violation type: Short
	srcs: net:RD3_sim[28] net:u_riscv_top/register_file/_10529_
	bbox = (467.6500, 111.7500) - (467.7500, 111.8500) on Layer M3
violation type: Short
	srcs: net:u_data_mem/_18245_ net:u_riscv_top/net2457
	bbox = (467.6500, 493.5500) - (467.7500, 493.6500) on Layer M3
violation type: Short
	srcs: net:A5_sim[0] net:RD3_sim[28]
	bbox = (467.8500, 111.7500) - (467.9500, 111.8500) on Layer M3
violation type: Short
	srcs: net:u_riscv_top/fp_add_result_core[21] net:u_riscv_top/mux8_1/_609_
	bbox = (467.8500, 280.3500) - (467.9500, 280.4500) on Layer M3
violation type: Short
	srcs: net:u_riscv_top/register_file/_06194_ net:u_riscv_top/register_file/_07225_
	bbox = (467.9500, 80.1500) - (468.0500, 80.2500) on Layer M3
violation type: Short
	srcs: net:u_riscv_top/register_file/_06194_ net:u_riscv_top/register_file/_07225_
	bbox = (467.9500, 80.1500) - (468.0500, 80.4500) on Layer M3
violation type: Short
	srcs: net:u_riscv_top/register_file/_06194_ net:u_riscv_top/register_file/_07225_
	bbox = (467.9500, 80.3500) - (468.0500, 80.4500) on Layer M3
violation type: Short
	srcs: net:u_riscv_top/register_file/_10521_ net:u_riscv_top/register_file/_10524_
	bbox = (467.9500, 106.3500) - (468.0500, 106.4500) on Layer M3
violation type: Short
	srcs: net:u_riscv_top/register_file/_06194_ net:u_riscv_top/register_file/_10514_
	bbox = (467.9500, 184.9500) - (468.0500, 185.0500) on Layer M3
violation type: Short
	srcs: net:u_riscv_top/register_file/_06201_ net:u_riscv_top/register_file/regfile\[10\][26]
	bbox = (467.9500, 198.7500) - (467.9900, 198.8500) on Layer M3
violation type: Short
	srcs: net:u_riscv_top/register_file/regfile\[10\][26] net:u_riscv_top/net2383
	bbox = (467.9500, 198.9500) - (468.0500, 199.0500) on Layer M3
violation type: Short
	srcs: net:u_riscv_top/mult_result_core[20] net:u_riscv_top/net1828
	bbox = (467.9500, 280.9500) - (468.0500, 281.0500) on Layer M3
violation type: Short
	srcs: net:u_data_mem/_41094_ net:net1899
	bbox = (467.9500, 483.9500) - (468.0500, 484.0500) on Layer M3
violation type: Short
	srcs: net:riscv_rdata[30] net:u_riscv_top/mux5/net2399
	bbox = (467.9500, 510.7500) - (468.0500, 510.8500) on Layer M3
violation type: Short
	srcs: net:riscv_rdata[30] net:u_riscv_top/mux5/net2399
	bbox = (467.9500, 510.7500) - (468.1500, 510.8500) on Layer M3
violation type: Short
	srcs: net:u_data_mem/_35834_ net:u_data_mem/_41118_
	bbox = (467.9500, 621.1500) - (468.0500, 621.2500) on Layer M3
violation type: Short
	srcs: net:u_data_mem/_35600_ net:u_data_mem/_37009_
	bbox = (467.9500, 654.9500) - (468.0500, 655.0500) on Layer M3
violation type: Short
	srcs: net:u_data_mem/_35600_ net:u_data_mem/_37009_
	bbox = (467.9500, 654.9500) - (468.0500, 655.2500) on Layer M3
violation type: Short
	srcs: net:u_data_mem/_35600_ net:u_data_mem/_37009_
	bbox = (467.9500, 655.1500) - (468.0500, 655.2500) on Layer M3
violation type: Short
	srcs: net:rst net:u_data_mem/_18132_
	bbox = (467.9500, 783.5500) - (468.0500, 783.6500) on Layer M3
violation type: Short
	srcs: net:mem_wdata[4] net:u_data_mem/_18132_
	bbox = (467.9500, 783.7500) - (468.0500, 783.8500) on Layer M3
violation type: Short
	srcs: net:u_data_mem/_18132_ net:clknet_10_772__leaf_clk
	bbox = (467.9500, 783.9500) - (468.0500, 784.0500) on Layer M3
violation type: Short
	srcs: net:mem_wdata[25] net:u_data_mem/_36761_
	bbox = (467.9500, 819.9500) - (468.0500, 820.0500) on Layer M3
violation type: Short
	srcs: net:u_data_mem/_40950_ net:u_data_mem/_41051_
	bbox = (467.9500, 910.9500) - (468.0500, 911.0500) on Layer M3
violation type: Short
	srcs: net:RD3_sim[19] net:u_riscv_top/register_file/regfile\[10\][26]
	bbox = (468.0495, 198.5500) - (468.0505, 198.6500) on Layer M3
violation type: Short
	srcs: net:RD3_sim[19] net:u_riscv_top/register_file/regfile\[10\][26]
	bbox = (468.0495, 198.5500) - (468.0505, 198.8500) on Layer M3
violation type: Short
	srcs: net:RD3_sim[19] net:u_riscv_top/register_file/regfile\[10\][26]
	bbox = (468.0495, 198.7500) - (468.0505, 198.8500) on Layer M3
violation type: Short
	srcs: net:riscv_rdata[30] net:u_riscv_top/mux5/net2399
	bbox = (468.0500, 510.7500) - (468.1500, 510.8500) on Layer M3
violation type: Short
	srcs: net:apb_addr[29] net:u_riscv_top/mux5/net2399
	bbox = (468.0500, 510.9500) - (468.1500, 511.0500) on Layer M3
violation type: Short
	srcs: net:u_riscv_top/CSR_Data_out[14] net:u_riscv_top/mux5/net2399
	bbox = (468.0500, 511.1500) - (468.1500, 511.2500) on Layer M3
violation type: Short
	srcs: net:RD4_sim[28] net:u_riscv_top/register_file/_10508_
	bbox = (468.2500, 110.1500) - (468.3500, 110.2500) on Layer M3
violation type: Short
	srcs: net:u_data_mem/_37564_ net:u_data_mem/_40849_
	bbox = (468.2500, 628.5500) - (468.3500, 628.6500) on Layer M3
violation type: Short
	srcs: net:u_data_mem/_35551_ net:u_data_mem/_41425_
	bbox = (468.2500, 664.1500) - (468.3500, 664.2500) on Layer M3
violation type: Short
	srcs: net:u_data_mem/_40984_ net:u_data_mem/_41376_
	bbox = (468.4500, 800.9500) - (468.5500, 801.0500) on Layer M3
violation type: Short
	srcs: net:u_riscv_top/register_file/_06217_ net:u_riscv_top/register_file/_07226_
	bbox = (468.8500, 250.1500) - (468.9500, 250.2500) on Layer M3
violation type: Short
	srcs: net:u_riscv_top/mux8_1/_638_ net:u_riscv_top/net1508
	bbox = (468.8500, 290.1500) - (468.9500, 290.2500) on Layer M3
violation type: Short
	srcs: net:WD5_sim[15] net:u_data_mem/_35546_
	bbox = (469.0500, 489.1500) - (469.1500, 489.2500) on Layer M3
violation type: Short
	srcs: net:u_data_mem/_35611_ net:u_data_mem/_37577_
	bbox = (469.0500, 627.5500) - (469.1500, 627.6500) on Layer M3
violation type: Short
	srcs: net:A5_sim[0] net:u_riscv_top/register_file/_10529_
	bbox = (469.2500, 111.1500) - (469.3500, 111.2500) on Layer M3
violation type: Short
	srcs: net:u_data_mem/_21558_ net:u_riscv_top/CSR_Data_out[25]
	bbox = (469.2500, 493.3500) - (469.3500, 493.4500) on Layer M3
violation type: Short
	srcs: net:u_riscv_top/fp_mul_req_data_b[22] net:u_riscv_top/h2[30]
	bbox = (469.6500, 430.1500) - (469.7500, 430.2500) on Layer M3
violation type: Short
	srcs: net:riscv_addr[6] net:u_riscv_top/fp_mul_req_data_b[22]
	bbox = (469.6500, 430.3500) - (469.7500, 430.4500) on Layer M3
violation type: Short
	srcs: net:mem_wdata[6] net:u_data_mem/_36002_
	bbox = (470.8500, 672.1500) - (470.9500, 672.2500) on Layer M3
violation type: Short
	srcs: net:u_riscv_top/register_file/_07212_ net:u_riscv_top/register_file/_10490_
	bbox = (471.0500, 46.5500) - (471.1500, 46.6500) on Layer M3
violation type: Short
	srcs: net:A1_sim[3] net:u_riscv_top/register_file/_09660_
	bbox = (471.0500, 160.1500) - (471.1500, 160.2500) on Layer M3
violation type: Short
	srcs: net:mem_wdata[16] net:u_data_mem/_41116_
	bbox = (471.4500, 646.3500) - (471.5500, 646.4500) on Layer M3
violation type: Short
	srcs: net:u_riscv_top/register_file/_06203_ net:u_riscv_top/register_file/regfile\[14\][26]
	bbox = (472.4100, 198.3500) - (472.9300, 198.4500) on Layer M3
violation type: Short
	srcs: net:u_riscv_top/fp_add_result_core[21] net:u_riscv_top/mux8_1/_609_
	bbox = (472.4500, 280.5500) - (472.5500, 280.6500) on Layer M3
violation type: Short
	srcs: net:u_riscv_top/mux8_1/_611_ net:u_riscv_top/net1507
	bbox = (472.6500, 285.3500) - (472.7500, 285.4500) on Layer M3
violation type: Short
	srcs: net:u_riscv_top/register_file/_07932_ net:u_riscv_top/register_file/regfile\[6\][4]
	bbox = (473.2500, 163.3500) - (473.3500, 163.4500) on Layer M3
violation type: Short
	srcs: net:u_data_mem/_18131_ net:u_data_mem/_26224_
	bbox = (473.4500, 789.9500) - (473.5500, 790.0500) on Layer M3
violation type: Short
	srcs: net:u_data_mem/_19314_ net:u_data_mem/_41256_
	bbox = (474.2500, 843.9500) - (474.3500, 844.0500) on Layer M3
violation type: Short
	srcs: net:u_riscv_top/fp_add_result_core[21] net:u_riscv_top/mult_result_core[20]
	bbox = (475.0500, 280.5500) - (475.1500, 280.6500) on Layer M3
violation type: Short
	srcs: net:u_data_mem/_35567_ net:u_data_mem/_41119_
	bbox = (475.0500, 656.7500) - (475.1500, 656.8500) on Layer M3
violation type: Short
	srcs: net:mem_addr[0] net:u_data_mem/bank2\[37\][16]
	bbox = (475.0500, 709.3500) - (475.1500, 709.4500) on Layer M3
violation type: Short
	srcs: net:u_riscv_top/register_file/_08049_ net:u_riscv_top/register_file/regfile\[2\][4]
	bbox = (475.4500, 161.9500) - (475.5500, 162.0500) on Layer M3
violation type: Short
	srcs: net:u_riscv_top/register_file/_08049_ net:u_riscv_top/register_file/regfile\[2\][4]
	bbox = (475.4500, 161.9500) - (475.7500, 162.0500) on Layer M3
violation type: Short
	srcs: net:u_riscv_top/register_file/_08049_ net:u_riscv_top/register_file/regfile\[2\][4]
	bbox = (475.6500, 161.9500) - (475.7500, 162.0500) on Layer M3
violation type: Short
	srcs: net:u_riscv_top/register_file/_07232_ net:u_riscv_top/register_file/_08469_
	bbox = (475.8500, 240.9500) - (475.9500, 241.0500) on Layer M3
violation type: Short
	srcs: net:u_data_mem/_35732_ net:u_riscv_top/CSR_Data_out[25]
	bbox = (475.8500, 493.3500) - (475.9500, 493.4500) on Layer M3
violation type: Short
	srcs: net:u_riscv_top/fp_mul_result_core[27] net:u_riscv_top/net1506
	bbox = (476.0500, 298.9500) - (476.1500, 299.0500) on Layer M3
violation type: Short
	srcs: net:u_data_mem/_21185_ net:u_data_mem/_38253_
	bbox = (476.0500, 694.7500) - (476.1500, 694.8500) on Layer M3
violation type: Short
	srcs: net:u_data_mem/_41256_ net:u_data_mem/bank3\[58\][11]
	bbox = (476.2500, 843.9500) - (476.3500, 844.0500) on Layer M3
violation type: Short
	srcs: net:u_data_mem/_18130_ net:u_data_mem/_18132_
	bbox = (476.6500, 783.7500) - (476.7500, 783.8500) on Layer M3
violation type: Short
	srcs: net:u_riscv_top/register_file/_07213_ net:u_riscv_top/register_file/_07214_
	bbox = (476.9500, 118.5500) - (477.0500, 118.6500) on Layer M3
violation type: Short
	srcs: net:u_riscv_top/register_file/_07213_ net:u_riscv_top/register_file/_07214_
	bbox = (476.9500, 118.5500) - (477.1500, 118.6500) on Layer M3
violation type: Short
	srcs: net:u_data_mem/_18139_ net:u_data_mem/bank3\[31\][11]
	bbox = (476.9500, 1000.9500) - (477.0500, 1001.0500) on Layer M3
violation type: Short
	srcs: net:u_riscv_top/register_file/_07213_ net:u_riscv_top/register_file/_07214_
	bbox = (477.0495, 118.5500) - (477.0505, 118.6500) on Layer M3
violation type: Short
	srcs: net:u_riscv_top/register_file/_07213_ net:u_riscv_top/register_file/_07214_
	bbox = (477.0500, 118.5500) - (477.1500, 118.6500) on Layer M3
violation type: Short
	srcs: net:u_riscv_top/register_file/_07222_ net:u_riscv_top/register_file/_08050_
	bbox = (477.0500, 163.9500) - (477.1500, 164.0500) on Layer M3
violation type: Short
	srcs: net:u_riscv_top/mux8_1/_618_ net:clknet_1_0_0_clk
	bbox = (477.8100, 279.3500) - (477.9900, 279.4500) on Layer M3
violation type: Short
	srcs: net:u_riscv_top/mux8_1/_618_ net:clknet_1_0_0_clk
	bbox = (477.8500, 279.3500) - (477.9500, 279.4500) on Layer M3
violation type: Short
	srcs: net:u_riscv_top/register_file/_08850_ net:u_riscv_top/register_file/regfile\[14\][26]
	bbox = (478.6500, 197.7500) - (478.7500, 197.8500) on Layer M3
violation type: Short
	srcs: net:AluOp_sim[2] net:u_riscv_top/mux8_1/_673_
	bbox = (478.6500, 294.9500) - (478.7500, 295.0500) on Layer M3
violation type: Short
	srcs: net:u_data_mem/_18130_ net:u_data_mem/_35583_
	bbox = (479.0500, 809.7500) - (479.1500, 809.8500) on Layer M3
violation type: Short
	srcs: net:A5_sim[2] net:RD4_sim[11]
	bbox = (479.2500, 103.1500) - (479.3500, 103.2500) on Layer M3
violation type: Short
	srcs: net:u_data_mem/_35530_ net:u_data_mem/_41013_
	bbox = (479.8500, 788.7500) - (479.9500, 788.8500) on Layer M3
violation type: Short
	srcs: net:u_data_mem/_20650_ net:u_data_mem/_40849_
	bbox = (480.0500, 628.3500) - (480.1500, 628.4500) on Layer M3
violation type: Short
	srcs: net:u_data_mem/_18230_ net:u_data_mem/_41104_
	bbox = (480.2500, 753.7500) - (480.3500, 753.8500) on Layer M3
violation type: Short
	srcs: net:u_data_mem/_18230_ net:u_data_mem/_41104_
	bbox = (480.2500, 753.7500) - (480.5500, 753.8500) on Layer M3
violation type: Short
	srcs: net:u_data_mem/_18230_ net:u_data_mem/_41104_
	bbox = (480.4500, 753.7500) - (480.5500, 753.8500) on Layer M3
violation type: Short
	srcs: net:u_riscv_top/register_file/_08901_ net:u_riscv_top/register_file/regfile\[8\][29]
	bbox = (480.6500, 37.9500) - (480.7500, 38.0500) on Layer M3
violation type: Short
	srcs: net:u_data_mem/_35538_ net:u_riscv_top/pipeline_register3/_166_
	bbox = (480.8500, 514.3500) - (480.9500, 514.4500) on Layer M3
violation type: Short
	srcs: net:u_data_mem/_21409_ net:u_data_mem/_35551_
	bbox = (481.8500, 559.5500) - (481.9500, 559.6500) on Layer M3
violation type: Short
	srcs: net:u_riscv_top/h1[11] net:u_riscv_top/h2[18]
	bbox = (483.8500, 458.3500) - (483.9500, 458.4500) on Layer M3
violation type: Short
	srcs: net:u_data_mem/_35096_ net:u_data_mem/_41203_
	bbox = (484.0500, 898.3500) - (484.1500, 898.4500) on Layer M3
violation type: Short
	srcs: net:riscv_rdata[30] net:u_riscv_top/CSR_Data_out[14]
	bbox = (484.2500, 510.7500) - (484.3500, 510.8500) on Layer M3
violation type: Short
	srcs: net:riscv_rdata[29] net:u_data_mem/bank2\[40\][13]
	bbox = (484.6100, 527.7500) - (484.7500, 527.8500) on Layer M3
violation type: Short
	srcs: net:riscv_rdata[29] net:u_data_mem/bank2\[40\][13]
	bbox = (484.6500, 527.5500) - (484.7500, 527.6500) on Layer M3
violation type: Short
	srcs: net:riscv_rdata[29] net:u_data_mem/bank2\[40\][13]
	bbox = (484.6500, 527.5500) - (484.7500, 527.8500) on Layer M3
violation type: Short
	srcs: net:riscv_rdata[29] net:u_data_mem/bank2\[40\][13]
	bbox = (484.6500, 527.7500) - (484.7500, 527.8500) on Layer M3
violation type: Short
	srcs: net:mem_wdata[28] net:u_data_mem/_39786_
	bbox = (485.0500, 672.9500) - (485.1500, 673.0500) on Layer M3
violation type: Short
	srcs: net:mem_wdata[21] net:u_data_mem/_38588_
	bbox = (485.4500, 528.9500) - (485.5500, 529.0500) on Layer M3
violation type: Short
	srcs: net:u_riscv_top/register_file/_09662_ net:u_riscv_top/register_file/_09712_
	bbox = (485.8500, 46.9500) - (485.9500, 47.0500) on Layer M3
violation type: Short
	srcs: net:mem_wdata[6] net:u_riscv_top/pipeline_register3/_166_
	bbox = (486.4500, 514.9500) - (486.5500, 515.0500) on Layer M3
violation type: Short
	srcs: net:u_data_mem/_20982_ net:u_data_mem/_35546_
	bbox = (486.4500, 739.9500) - (486.5500, 740.0500) on Layer M3
violation type: Short
	srcs: net:u_riscv_top/mux8_1/_677_ net:u_riscv_top/net1515
	bbox = (488.2500, 278.7500) - (488.3500, 278.8500) on Layer M3
violation type: Short
	srcs: net:mem_wdata[8] net:u_data_mem/_35742_
	bbox = (488.6500, 621.7500) - (488.7500, 621.8500) on Layer M3
violation type: Short
	srcs: net:u_data_mem/_35551_ net:u_data_mem/_35742_
	bbox = (488.6500, 621.9500) - (488.7300, 622.0500) on Layer M3
violation type: Short
	srcs: net:mem_wdata[24] net:u_data_mem/_35549_
	bbox = (488.6500, 793.3500) - (488.7500, 793.4500) on Layer M3
violation type: Short
	srcs: net:u_riscv_top/register_file/_07229_ net:u_riscv_top/register_file/_09714_
	bbox = (488.8500, 28.1500) - (488.9500, 28.2500) on Layer M3
violation type: Short
	srcs: net:u_data_mem/_18259_ net:u_data_mem/_35533_
	bbox = (488.8500, 717.9500) - (488.9500, 718.0500) on Layer M3
violation type: Short
	srcs: net:u_riscv_top/register_file/_07229_ net:u_riscv_top/register_file/_09714_
	bbox = (488.9495, 27.9500) - (488.9505, 28.0500) on Layer M3
violation type: Short
	srcs: net:u_riscv_top/register_file/_07229_ net:u_riscv_top/register_file/_09714_
	bbox = (488.9495, 27.9500) - (488.9505, 28.2500) on Layer M3
violation type: Short
	srcs: net:u_riscv_top/register_file/_06209_ net:u_riscv_top/register_file/net2456
	bbox = (488.9500, 105.9500) - (489.0500, 106.0500) on Layer M3
violation type: Short
	srcs: net:RD2_sim[27] net:u_riscv_top/register_file/_08678_
	bbox = (488.9500, 123.7500) - (489.0500, 123.8500) on Layer M3
violation type: Short
	srcs: net:riscv_addr[19] net:u_riscv_top/CSR_Data_out[11]
	bbox = (488.9500, 525.7500) - (489.0500, 525.8500) on Layer M3
violation type: Short
	srcs: net:u_data_mem/_35546_ net:u_data_mem/_41187_
	bbox = (488.9500, 916.5500) - (489.0500, 916.6500) on Layer M3
violation type: Short
	srcs: net:u_riscv_top/register_file/_07943_ net:u_riscv_top/register_file/_10361_
	bbox = (489.0500, 160.1500) - (489.1500, 160.2500) on Layer M3
violation type: Short
	srcs: net:A5_sim[4] net:u_riscv_top/register_file/_06204_
	bbox = (489.2500, 104.3500) - (489.3500, 104.4500) on Layer M3
violation type: Short
	srcs: net:u_riscv_top/register_file/_08049_ net:u_riscv_top/register_file/_09433_
	bbox = (489.2500, 218.1500) - (489.3500, 218.2500) on Layer M3
violation type: Short
	srcs: net:u_riscv_top/register_file/_06208_ net:u_riscv_top/register_file/_10515_
	bbox = (489.2500, 236.3500) - (489.3500, 236.4500) on Layer M3
violation type: Short
	srcs: net:u_riscv_top/h1[22] net:u_riscv_top/u_bridge_core_to_fp_mul/net1591
	bbox = (489.2500, 430.5500) - (489.3500, 430.6500) on Layer M3
violation type: Short
	srcs: net:u_riscv_top/h1[22] net:u_riscv_top/u_bridge_core_to_fp_mul/net1591
	bbox = (489.2500, 430.5500) - (489.3500, 430.8500) on Layer M3
violation type: Short
	srcs: net:u_riscv_top/h1[22] net:u_riscv_top/u_bridge_core_to_fp_mul/net1591
	bbox = (489.2500, 430.7500) - (489.3500, 430.8500) on Layer M3
violation type: Short
	srcs: net:u_data_mem/_35809_ net:u_data_mem/_36460_
	bbox = (489.2500, 606.7500) - (489.3500, 606.8500) on Layer M3
violation type: Short
	srcs: net:u_data_mem/_35719_ net:u_data_mem/_40992_
	bbox = (489.2500, 733.9500) - (489.3500, 734.0500) on Layer M3
violation type: Short
	srcs: net:u_riscv_top/register_file/_10504_ net:u_riscv_top/register_file/_10609_
	bbox = (489.4500, 98.3500) - (489.5500, 98.4500) on Layer M3
violation type: Short
	srcs: net:RD1_sim[18] net:u_riscv_top/register_file/regfile\[26\][7]
	bbox = (489.4500, 255.5500) - (489.5500, 255.6500) on Layer M3
violation type: Short
	srcs: net:u_data_mem/_35536_ net:u_data_mem/_36536_
	bbox = (489.4500, 639.1500) - (489.5500, 639.2500) on Layer M3
violation type: Short
	srcs: net:u_riscv_top/register_file/_06203_ net:u_riscv_top/register_file/_08982_
	bbox = (490.0100, 198.3500) - (490.1900, 198.4500) on Layer M3
violation type: Short
	srcs: net:u_riscv_top/register_file/_08850_ net:u_riscv_top/register_file/_08982_
	bbox = (490.0500, 197.7500) - (490.1500, 197.8500) on Layer M3
violation type: Short
	srcs: net:A1_sim[0] net:u_riscv_top/register_file/_08982_
	bbox = (490.0500, 198.1500) - (490.1500, 198.2500) on Layer M3
violation type: Short
	srcs: net:u_riscv_top/register_file/_06203_ net:u_riscv_top/register_file/_08982_
	bbox = (490.0500, 198.3500) - (490.1500, 198.4500) on Layer M3
violation type: Short
	srcs: net:A1_sim[0] net:u_riscv_top/register_file/_06203_
	bbox = (490.8500, 198.1500) - (490.9500, 198.2500) on Layer M3
violation type: Short
	srcs: net:u_riscv_top/mux8_1/_623_ net:u_riscv_top/register_file/regfile\[26\][7]
	bbox = (491.0500, 255.3500) - (491.1500, 255.4500) on Layer M3
violation type: Short
	srcs: net:mem_wdata[21] net:u_riscv_top/CSR_Data_out[23]
	bbox = (491.2500, 528.9500) - (491.3500, 529.0500) on Layer M3
violation type: Short
	srcs: net:mem_wdata[0] net:u_data_mem/_40343_
	bbox = (491.2500, 700.7500) - (491.3500, 700.8500) on Layer M3
violation type: Short
	srcs: net:u_riscv_top/register_file/_07222_ net:u_riscv_top/register_file/_08983_
	bbox = (491.6500, 199.5500) - (491.7500, 199.6500) on Layer M3
violation type: Short
	srcs: net:u_data_mem/_34902_ net:u_data_mem/_39558_
	bbox = (491.6500, 601.3500) - (491.7500, 601.4500) on Layer M3
violation type: Short
	srcs: net:RD2_sim[17] net:u_riscv_top/register_file/regfile\[2\][26]
	bbox = (492.0100, 200.1500) - (492.1900, 200.2500) on Layer M3
violation type: Short
	srcs: net:RD2_sim[19] net:u_riscv_top/register_file/regfile\[2\][26]
	bbox = (492.0500, 199.9500) - (492.1500, 200.0500) on Layer M3
violation type: Short
	srcs: net:RD2_sim[17] net:u_riscv_top/register_file/regfile\[2\][26]
	bbox = (492.0500, 200.1500) - (492.1500, 200.2500) on Layer M3
violation type: Short
	srcs: net:u_riscv_top/register_file/_09660_ net:u_riscv_top/register_file/regfile\[26\][7]
	bbox = (492.4100, 254.7500) - (492.5900, 254.8500) on Layer M3
violation type: Short
	srcs: net:u_riscv_top/register_file/_09660_ net:u_riscv_top/register_file/regfile\[26\][7]
	bbox = (492.4500, 254.7500) - (492.5500, 254.8500) on Layer M3
violation type: Short
	srcs: net:u_riscv_top/register_file/_09270_ net:u_riscv_top/register_file/regfile\[26\][7]
	bbox = (492.4500, 254.9500) - (492.5500, 255.0500) on Layer M3
violation type: Short
	srcs: net:WD5_sim[24] net:u_riscv_top/FP_Mult/_0985_
	bbox = (492.8500, 316.1500) - (492.9500, 316.2500) on Layer M3
violation type: Short
	srcs: net:u_riscv_top/register_file/_07228_ net:u_riscv_top/register_file/_10361_
	bbox = (494.4500, 159.7500) - (494.5500, 159.8500) on Layer M3
violation type: Short
	srcs: net:u_riscv_top/fp_mul_result_core[5] net:u_riscv_top/net738
	bbox = (494.4500, 311.7500) - (494.5500, 311.8500) on Layer M3
violation type: Short
	srcs: net:mem_wdata[26] net:u_data_mem/_37009_
	bbox = (494.8500, 654.7500) - (494.9500, 654.8500) on Layer M3
violation type: Short
	srcs: net:mem_wdata[29] net:u_data_mem/_21111_
	bbox = (494.8500, 766.7500) - (494.9500, 766.8500) on Layer M3
violation type: Short
	srcs: net:u_riscv_top/register_file/_08717_ net:u_riscv_top/register_file/_09522_
	bbox = (495.8100, 36.5500) - (496.3300, 36.6500) on Layer M3
violation type: Short
	srcs: net:clknet_8_24_0_clk net:u_riscv_top/register_file/net2425
	bbox = (495.8500, 186.9500) - (495.9500, 187.0500) on Layer M3
violation type: Short
	srcs: net:wb_data_sim[29] net:u_riscv_top/CSR_Data_out[11]
	bbox = (496.8500, 525.5500) - (496.9500, 525.6500) on Layer M3
violation type: Short
	srcs: net:u_riscv_top/register_file/_08770_ net:u_riscv_top/register_file/_09565_
	bbox = (497.6500, 79.3500) - (497.7500, 79.4500) on Layer M3
violation type: Short
	srcs: net:u_riscv_top/register_file/_06209_ net:u_riscv_top/register_file/regfile\[6\][8]
	bbox = (499.6500, 217.5500) - (499.7500, 217.6500) on Layer M3
violation type: Short
	srcs: net:u_riscv_top/register_file/_08639_ net:u_riscv_top/register_file/regfile\[6\][8]
	bbox = (499.6500, 217.9500) - (499.7500, 218.0500) on Layer M3
violation type: Short
	srcs: net:u_data_mem/_35549_ net:u_data_mem/_40564_
	bbox = (499.6500, 951.9500) - (499.7500, 952.0500) on Layer M3
violation type: Short
	srcs: net:A2_sim[1] net:u_riscv_top/register_file/regfile\[2\][2]
	bbox = (500.0500, 64.3500) - (500.1500, 64.4500) on Layer M3
violation type: Short
	srcs: net:u_riscv_top/register_file/_06209_ net:u_riscv_top/register_file/_08639_
	bbox = (500.4500, 217.5500) - (500.5500, 217.6500) on Layer M3
violation type: Short
	srcs: net:u_data_mem/_20701_ net:u_data_mem/_35704_
	bbox = (500.4500, 627.9500) - (500.5500, 628.0500) on Layer M3
violation type: Short
	srcs: net:mem_addr[2] net:u_data_mem/_41145_
	bbox = (500.8500, 934.1500) - (500.9500, 934.2500) on Layer M3
violation type: Short
	srcs: net:A2_sim[0] net:u_riscv_top/register_file/_08850_
	bbox = (501.0500, 267.7500) - (501.1500, 267.8500) on Layer M3
violation type: Short
	srcs: net:u_data_mem/_38224_ net:u_data_mem/_39495_
	bbox = (501.0500, 687.3500) - (501.1500, 687.4500) on Layer M3
violation type: Short
	srcs: net:u_data_mem/_40562_ net:u_data_mem/bank3\[47\][2]
	bbox = (501.0500, 952.1500) - (501.1500, 952.2500) on Layer M3
violation type: Short
	srcs: net:u_data_mem/_35546_ net:u_data_mem/_35549_
	bbox = (501.0500, 953.7500) - (501.1500, 953.8500) on Layer M3
violation type: Short
	srcs: net:u_riscv_top/register_file/_08655_ net:u_riscv_top/register_file/_09472_
	bbox = (501.4100, 241.5500) - (501.5900, 241.6500) on Layer M3
violation type: Short
	srcs: net:u_riscv_top/register_file/_08655_ net:u_riscv_top/register_file/_09472_
	bbox = (501.4500, 241.5500) - (501.5500, 241.6500) on Layer M3
violation type: Short
	srcs: net:A1_sim[3] net:u_riscv_top/register_file/_10088_
	bbox = (503.6500, 251.9500) - (503.7500, 252.0500) on Layer M3
violation type: Short
	srcs: net:u_data_mem/_22127_ net:u_data_mem/_41044_
	bbox = (504.4500, 694.5500) - (504.5500, 694.6500) on Layer M3
violation type: Short
	srcs: net:RD2_sim[27] net:u_riscv_top/register_file/_07230_
	bbox = (504.8500, 123.9500) - (504.9500, 124.0500) on Layer M3
violation type: Short
	srcs: net:u_data_mem/_35592_ net:u_data_mem/_37913_
	bbox = (504.8500, 693.5500) - (504.9500, 693.6500) on Layer M3
violation type: Short
	srcs: net:u_data_mem/_35824_ net:u_data_mem/_36131_
	bbox = (505.0500, 605.3500) - (505.1500, 605.4500) on Layer M3
violation type: Short
	srcs: net:net219 net:u_riscv_top/u_bridge_core_to_fp_mul/net1586
	bbox = (505.2500, 421.3500) - (505.3500, 421.4500) on Layer M3
violation type: Short
	srcs: net:mem_wdata[10] net:u_data_mem/_20732_
	bbox = (505.6500, 637.1500) - (505.7500, 637.2500) on Layer M3
violation type: Short
	srcs: net:RD3_sim[21] net:u_riscv_top/register_file/_07231_
	bbox = (506.0500, 24.9500) - (506.1500, 25.0500) on Layer M3
violation type: Short
	srcs: net:u_riscv_top/register_file/_08852_ net:u_riscv_top/register_file/_10504_
	bbox = (506.2500, 46.7500) - (506.3500, 46.8500) on Layer M3
violation type: Short
	srcs: net:mem_addr[1] net:u_data_mem/_36352_
	bbox = (506.4100, 655.5500) - (506.5900, 655.6500) on Layer M3
violation type: Short
	srcs: net:mem_addr[1] net:u_data_mem/_36352_
	bbox = (506.4500, 655.5500) - (506.5500, 655.6500) on Layer M3
violation type: Short
	srcs: net:u_data_mem/_36269_ net:u_data_mem/_37985_
	bbox = (506.8500, 880.3500) - (506.9500, 880.4500) on Layer M3
violation type: Short
	srcs: net:u_riscv_top/register_file/_06216_ net:u_riscv_top/register_file/net1296
	bbox = (507.4100, 101.3500) - (507.5900, 101.4500) on Layer M3
violation type: Short
	srcs: net:A2_sim[3] net:u_riscv_top/register_file/_06216_
	bbox = (507.4500, 100.9500) - (507.5500, 101.0500) on Layer M3
violation type: Short
	srcs: net:u_riscv_top/register_file/_06216_ net:u_riscv_top/register_file/_10520_
	bbox = (507.4500, 101.1500) - (507.5500, 101.2500) on Layer M3
violation type: Short
	srcs: net:u_riscv_top/register_file/_06216_ net:u_riscv_top/register_file/net1296
	bbox = (507.4500, 101.3500) - (507.5500, 101.4500) on Layer M3
violation type: Short
	srcs: net:u_data_mem/_20730_ net:u_data_mem/_36130_
	bbox = (507.4500, 604.5500) - (507.5500, 604.6500) on Layer M3
violation type: Short
	srcs: net:RD1_sim[20] net:u_riscv_top/register_file/_06803_
	bbox = (507.8500, 259.3500) - (507.9500, 259.4500) on Layer M3
violation type: Short
	srcs: net:u_riscv_top/net476 net:u_riscv_top/net493
	bbox = (507.8500, 527.1500) - (507.9500, 527.2500) on Layer M3
violation type: Short
	srcs: net:RD4_sim[3] net:u_riscv_top/register_file/_08745_
	bbox = (508.6500, 74.1500) - (508.7500, 74.2500) on Layer M3
violation type: Short
	srcs: net:mem_wdata[11] net:u_data_mem/_41004_
	bbox = (509.2500, 811.5500) - (509.3500, 811.6500) on Layer M3
violation type: Short
	srcs: net:mem_wdata[11] net:u_data_mem/_41004_
	bbox = (509.2500, 811.5500) - (509.5500, 811.6500) on Layer M3
violation type: Short
	srcs: net:u_data_mem/_37330_ net:u_data_mem/_40466_
	bbox = (509.4500, 649.3500) - (509.5500, 649.4500) on Layer M3
violation type: Short
	srcs: net:mem_wdata[11] net:u_data_mem/_41004_
	bbox = (509.4500, 811.5500) - (509.5500, 811.6500) on Layer M3
violation type: Short
	srcs: net:u_riscv_top/register_file/_10296_ net:u_riscv_top/register_file/net2372
	bbox = (509.6500, 251.1500) - (509.7500, 251.2500) on Layer M3
violation type: Short
	srcs: net:A2_sim[4] net:u_riscv_top/register_file/net2372
	bbox = (509.6500, 251.3500) - (509.7500, 251.4500) on Layer M3
violation type: Short
	srcs: net:u_data_mem/_38082_ net:u_data_mem/_38460_
	bbox = (509.6500, 657.3500) - (509.7500, 657.4500) on Layer M3
violation type: Short
	srcs: net:u_data_mem/_36353_ net:u_data_mem/_38460_
	bbox = (509.6500, 657.5500) - (509.7500, 657.6500) on Layer M3
violation type: Short
	srcs: net:u_data_mem/_18220_ net:u_data_mem/_38460_
	bbox = (509.6500, 657.7500) - (509.7500, 657.8500) on Layer M3
violation type: Short
	srcs: net:u_riscv_top/register_file/_07225_ net:u_riscv_top/register_file/_09660_
	bbox = (509.8500, 253.5500) - (509.9500, 253.6500) on Layer M3
violation type: Short
	srcs: net:u_riscv_top/register_file/_07225_ net:u_riscv_top/register_file/_09660_
	bbox = (509.8500, 253.5500) - (510.3500, 253.6500) on Layer M3
violation type: Short
	srcs: net:u_data_mem/_18156_ net:u_data_mem/_18158_
	bbox = (509.8500, 952.5500) - (509.9500, 952.6500) on Layer M3
violation type: Short
	srcs: net:u_riscv_top/register_file/_07231_ net:u_riscv_top/register_file/regfile\[30\][29]
	bbox = (509.9500, 24.7500) - (510.0500, 24.8500) on Layer M3
violation type: Short
	srcs: net:RD3_sim[21] net:u_riscv_top/register_file/_07231_
	bbox = (509.9500, 24.9500) - (510.0500, 25.0500) on Layer M3
violation type: Short
	srcs: net:RD1_sim[3] net:u_riscv_top/register_file/regfile\[29\][3]
	bbox = (509.9500, 82.3500) - (510.0500, 82.4500) on Layer M3
violation type: Short
	srcs: net:RD1_sim[3] net:u_riscv_top/register_file/regfile\[29\][3]
	bbox = (509.9500, 82.3500) - (510.1900, 82.4500) on Layer M3
violation type: Short
	srcs: net:u_riscv_top/register_file/_10381_ net:u_riscv_top/register_file/regfile\[29\][3]
	bbox = (509.9500, 82.5500) - (510.0500, 82.6500) on Layer M3
violation type: Short
	srcs: net:u_riscv_top/register_file/_09798_ net:u_riscv_top/register_file/net2425
	bbox = (509.9500, 186.5500) - (510.0500, 186.6500) on Layer M3
violation type: Short
	srcs: net:u_riscv_top/register_file/_09798_ net:u_riscv_top/register_file/net2425
	bbox = (509.9500, 186.5500) - (510.0500, 186.8500) on Layer M3
violation type: Short
	srcs: net:u_riscv_top/register_file/_09798_ net:u_riscv_top/register_file/net2425
	bbox = (509.9500, 186.7500) - (510.0500, 186.8500) on Layer M3
violation type: Short
	srcs: net:mem_wdata[0] net:u_data_mem/_18202_
	bbox = (509.9500, 564.7500) - (510.0500, 564.8500) on Layer M3
violation type: Short
	srcs: net:u_data_mem/_18130_ net:u_data_mem/_41194_
	bbox = (509.9500, 837.5500) - (510.0500, 837.6500) on Layer M3
violation type: Short
	srcs: net:mem_wdata[14] net:u_data_mem/_37753_
	bbox = (509.9500, 874.5500) - (510.0500, 874.6500) on Layer M3
violation type: Short
	srcs: net:u_data_mem/_40590_ net:u_data_mem/_41001_
	bbox = (509.9500, 876.3500) - (510.0500, 876.4500) on Layer M3
violation type: Short
	srcs: net:u_data_mem/_35542_ net:u_data_mem/_38380_
	bbox = (509.9500, 974.3500) - (510.0500, 974.4500) on Layer M3
violation type: Short
	srcs: net:u_data_mem/_35545_ net:u_data_mem/_35549_
	bbox = (509.9500, 987.9500) - (510.0500, 988.0500) on Layer M3
violation type: Short
	srcs: net:u_data_mem/_35615_ net:u_data_mem/_41194_
	bbox = (510.0495, 837.7500) - (510.0505, 837.8500) on Layer M3
violation type: Short
	srcs: net:u_data_mem/_35542_ net:u_data_mem/_38380_
	bbox = (510.0495, 974.1500) - (510.0505, 974.2500) on Layer M3
violation type: Short
	srcs: net:u_data_mem/_35542_ net:u_data_mem/_38380_
	bbox = (510.0495, 974.1500) - (510.0505, 974.4500) on Layer M3
violation type: Short
	srcs: net:u_riscv_top/register_file/_07943_ net:u_riscv_top/register_file/_10373_
	bbox = (510.0500, 159.9500) - (510.1500, 160.0500) on Layer M3
violation type: Short
	srcs: net:u_riscv_top/register_file/_07228_ net:u_riscv_top/register_file/_07943_
	bbox = (510.0500, 160.1500) - (510.1500, 160.2500) on Layer M3
violation type: Short
	srcs: net:u_data_mem/_39537_ net:u_data_mem/_41034_
	bbox = (510.0500, 549.5500) - (510.1500, 549.6500) on Layer M3
violation type: Short
	srcs: net:mem_wdata[30] net:u_data_mem/_35615_
	bbox = (510.0500, 837.9500) - (510.1500, 838.0500) on Layer M3
violation type: Short
	srcs: net:mem_wdata[12] net:u_data_mem/_35615_
	bbox = (510.0500, 838.1500) - (510.1500, 838.2500) on Layer M3
violation type: Short
	srcs: net:mem_wdata[26] net:u_data_mem/_41117_
	bbox = (510.0500, 880.1500) - (510.1500, 880.2500) on Layer M3
violation type: Short
	srcs: net:mem_wdata[26] net:u_data_mem/_37985_
	bbox = (510.0500, 880.3500) - (510.1500, 880.4500) on Layer M3
violation type: Short
	srcs: net:RD1_sim[3] net:u_riscv_top/register_file/_09566_
	bbox = (510.2500, 82.1500) - (510.3500, 82.2500) on Layer M3
violation type: Short
	srcs: net:RD1_sim[3] net:u_riscv_top/register_file/_09566_
	bbox = (510.2500, 82.1500) - (510.7500, 82.2500) on Layer M3
violation type: Short
	srcs: net:u_riscv_top/register_file/_10520_ net:u_riscv_top/register_file/net1296
	bbox = (510.2500, 101.3500) - (510.3500, 101.4500) on Layer M3
violation type: Short
	srcs: net:u_riscv_top/register_file/_07225_ net:u_riscv_top/register_file/_09660_
	bbox = (510.2500, 253.5500) - (510.3500, 253.6500) on Layer M3
violation type: Short
	srcs: net:u_riscv_top/_207_ net:u_riscv_top/net868
	bbox = (510.2500, 276.7500) - (510.3500, 276.8500) on Layer M3
violation type: Short
	srcs: net:u_riscv_top/_207_ net:u_riscv_top/net868
	bbox = (510.2500, 276.7500) - (510.5500, 276.8500) on Layer M3
violation type: Short
	srcs: net:clknet_10_196__leaf_clk net:u_riscv_top/net1670
	bbox = (510.2500, 306.9500) - (510.3500, 307.0500) on Layer M3
violation type: Short
	srcs: net:u_riscv_top/mux8_1/_653_ net:u_riscv_top/mux8_1/_661_
	bbox = (510.2500, 318.3500) - (510.3500, 318.4500) on Layer M3
violation type: Short
	srcs: net:u_data_mem/_35567_ net:u_data_mem/_35600_
	bbox = (510.2500, 656.5500) - (510.3500, 656.6500) on Layer M3
violation type: Short
	srcs: net:u_data_mem/_35567_ net:u_data_mem/_35600_
	bbox = (510.2500, 656.5500) - (510.5500, 656.6500) on Layer M3
violation type: Short
	srcs: net:u_data_mem/_38082_ net:u_data_mem/_38460_
	bbox = (510.2500, 657.3500) - (510.3500, 657.4500) on Layer M3
violation type: Short
	srcs: net:u_data_mem/_38082_ net:u_data_mem/_38460_
	bbox = (510.2500, 657.3500) - (510.5500, 657.4500) on Layer M3
violation type: Short
	srcs: net:A2_sim[0] net:u_riscv_top/register_file/_10334_
	bbox = (510.4500, 37.9500) - (510.5500, 38.0500) on Layer M3
violation type: Short
	srcs: net:RD2_sim[5] net:u_riscv_top/register_file/_10334_
	bbox = (510.4500, 38.1500) - (510.5500, 38.2500) on Layer M3
violation type: Short
	srcs: net:u_riscv_top/register_file/_07212_ net:u_riscv_top/register_file/_08678_
	bbox = (510.4500, 123.3500) - (510.5500, 123.4500) on Layer M3
violation type: Short
	srcs: net:RD2_sim[27] net:u_riscv_top/register_file/_08678_
	bbox = (510.4500, 123.5500) - (510.5500, 123.6500) on Layer M3
violation type: Short
	srcs: net:u_riscv_top/_207_ net:u_riscv_top/net868
	bbox = (510.4500, 276.7500) - (510.5500, 276.8500) on Layer M3
violation type: Short
	srcs: net:u_data_mem/_35567_ net:u_data_mem/_35600_
	bbox = (510.4500, 656.5500) - (510.5500, 656.6500) on Layer M3
violation type: Short
	srcs: net:u_data_mem/_38082_ net:u_data_mem/_38460_
	bbox = (510.4500, 657.3500) - (510.5500, 657.4500) on Layer M3
violation type: Short
	srcs: net:RD1_sim[3] net:u_riscv_top/register_file/_09566_
	bbox = (510.6500, 82.1500) - (510.7500, 82.2500) on Layer M3
violation type: Short
	srcs: net:u_riscv_top/register_file/_07375_ net:u_riscv_top/register_file/_08998_
	bbox = (510.6500, 174.5500) - (510.7500, 174.6500) on Layer M3
violation type: Short
	srcs: net:u_data_mem/_37985_ net:u_data_mem/_41117_
	bbox = (510.6500, 880.1500) - (510.7500, 880.2500) on Layer M3
violation type: Short
	srcs: net:u_data_mem/_18173_ net:u_data_mem/_19361_
	bbox = (510.6500, 880.9500) - (510.7500, 881.0500) on Layer M3
violation type: Short
	srcs: net:u_riscv_top/register_file/_08050_ net:u_riscv_top/register_file/_08088_
	bbox = (511.0500, 16.3500) - (511.1500, 16.4500) on Layer M3
violation type: Short
	srcs: net:mem_addr[2] net:u_data_mem/_38460_
	bbox = (511.0500, 656.9500) - (511.1500, 657.0500) on Layer M3
violation type: Short
	srcs: net:RD1_sim[21] net:u_riscv_top/register_file/_08892_
	bbox = (511.4500, 27.1500) - (511.5500, 27.2500) on Layer M3
violation type: Short
	srcs: net:u_riscv_top/register_file/_07226_ net:u_riscv_top/register_file/_08850_
	bbox = (511.6100, 28.1500) - (512.1300, 28.2500) on Layer M3
violation type: Short
	srcs: net:u_data_mem/_22132_ net:u_data_mem/_35559_
	bbox = (511.8500, 685.5500) - (511.9500, 685.6500) on Layer M3
violation type: Short
	srcs: net:RD4_sim[6] net:u_riscv_top/register_file/_07889_
	bbox = (512.0500, 118.5500) - (512.1500, 118.6500) on Layer M3
violation type: Short
	srcs: net:u_riscv_top/register_file/_07221_ net:u_riscv_top/register_file/_07889_
	bbox = (512.0500, 118.9500) - (512.1500, 119.0500) on Layer M3
violation type: Short
	srcs: net:u_riscv_top/register_file/_08770_ net:u_riscv_top/register_file/_09562_
	bbox = (512.2500, 78.9500) - (512.3500, 79.0500) on Layer M3
violation type: Short
	srcs: net:u_data_mem/_35531_ net:u_data_mem/_41058_
	bbox = (512.6500, 588.5500) - (512.7500, 588.6500) on Layer M3
violation type: Short
	srcs: net:u_data_mem/_38044_ net:u_data_mem/_38451_
	bbox = (512.6500, 658.3500) - (512.7500, 658.4500) on Layer M3
violation type: Short
	srcs: net:u_riscv_top/register_file/_07226_ net:u_riscv_top/register_file/regfile\[28\][6]
	bbox = (512.8500, 125.7500) - (512.9500, 125.8500) on Layer M3
violation type: Short
	srcs: net:u_riscv_top/_249_ net:u_riscv_top/register_file/regfile\[27\][25]
	bbox = (513.2500, 188.7500) - (513.3500, 188.8500) on Layer M3
violation type: Short
	srcs: net:u_data_mem/_35714_ net:u_data_mem/_35829_
	bbox = (513.6500, 753.3500) - (513.7500, 753.4500) on Layer M3
violation type: Short
	srcs: net:A5_sim[3] net:u_riscv_top/register_file/regfile\[29\][31]
	bbox = (514.4500, 103.9500) - (514.5500, 104.0500) on Layer M3
violation type: Short
	srcs: net:A5_sim[4] net:u_riscv_top/register_file/regfile\[29\][31]
	bbox = (514.4500, 104.1500) - (514.5500, 104.2500) on Layer M3
violation type: Short
	srcs: net:RD1_sim[13] net:u_riscv_top/register_file/regfile\[29\][31]
	bbox = (514.4500, 104.5500) - (514.5500, 104.6500) on Layer M3
violation type: Short
	srcs: net:u_data_mem/_41138_ net:u_data_mem/bank2\[2\][5]
	bbox = (514.4500, 565.3500) - (514.5500, 565.4500) on Layer M3
violation type: Short
	srcs: net:mem_wdata[0] net:u_data_mem/bank2\[2\][5]
	bbox = (514.6100, 564.7500) - (514.7900, 564.8500) on Layer M3
violation type: Short
	srcs: net:mem_wdata[0] net:u_data_mem/bank2\[2\][5]
	bbox = (514.6500, 564.7500) - (514.7500, 564.8500) on Layer M3
violation type: Short
	srcs: net:u_riscv_top/fp_mul_result_b[30] net:u_riscv_top/pipeline_reg2/_0333_
	bbox = (515.2500, 312.9500) - (515.3500, 313.0500) on Layer M3
violation type: Short
	srcs: net:rst net:u_data_mem/_39033_
	bbox = (515.2500, 1000.7500) - (515.3500, 1000.8500) on Layer M3
violation type: Short
	srcs: net:AluResultSrc[1] net:riscv_addr[22]
	bbox = (515.6700, 276.1500) - (516.1900, 276.2500) on Layer M3
violation type: Short
	srcs: net:u_riscv_top/register_file/_08158_ net:u_riscv_top/register_file/regfile\[30\][26]
	bbox = (516.2500, 210.7500) - (516.3500, 210.8500) on Layer M3
violation type: Short
	srcs: net:AluResultSrc[0] net:u_riscv_top/_207_
	bbox = (516.2500, 276.7500) - (516.3500, 276.8500) on Layer M3
violation type: Short
	srcs: net:AluResultSrc[0] net:u_riscv_top/_207_
	bbox = (516.2500, 276.7500) - (516.7500, 276.8500) on Layer M3
violation type: Short
	srcs: net:u_riscv_top/h2[25] net:u_riscv_top/FP_Mult/_1090_
	bbox = (516.4500, 412.3500) - (516.5500, 412.4500) on Layer M3
violation type: Short
	srcs: net:AluResultSrc[0] net:u_riscv_top/_207_
	bbox = (516.6500, 276.7500) - (516.7500, 276.8500) on Layer M3
violation type: Short
	srcs: net:mem_wdata[10] net:u_data_mem/_20688_
	bbox = (517.0500, 637.3500) - (517.1500, 637.4500) on Layer M3
violation type: Short
	srcs: net:u_riscv_top/register_file/_07814_ net:u_riscv_top/register_file/_09412_
	bbox = (517.4500, 137.1500) - (517.5500, 137.2500) on Layer M3
violation type: Short
	srcs: net:u_data_mem/_18220_ net:u_data_mem/_20752_
	bbox = (517.6500, 610.1500) - (517.7500, 610.2500) on Layer M3
violation type: Short
	srcs: net:u_riscv_top/register_file/_08050_ net:u_riscv_top/register_file/_08088_
	bbox = (518.6500, 16.3500) - (518.7500, 16.4500) on Layer M3
violation type: Short
	srcs: net:u_data_mem/_37009_ net:u_data_mem/_41111_
	bbox = (518.6500, 654.7500) - (518.7500, 654.8500) on Layer M3
violation type: Short
	srcs: net:u_riscv_top/register_file/_09662_ net:u_riscv_top/register_file/regfile\[26\][15]
	bbox = (519.0100, 254.1500) - (519.1300, 254.2500) on Layer M3
violation type: Short
	srcs: net:RD4_sim[29] net:u_riscv_top/register_file/_08050_
	bbox = (519.0500, 16.3500) - (519.1500, 16.4500) on Layer M3
violation type: Short
	srcs: net:u_data_mem/_41145_ net:u_data_mem/_41231_
	bbox = (519.0500, 935.7500) - (519.1500, 935.8500) on Layer M3
violation type: Short
	srcs: net:u_riscv_top/h2[8] net:u_riscv_top/CSR_Register/_1150_
	bbox = (519.6500, 465.9500) - (519.7500, 466.0500) on Layer M3
violation type: Short
	srcs: net:u_riscv_top/register_file/_08852_ net:u_riscv_top/register_file/regfile\[30\][2]
	bbox = (520.0500, 56.1500) - (520.1500, 56.2500) on Layer M3
violation type: Short
	srcs: net:mem_wdata[20] net:u_data_mem/_37980_
	bbox = (520.2500, 926.7500) - (520.3500, 926.8500) on Layer M3
violation type: Short
	srcs: net:u_riscv_top/register_file/_08850_ net:u_riscv_top/register_file/regfile\[30\][2]
	bbox = (520.8100, 56.5500) - (520.9900, 56.6500) on Layer M3
violation type: Short
	srcs: net:u_riscv_top/register_file/_08850_ net:u_riscv_top/register_file/regfile\[30\][2]
	bbox = (520.8500, 56.5500) - (520.9500, 56.6500) on Layer M3
violation type: Short
	srcs: net:RD2_sim[12] net:u_riscv_top/register_file/regfile\[24\][2]
	bbox = (521.0500, 68.1500) - (521.1500, 68.2500) on Layer M3
violation type: Short
	srcs: net:i_ex[12] net:u_riscv_top/FP_Mult/_0651_
	bbox = (521.0500, 321.9500) - (521.1500, 322.0500) on Layer M3
violation type: Short
	srcs: net:mem_wdata[30] net:u_data_mem/_35533_
	bbox = (521.0500, 841.9500) - (521.1500, 842.0500) on Layer M3
violation type: Short
	srcs: net:u_data_mem/_18861_ net:u_data_mem/_36493_
	bbox = (521.0500, 972.1500) - (521.1500, 972.2500) on Layer M3
violation type: Short
	srcs: net:u_riscv_top/u_bridge_fp_mul_to_core/_006_ net:u_riscv_top/net1514
	bbox = (521.2500, 307.7500) - (521.3500, 307.8500) on Layer M3
violation type: Short
	srcs: net:u_riscv_top/register_file/_09660_ net:u_riscv_top/register_file/regfile\[28\][29]
	bbox = (521.4500, 19.9500) - (521.5500, 20.0500) on Layer M3
violation type: Short
	srcs: net:RD2_sim[12] net:u_riscv_top/register_file/_08850_
	bbox = (521.4500, 56.3500) - (521.5500, 56.4500) on Layer M3
violation type: Short
	srcs: net:u_riscv_top/register_file/_09660_ net:u_riscv_top/register_file/_09699_
	bbox = (521.6500, 23.5500) - (521.7500, 23.6500) on Layer M3
violation type: Short
	srcs: net:A2_sim[1] net:u_riscv_top/register_file/_06207_
	bbox = (522.0500, 105.9500) - (522.1500, 106.0500) on Layer M3
violation type: Short
	srcs: net:u_data_mem/_21125_ net:u_data_mem/_41217_
	bbox = (522.0500, 766.5500) - (522.1500, 766.6500) on Layer M3
violation type: Short
	srcs: net:mem_wdata[20] net:u_data_mem/_41168_
	bbox = (522.2500, 926.9500) - (522.3500, 927.0500) on Layer M3
violation type: Short
	srcs: net:u_riscv_top/mux8_1/_603_ net:u_riscv_top/mux8_1/_648_
	bbox = (523.6100, 311.9500) - (523.7900, 312.0500) on Layer M3
violation type: Short
	srcs: net:u_riscv_top/mux8_1/_603_ net:u_riscv_top/mux8_1/_648_
	bbox = (523.6500, 311.9500) - (523.7500, 312.0500) on Layer M3
violation type: Short
	srcs: net:u_riscv_top/register_file/_07221_ net:u_riscv_top/register_file/_08681_
	bbox = (524.2500, 118.5500) - (524.3500, 118.6500) on Layer M3
violation type: Short
	srcs: net:mem_wdata[20] net:u_data_mem/_41168_
	bbox = (524.2500, 926.7500) - (524.3500, 926.8500) on Layer M3
violation type: Short
	srcs: net:u_data_mem/_35549_ net:u_data_mem/_41008_
	bbox = (524.8100, 919.1500) - (525.3300, 919.2500) on Layer M3
violation type: Short
	srcs: net:u_data_mem/_20983_ net:u_data_mem/_35543_
	bbox = (524.8500, 739.9500) - (524.9500, 740.0500) on Layer M3
violation type: Short
	srcs: net:clknet_10_102__leaf_clk net:u_riscv_top/register_file/net2425
	bbox = (525.0500, 187.3500) - (525.1500, 187.4500) on Layer M3
violation type: Short
	srcs: net:u_data_mem/_21107_ net:u_data_mem/_41222_
	bbox = (525.0500, 748.9500) - (525.1500, 749.0500) on Layer M3
violation type: Short
	srcs: net:u_riscv_top/h1[21] net:u_riscv_top/FP_Mult/_1026_
	bbox = (525.4500, 420.9500) - (525.5500, 421.0500) on Layer M3
violation type: Short
	srcs: net:mem_addr[1] net:u_data_mem/_35573_
	bbox = (525.4500, 658.9500) - (525.5500, 659.0500) on Layer M3
violation type: Short
	srcs: net:mem_addr[1] net:u_data_mem/_38451_
	bbox = (525.6500, 658.5500) - (525.7500, 658.6500) on Layer M3
violation type: Short
	srcs: net:RD4_sim[3] net:u_riscv_top/register_file/_06660_
	bbox = (526.2500, 73.5500) - (526.3500, 73.6500) on Layer M3
violation type: Short
	srcs: net:u_riscv_top/h2[13] net:u_riscv_top/CSR_Register/_1493_
	bbox = (526.2500, 469.5500) - (526.3500, 469.6500) on Layer M3
violation type: Short
	srcs: net:WD5_sim[13] net:u_riscv_top/CSR_Register/_1493_
	bbox = (526.2500, 469.7500) - (526.3500, 469.8500) on Layer M3
violation type: Short
	srcs: net:WD5_sim[2] net:u_riscv_top/CSR_Register/mepc[26]
	bbox = (526.2500, 487.7500) - (526.3500, 487.8500) on Layer M3
violation type: Short
	srcs: net:u_riscv_top/_242_ net:u_riscv_top/register_file/_07372_
	bbox = (527.4500, 176.3500) - (527.5500, 176.4500) on Layer M3
violation type: Short
	srcs: net:RD3_sim[12] net:u_riscv_top/register_file/_06568_
	bbox = (528.0500, 52.3500) - (528.1500, 52.4500) on Layer M3
violation type: Short
	srcs: net:u_riscv_top/mux8_1/_609_ net:u_riscv_top/net1518
	bbox = (528.2500, 280.3500) - (528.3500, 280.4500) on Layer M3
violation type: Short
	srcs: net:mem_wdata[24] net:u_data_mem/_18205_
	bbox = (528.2500, 568.7500) - (528.3500, 568.8500) on Layer M3
violation type: Short
	srcs: net:u_riscv_top/register_file/_08850_ net:u_riscv_top/register_file/_09412_
	bbox = (528.4500, 136.9500) - (528.5500, 137.0500) on Layer M3
violation type: Short
	srcs: net:u_riscv_top/net241 net:u_riscv_top/CSR_Register/net719
	bbox = (528.4500, 521.9500) - (528.5500, 522.0500) on Layer M3
violation type: Short
	srcs: net:u_riscv_top/register_file/_10558_ net:u_riscv_top/register_file/_10562_
	bbox = (528.6500, 95.5500) - (528.7500, 95.6500) on Layer M3
violation type: Short
	srcs: net:u_riscv_top/register_file/_10558_ net:u_riscv_top/register_file/_10562_
	bbox = (528.6500, 95.5500) - (529.1500, 95.6500) on Layer M3
violation type: Short
	srcs: net:RD1_sim[4] net:u_riscv_top/register_file/_10373_
	bbox = (528.6500, 160.1500) - (528.7500, 160.2500) on Layer M3
violation type: Short
	srcs: net:u_data_mem/_18220_ net:u_data_mem/_40855_
	bbox = (528.6500, 664.5500) - (528.7500, 664.6500) on Layer M3
violation type: Short
	srcs: net:riscv_addr[27] net:u_riscv_top/pipeline_reg2/_0495_
	bbox = (528.8500, 302.7500) - (528.9500, 302.8500) on Layer M3
violation type: Short
	srcs: net:u_riscv_top/register_file/_10558_ net:u_riscv_top/register_file/_10562_
	bbox = (529.0500, 95.5500) - (529.1500, 95.6500) on Layer M3
violation type: Short
	srcs: net:u_data_mem/_20886_ net:u_data_mem/_39237_
	bbox = (529.2500, 645.9500) - (529.3500, 646.0500) on Layer M3
violation type: Short
	srcs: net:riscv_addr[16] net:u_riscv_top/mux8_1/_606_
	bbox = (529.6100, 306.5500) - (529.7900, 306.6500) on Layer M3
violation type: Short
	srcs: net:riscv_addr[16] net:u_riscv_top/mux8_1/_606_
	bbox = (529.6500, 306.5500) - (529.7500, 306.6500) on Layer M3
violation type: Short
	srcs: net:u_data_mem/_35539_ net:u_data_mem/_39237_
	bbox = (529.6500, 646.7500) - (529.7500, 646.8500) on Layer M3
violation type: Short
	srcs: net:RD4_sim[9] net:u_riscv_top/register_file/_09422_
	bbox = (529.8500, 134.9500) - (529.9500, 135.0500) on Layer M3
violation type: Short
	srcs: net:riscv_addr[16] net:u_riscv_top/u_bridge_fp_mul_to_core/_017_
	bbox = (530.0500, 306.5500) - (530.1500, 306.6500) on Layer M3
violation type: Short
	srcs: net:riscv_addr[16] net:u_riscv_top/u_bridge_fp_mul_to_core/_017_
	bbox = (530.0500, 306.5500) - (530.1500, 306.8500) on Layer M3
violation type: Short
	srcs: net:riscv_addr[16] net:u_riscv_top/u_bridge_fp_mul_to_core/_017_
	bbox = (530.0500, 306.7500) - (530.1500, 306.8500) on Layer M3
violation type: Short
	srcs: net:u_data_mem/_41136_ net:u_data_mem/_41187_
	bbox = (530.0500, 879.3500) - (530.1500, 879.4500) on Layer M3
violation type: Short
	srcs: net:u_data_mem/_41008_ net:u_data_mem/_41074_
	bbox = (530.0500, 920.3500) - (530.1500, 920.4500) on Layer M3
violation type: Short
	srcs: net:u_riscv_top/div_result_core[9] net:u_riscv_top/net683
	bbox = (530.2500, 307.5500) - (530.3500, 307.6500) on Layer M3
violation type: Short
	srcs: net:u_riscv_top/div_result_core[9] net:u_riscv_top/mux8_1/_603_
	bbox = (530.2500, 307.7500) - (530.3500, 307.8500) on Layer M3
violation type: Short
	srcs: net:u_riscv_top/div_result_core[9] net:u_riscv_top/u_bridge_div_to_core/data_hold[12]
	bbox = (530.2500, 307.9500) - (530.3500, 308.0500) on Layer M3
violation type: Short
	srcs: net:u_data_mem/_20218_ net:u_data_mem/_35592_
	bbox = (530.2500, 541.5500) - (530.3500, 541.6500) on Layer M3
violation type: Short
	srcs: net:mem_wdata[2] net:u_data_mem/_41187_
	bbox = (530.2500, 879.7500) - (530.3500, 879.8500) on Layer M3
violation type: Short
	srcs: net:u_data_mem/_18173_ net:u_data_mem/_41187_
	bbox = (530.2500, 879.9500) - (530.3500, 880.0500) on Layer M3
violation type: Short
	srcs: net:A1_sim[3] net:A2_sim[4]
	bbox = (530.4500, 251.5500) - (530.5500, 251.6500) on Layer M3
violation type: Short
	srcs: net:mem_wdata[30] net:u_data_mem/_36472_
	bbox = (530.4500, 611.5500) - (530.5500, 611.6500) on Layer M3
violation type: Short
	srcs: net:RD4_sim[5] net:u_riscv_top/register_file/net2453
	bbox = (530.6500, 30.3500) - (530.7500, 30.4500) on Layer M3
violation type: Short
	srcs: net:RD2_sim[10] net:u_riscv_top/register_file/_07230_
	bbox = (530.6500, 61.5500) - (530.7500, 61.6500) on Layer M3
violation type: Short
	srcs: net:u_riscv_top/register_file/_08850_ net:u_riscv_top/register_file/_08852_
	bbox = (530.6500, 137.1500) - (530.7500, 137.2500) on Layer M3
violation type: Short
	srcs: net:u_riscv_top/register_file/_07227_ net:u_riscv_top/register_file/_08852_
	bbox = (530.6500, 137.3500) - (530.7500, 137.4500) on Layer M3
violation type: Short
	srcs: net:u_riscv_top/register_file/_07794_ net:u_riscv_top/register_file/_08852_
	bbox = (530.6500, 137.5500) - (530.7500, 137.6500) on Layer M3
violation type: Short
	srcs: net:u_data_mem/_35533_ net:u_data_mem/_35536_
	bbox = (530.6500, 881.1500) - (530.7500, 881.2500) on Layer M3
violation type: Short
	srcs: net:u_data_mem/_35533_ net:u_data_mem/_35536_
	bbox = (530.6500, 881.1500) - (531.0500, 881.2500) on Layer M3
violation type: Short
	srcs: net:u_data_mem/_35542_ net:u_data_mem/_35551_
	bbox = (530.6500, 981.9500) - (530.7500, 982.0500) on Layer M3
violation type: Short
	srcs: net:u_data_mem/_37353_ net:u_data_mem/_37508_
	bbox = (530.8500, 826.3500) - (530.9500, 826.4500) on Layer M3
violation type: Short
	srcs: net:u_data_mem/_36241_ net:u_data_mem/_41203_
	bbox = (530.8500, 917.7500) - (530.9500, 917.8500) on Layer M3
violation type: Short
	srcs: net:u_riscv_top/register_file/_08049_ net:u_riscv_top/register_file/_08050_
	bbox = (530.9500, 37.5500) - (531.0500, 37.6500) on Layer M3
violation type: Short
	srcs: net:u_riscv_top/mux8_1/_655_ net:u_riscv_top/u_bridge_fp_mul_to_core/_006_
	bbox = (530.9500, 306.3500) - (531.0500, 306.4500) on Layer M3
violation type: Short
	srcs: net:riscv_addr[16] net:u_riscv_top/mux8_1/_655_
	bbox = (530.9500, 306.5500) - (531.0500, 306.6500) on Layer M3
violation type: Short
	srcs: net:u_riscv_top/FP_Mult/_1181_ net:u_riscv_top/FP_Mult/state[5]
	bbox = (530.9500, 350.7500) - (531.0500, 350.8500) on Layer M3
violation type: Short
	srcs: net:u_data_mem/_35531_ net:u_data_mem/_35539_
	bbox = (530.9500, 589.3500) - (531.0500, 589.4500) on Layer M3
violation type: Short
	srcs: net:u_data_mem/_40113_ net:u_data_mem/_41114_
	bbox = (530.9500, 667.7500) - (531.0500, 667.8500) on Layer M3
violation type: Short
	srcs: net:u_data_mem/_18260_ net:u_data_mem/_36729_
	bbox = (530.9500, 730.9500) - (531.0500, 731.0500) on Layer M3
violation type: Short
	srcs: net:u_data_mem/_35533_ net:u_data_mem/_35536_
	bbox = (530.9500, 881.1500) - (531.0500, 881.2500) on Layer M3
violation type: Short
	srcs: net:u_data_mem/_35536_ net:u_data_mem/_40557_
	bbox = (530.9500, 881.5500) - (531.0500, 881.6500) on Layer M3
violation type: Short
	srcs: net:u_data_mem/_40557_ net:u_data_mem/_41019_
	bbox = (530.9500, 881.7500) - (531.0500, 881.8500) on Layer M3
violation type: Short
	srcs: net:u_data_mem/_19462_ net:u_data_mem/_41139_
	bbox = (530.9500, 898.3500) - (531.0500, 898.4500) on Layer M3
violation type: Short
	srcs: net:u_data_mem/_19462_ net:u_data_mem/_36224_
	bbox = (531.0100, 897.9500) - (531.0500, 898.0500) on Layer M3
violation type: Short
	srcs: net:u_data_mem/_39495_ net:u_data_mem/_40626_
	bbox = (531.0500, 687.1500) - (531.1500, 687.2500) on Layer M3
violation type: Short
	srcs: net:u_data_mem/_37047_ net:u_data_mem/_40331_
	bbox = (531.0500, 699.9500) - (531.1500, 700.0500) on Layer M3
violation type: Short
	srcs: net:u_data_mem/_35532_ net:u_data_mem/_41015_
	bbox = (531.0500, 714.5500) - (531.1500, 714.6500) on Layer M3
violation type: Short
	srcs: net:u_riscv_top/u_bridge_div_to_core/data_hold[21] net:u_riscv_top/u_bridge_div_to_core/net2045
	bbox = (531.2100, 279.3500) - (531.3900, 279.4500) on Layer M3
violation type: Short
	srcs: net:RD1_sim[9] net:u_riscv_top/register_file/_08049_
	bbox = (531.2500, 144.3500) - (531.3500, 144.4500) on Layer M3
violation type: Short
	srcs: net:RD1_sim[9] net:u_riscv_top/register_file/_08049_
	bbox = (531.2500, 144.3500) - (531.3500, 144.6500) on Layer M3
violation type: Short
	srcs: net:RD1_sim[9] net:u_riscv_top/register_file/_08049_
	bbox = (531.2500, 144.5500) - (531.3500, 144.6500) on Layer M3
violation type: Short
	srcs: net:u_riscv_top/u_bridge_div_to_core/data_hold[21] net:u_riscv_top/u_bridge_div_to_core/net2045
	bbox = (531.2500, 279.3500) - (531.3500, 279.4500) on Layer M3
violation type: Short
	srcs: net:u_data_mem/_38592_ net:u_data_mem/_38845_
	bbox = (531.2500, 694.7500) - (531.3500, 694.8500) on Layer M3
violation type: Short
	srcs: net:u_data_mem/_40582_ net:u_data_mem/_41074_
	bbox = (531.2500, 919.9500) - (531.3500, 920.0500) on Layer M3
violation type: Short
	srcs: net:A2_sim[2] net:u_riscv_top/mux8_1/_662_
	bbox = (531.4500, 267.5500) - (531.5500, 267.6500) on Layer M3
violation type: Short
	srcs: net:riscv_addr[22] net:u_riscv_top/net2044
	bbox = (531.4500, 276.1500) - (531.5500, 276.2500) on Layer M3
violation type: Short
	srcs: net:u_data_mem/_35547_ net:u_data_mem/_35567_
	bbox = (531.4500, 808.3500) - (531.5500, 808.4500) on Layer M3
violation type: Short
	srcs: net:u_riscv_top/muxB2[16] net:u_riscv_top/net1909
	bbox = (531.6500, 494.3500) - (531.7500, 494.4500) on Layer M3
violation type: Short
	srcs: net:u_riscv_top/mux8_1/_621_ net:u_riscv_top/register_file/_07631_
	bbox = (532.0500, 253.7500) - (532.1500, 253.8500) on Layer M3
violation type: Short
	srcs: net:u_data_mem/_35543_ net:u_data_mem/_38057_
	bbox = (532.2500, 739.9500) - (532.3500, 740.0500) on Layer M3
violation type: Short
	srcs: net:A3_sim[0] net:u_riscv_top/register_file/regfile\[22\][15]
	bbox = (532.4100, 245.7500) - (532.5900, 245.8500) on Layer M3
violation type: Short
	srcs: net:A3_sim[0] net:u_riscv_top/register_file/regfile\[22\][15]
	bbox = (532.4500, 245.7500) - (532.5500, 245.8500) on Layer M3
violation type: Short
	srcs: net:A2_sim[4] net:u_riscv_top/register_file/regfile\[22\][15]
	bbox = (532.6500, 251.7500) - (532.7500, 251.8500) on Layer M3
violation type: Short
	srcs: net:RD2_sim[23] net:u_riscv_top/register_file/_08852_
	bbox = (533.4500, 179.9500) - (533.5500, 180.0500) on Layer M3
violation type: Short
	srcs: net:riscv_addr[0] net:u_riscv_top/u_bridge_div_to_core/data_hold[26]
	bbox = (533.6500, 273.9500) - (533.7500, 274.0500) on Layer M3
violation type: Short
	srcs: net:u_data_mem/_18774_ net:u_data_mem/_36863_
	bbox = (534.0500, 991.5500) - (534.1500, 991.6500) on Layer M3
violation type: Short
	srcs: net:u_riscv_top/Next_PC_Alu[24] net:u_riscv_top/h2[30]
	bbox = (534.2500, 430.3500) - (534.3500, 430.4500) on Layer M3
violation type: Short
	srcs: net:RD4_sim[3] net:u_riscv_top/register_file/_08750_
	bbox = (534.4500, 73.5500) - (534.5500, 73.6500) on Layer M3
violation type: Short
	srcs: net:RD3_sim[3] net:u_riscv_top/register_file/regfile\[22\][3]
	bbox = (534.4500, 78.9500) - (534.5500, 79.0500) on Layer M3
violation type: Short
	srcs: net:u_riscv_top/h1[14] net:u_riscv_top/PC_inst/_037_
	bbox = (534.4500, 438.9500) - (534.5500, 439.0500) on Layer M3
violation type: Short
	srcs: net:u_data_mem/_36493_ net:u_data_mem/_41145_
	bbox = (535.0500, 972.1500) - (535.1500, 972.2500) on Layer M3
violation type: Short
	srcs: net:mem_wdata[16] net:u_data_mem/_41145_
	bbox = (535.0500, 972.3500) - (535.1500, 972.4500) on Layer M3
violation type: Short
	srcs: net:mem_addr[0] net:u_data_mem/_35538_
	bbox = (535.8500, 716.1500) - (535.9500, 716.2500) on Layer M3
violation type: Short
	srcs: net:A1_sim[0] net:u_riscv_top/register_file/regfile\[18\][9]
	bbox = (537.2500, 145.3500) - (537.3500, 145.4500) on Layer M3
violation type: Short
	srcs: net:A1_sim[0] net:u_riscv_top/register_file/regfile\[18\][9]
	bbox = (537.2500, 145.3500) - (537.5500, 145.4500) on Layer M3
violation type: Short
	srcs: net:u_riscv_top/_239_ net:u_riscv_top/register_file/_09811_
	bbox = (537.2500, 181.7500) - (537.3500, 181.8500) on Layer M3
violation type: Short
	srcs: net:A1_sim[0] net:u_riscv_top/register_file/regfile\[18\][9]
	bbox = (537.4500, 145.3500) - (537.5500, 145.4500) on Layer M3
violation type: Short
	srcs: net:u_data_mem/_41019_ net:u_data_mem/_41117_
	bbox = (538.4500, 881.7500) - (538.5500, 881.8500) on Layer M3
violation type: Short
	srcs: net:i_ex[12] net:u_riscv_top/fp_mul_result_core[11]
	bbox = (540.0500, 321.9500) - (540.1500, 322.0500) on Layer M3
violation type: Short
	srcs: net:u_data_mem/_35549_ net:u_data_mem/bank2\[6\][0]
	bbox = (540.0500, 574.3500) - (540.1500, 574.4500) on Layer M3
violation type: Short
	srcs: net:mem_wdata[30] net:u_data_mem/_41112_
	bbox = (540.0500, 611.5500) - (540.1500, 611.6500) on Layer M3
violation type: Short
	srcs: net:u_data_mem/_35710_ net:u_data_mem/_41042_
	bbox = (540.4500, 754.3500) - (540.5500, 754.4500) on Layer M3
violation type: Short
	srcs: net:u_data_mem/_37208_ net:u_data_mem/_39764_
	bbox = (540.8500, 793.9500) - (540.9500, 794.0500) on Layer M3
violation type: Short
	srcs: net:u_riscv_top/u_bridge_div_to_core/_017_ net:u_riscv_top/u_bridge_div_to_core/data_hold[4]
	bbox = (541.2500, 298.5500) - (541.3500, 298.6500) on Layer M3
violation type: Short
	srcs: net:u_riscv_top/register_file/_07377_ net:u_riscv_top/register_file/_08850_
	bbox = (541.4500, 178.3500) - (541.5500, 178.4500) on Layer M3
violation type: Short
	srcs: net:u_data_mem/_36994_ net:u_data_mem/_38550_
	bbox = (541.6500, 862.3500) - (541.7500, 862.4500) on Layer M3
violation type: Short
	srcs: net:u_data_mem/_36994_ net:u_data_mem/_38550_
	bbox = (541.6500, 862.3500) - (542.1500, 862.4500) on Layer M3
violation type: Short
	srcs: net:u_data_mem/_36994_ net:u_data_mem/_38550_
	bbox = (542.0500, 862.3500) - (542.1500, 862.4500) on Layer M3
violation type: Short
	srcs: net:u_data_mem/_35566_ net:u_data_mem/_36863_
	bbox = (542.0500, 991.5500) - (542.1500, 991.6500) on Layer M3
violation type: Short
	srcs: net:AluOp_sim[23] net:u_riscv_top/u_bridge_div_to_core/data_hold[17]
	bbox = (542.2500, 289.9500) - (542.3500, 290.0500) on Layer M3
violation type: Short
	srcs: net:RD1_sim[11] net:u_riscv_top/register_file/_10518_
	bbox = (542.6500, 46.7500) - (542.7500, 46.8500) on Layer M3
violation type: Short
	srcs: net:u_riscv_top/_222_ net:u_riscv_top/mux8_1/_610_
	bbox = (543.4500, 260.5500) - (543.5500, 260.6500) on Layer M3
violation type: Short
	srcs: net:AluOp_sim[16] net:u_riscv_top/h1[4]
	bbox = (543.6500, 370.9500) - (543.7500, 371.0500) on Layer M3
violation type: Short
	srcs: net:u_riscv_top/muxB2[25] net:u_riscv_top/CSR_Register/_1388_
	bbox = (543.8500, 501.9500) - (543.9500, 502.0500) on Layer M3
violation type: Short
	srcs: net:u_riscv_top/muxB2[16] net:u_riscv_top/net1956
	bbox = (544.6500, 494.7500) - (544.7500, 494.8500) on Layer M3
violation type: Short
	srcs: net:rst net:u_data_mem/_40465_
	bbox = (545.0500, 618.7500) - (545.1500, 618.8500) on Layer M3
violation type: Short
	srcs: net:u_riscv_top/net868 net:u_riscv_top/net869
	bbox = (545.8500, 278.7500) - (545.9500, 278.8500) on Layer M3
violation type: Short
	srcs: net:u_data_mem/_36848_ net:u_data_mem/_40978_
	bbox = (546.0500, 800.7500) - (546.1500, 800.8500) on Layer M3
violation type: Short
	srcs: net:u_data_mem/_19359_ net:u_data_mem/_41137_
	bbox = (546.4500, 846.1500) - (546.5500, 846.2500) on Layer M3
violation type: Short
	srcs: net:WD5_sim[13] net:u_riscv_top/CSR_Register/mtvec2[17]
	bbox = (546.6100, 470.1500) - (546.7900, 470.2500) on Layer M3
violation type: Short
	srcs: net:u_riscv_top/CSR_Register/_1416_ net:u_riscv_top/CSR_Register/mtvec2[17]
	bbox = (546.6500, 469.9500) - (546.7500, 470.0500) on Layer M3
violation type: Short
	srcs: net:WD5_sim[13] net:u_riscv_top/CSR_Register/mtvec2[17]
	bbox = (546.6500, 470.1500) - (546.7500, 470.2500) on Layer M3
violation type: Short
	srcs: net:u_riscv_top/CSR_Register/_1414_ net:u_riscv_top/CSR_Register/_1643_
	bbox = (547.0500, 514.7500) - (547.1500, 514.8500) on Layer M3
violation type: Short
	srcs: net:mem_wdata[15] net:u_riscv_top/CSR_Register/_1416_
	bbox = (547.2500, 517.9500) - (547.3500, 518.0500) on Layer M3
violation type: Short
	srcs: net:u_riscv_top/CSR_Register/_1405_ net:u_riscv_top/CSR_Register/_1411_
	bbox = (547.4500, 471.3500) - (547.5500, 471.4500) on Layer M3
violation type: Short
	srcs: net:u_data_mem/_26325_ net:u_data_mem/_40978_
	bbox = (547.4500, 838.9500) - (547.5500, 839.0500) on Layer M3
violation type: Short
	srcs: net:u_data_mem/_18257_ net:clknet_10_846__leaf_clk
	bbox = (548.6500, 699.7500) - (548.7500, 699.8500) on Layer M3
violation type: Short
	srcs: net:u_data_mem/_18257_ net:clknet_10_846__leaf_clk
	bbox = (548.6500, 699.7500) - (548.7900, 699.8500) on Layer M3
violation type: Short
	srcs: net:u_data_mem/_38146_ net:u_data_mem/_38380_
	bbox = (548.6500, 973.7500) - (548.7500, 973.8500) on Layer M3
violation type: Short
	srcs: net:u_riscv_top/ALU/int_alu_result[1] net:u_riscv_top/ALU/alu_res/_028_
	bbox = (549.0500, 361.9500) - (549.1500, 362.0500) on Layer M3
violation type: Short
	srcs: net:u_riscv_top/div_result_md[3] net:u_riscv_top/M8/net569
	bbox = (549.4500, 288.1500) - (549.5500, 288.2500) on Layer M3
violation type: Short
	srcs: net:u_data_mem/_35601_ net:u_data_mem/_39465_
	bbox = (549.6500, 736.9500) - (549.7500, 737.0500) on Layer M3
violation type: Short
	srcs: net:u_data_mem/_35601_ net:u_data_mem/_39465_
	bbox = (549.6500, 736.9500) - (550.1900, 737.0500) on Layer M3
violation type: Short
	srcs: net:u_data_mem/_40201_ net:u_data_mem/_41366_
	bbox = (550.0500, 978.5500) - (550.1500, 978.6500) on Layer M3
violation type: Short
	srcs: net:u_riscv_top/mux8_1/_647_ net:u_riscv_top/u_bridge_div_to_core/data_hold[17]
	bbox = (550.6500, 289.7500) - (550.7500, 289.8500) on Layer M3
violation type: Short
	srcs: net:AluOp_sim[23] net:u_riscv_top/mux8_1/_647_
	bbox = (550.6500, 289.9500) - (550.7500, 290.0500) on Layer M3
violation type: Short
	srcs: net:u_riscv_top/_242_ net:u_riscv_top/pipeline_reg1/_0887_
	bbox = (551.0500, 176.5500) - (551.1500, 176.6500) on Layer M3
violation type: Short
	srcs: net:u_riscv_top/h1[15] net:u_riscv_top/PC_inst/net2396
	bbox = (551.0500, 438.7500) - (551.1500, 438.8500) on Layer M3
violation type: Short
	srcs: net:clknet_10_483__leaf_clk net:u_riscv_top/pipeline_reg1/net1269
	bbox = (551.0500, 456.7500) - (551.1500, 456.8500) on Layer M3
violation type: Short
	srcs: net:u_data_mem/_35532_ net:u_data_mem/_40105_
	bbox = (551.0500, 676.5500) - (551.1500, 676.6500) on Layer M3
violation type: Short
	srcs: net:u_data_mem/_35566_ net:u_data_mem/_36863_
	bbox = (551.0500, 991.7500) - (551.1500, 991.8500) on Layer M3
violation type: Short
	srcs: net:u_data_mem/_18257_ net:u_data_mem/_36996_
	bbox = (551.2500, 699.5500) - (551.3500, 699.6500) on Layer M3
violation type: Short
	srcs: net:u_data_mem/_18257_ net:u_data_mem/_36996_
	bbox = (551.2500, 699.5500) - (551.5500, 699.6500) on Layer M3
violation type: Short
	srcs: net:AluResultSrc[0] net:i_decode[22]
	bbox = (551.4500, 276.7500) - (551.5500, 276.8500) on Layer M3
violation type: Short
	srcs: net:u_data_mem/_18257_ net:u_data_mem/_36996_
	bbox = (551.4500, 699.5500) - (551.5500, 699.6500) on Layer M3
violation type: Short
	srcs: net:mem_wdata[26] net:u_data_mem/_35546_
	bbox = (551.6100, 569.1500) - (551.7900, 569.2500) on Layer M3
violation type: Short
	srcs: net:mem_wdata[26] net:u_data_mem/_35546_
	bbox = (551.6500, 569.1500) - (551.7500, 569.2500) on Layer M3
violation type: Short
	srcs: net:u_data_mem/_35546_ net:clknet_10_390__leaf_clk
	bbox = (551.6500, 569.3500) - (551.7500, 569.4500) on Layer M3
violation type: Short
	srcs: net:u_data_mem/_35533_ net:u_data_mem/bank2\[31\][8]
	bbox = (551.6500, 736.3500) - (551.7500, 736.4500) on Layer M3
violation type: Short
	srcs: net:u_data_mem/_18174_ net:u_data_mem/_41137_
	bbox = (551.6500, 846.5500) - (551.7500, 846.6500) on Layer M3
violation type: Short
	srcs: net:mem_wdata[31] net:u_data_mem/_35539_
	bbox = (551.8500, 562.9500) - (551.9500, 563.0500) on Layer M3
violation type: Short
	srcs: net:u_data_mem/_18157_ net:u_data_mem/_35549_
	bbox = (551.8500, 992.5500) - (551.9500, 992.6500) on Layer M3
violation type: Short
	srcs: net:u_riscv_top/div_result_md[28] net:u_riscv_top/mux8_1/_662_
	bbox = (551.9500, 268.5500) - (552.0500, 268.6500) on Layer M3
violation type: Short
	srcs: net:u_riscv_top/div_result_md[31] net:u_riscv_top/u_bridge_div_to_core/_173_
	bbox = (551.9500, 285.3500) - (552.0500, 285.4500) on Layer M3
violation type: Short
	srcs: net:u_riscv_top/h1[8] net:u_riscv_top/h2[29]
	bbox = (551.9500, 402.5500) - (552.0500, 402.6500) on Layer M3
violation type: Short
	srcs: net:u_data_mem/_36316_ net:u_data_mem/_41039_
	bbox = (551.9500, 682.5500) - (552.0500, 682.6500) on Layer M3
violation type: Short
	srcs: net:u_data_mem/_35534_ net:u_data_mem/_39480_
	bbox = (551.9500, 688.7500) - (552.0500, 688.8500) on Layer M3
violation type: Short
	srcs: net:u_data_mem/_35546_ net:u_data_mem/_35549_
	bbox = (551.9500, 931.9500) - (552.0500, 932.0500) on Layer M3
violation type: Short
	srcs: net:u_data_mem/_38146_ net:u_data_mem/_38380_
	bbox = (551.9500, 973.9500) - (552.0500, 974.0500) on Layer M3
violation type: Short
	srcs: net:rst net:u_data_mem/_41212_
	bbox = (551.9500, 1000.9500) - (552.0500, 1001.0500) on Layer M3
violation type: Short
	srcs: net:i_decode[18] net:u_riscv_top/fwdA[0]
	bbox = (552.0495, 265.7500) - (552.0505, 265.8500) on Layer M3
violation type: Short
	srcs: net:i_decode[18] net:u_riscv_top/fwdA[0]
	bbox = (552.0495, 265.7500) - (552.0505, 266.0500) on Layer M3
violation type: Short
	srcs: net:u_data_mem/_38146_ net:u_data_mem/_38380_
	bbox = (552.0495, 973.9500) - (552.0505, 974.2500) on Layer M3
violation type: Short
	srcs: net:u_data_mem/_38146_ net:u_data_mem/_38380_
	bbox = (552.0495, 974.1500) - (552.0505, 974.2500) on Layer M3
violation type: Short
	srcs: net:i_decode[18] net:u_riscv_top/fwdA[0]
	bbox = (552.0500, 265.9500) - (552.1500, 266.0500) on Layer M3
violation type: Short
	srcs: net:u_riscv_top/ALU/_06_ net:u_riscv_top/ALU/next_pc_res/_076_
	bbox = (552.0500, 416.5500) - (552.1500, 416.6500) on Layer M3
violation type: Short
	srcs: net:u_data_mem/_40637_ net:u_data_mem/_40855_
	bbox = (552.0500, 664.3500) - (552.1500, 664.4500) on Layer M3
violation type: Short
	srcs: net:u_data_mem/_37913_ net:u_data_mem/_38592_
	bbox = (552.0500, 695.1500) - (552.1500, 695.2500) on Layer M3
violation type: Short
	srcs: net:riscv_addr[8] net:u_riscv_top/muxB0[19]
	bbox = (552.2500, 329.7500) - (552.3500, 329.8500) on Layer M3
violation type: Short
	srcs: net:u_riscv_top/ALU/int_alu_result[4] net:u_riscv_top/ALU/alu_res/_010_
	bbox = (552.2500, 348.9500) - (552.3500, 349.0500) on Layer M3
violation type: Short
	srcs: net:u_data_mem/_35583_ net:u_data_mem/_40111_
	bbox = (552.2500, 675.5500) - (552.3500, 675.6500) on Layer M3
violation type: Short
	srcs: net:u_data_mem/_35583_ net:u_data_mem/_40111_
	bbox = (552.2500, 675.5500) - (552.5500, 675.6500) on Layer M3
violation type: Short
	srcs: net:u_data_mem/_40637_ net:u_data_mem/_40855_
	bbox = (552.4500, 664.1500) - (552.5500, 664.2500) on Layer M3
violation type: Short
	srcs: net:u_data_mem/_35583_ net:u_data_mem/_40111_
	bbox = (552.4500, 675.5500) - (552.5500, 675.6500) on Layer M3
violation type: Short
	srcs: net:A3_sim[2] net:u_riscv_top/mux8_1/_615_
	bbox = (552.8500, 257.5500) - (552.9500, 257.6500) on Layer M3
violation type: Short
	srcs: net:riscv_addr[3] net:u_riscv_top/h1[3]
	bbox = (553.0100, 289.3500) - (553.1900, 289.4500) on Layer M3
violation type: Short
	srcs: net:u_riscv_top/mux8_1/_623_ net:u_riscv_top/mux8_1/_658_
	bbox = (553.0500, 255.1500) - (553.1500, 255.2500) on Layer M3
violation type: Short
	srcs: net:riscv_addr[3] net:u_riscv_top/h1[3]
	bbox = (553.0500, 289.3500) - (553.1500, 289.4500) on Layer M3
violation type: Short
	srcs: net:u_riscv_top/h1[3] net:u_riscv_top/mux8_1/_647_
	bbox = (553.0500, 289.5500) - (553.1500, 289.6500) on Layer M3
violation type: Short
	srcs: net:u_data_mem/_36996_ net:clknet_10_846__leaf_clk
	bbox = (553.2500, 699.9500) - (553.3500, 700.0500) on Layer M3
violation type: Short
	srcs: net:RD4_sim[27] net:u_riscv_top/pipeline_reg1/_0553_
	bbox = (554.0500, 136.9500) - (554.1500, 137.0500) on Layer M3
violation type: Short
	srcs: net:u_riscv_top/h2[15] net:clknet_10_483__leaf_clk
	bbox = (555.2500, 447.7500) - (555.3500, 447.8500) on Layer M3
violation type: Short
	srcs: net:WD5_sim[30] net:riscv_addr[30]
	bbox = (556.4500, 280.3500) - (556.5500, 280.4500) on Layer M3
violation type: Short
	srcs: net:u_data_mem/_35551_ net:u_data_mem/_35601_
	bbox = (556.8500, 737.7500) - (556.9500, 737.8500) on Layer M3
violation type: Short
	srcs: net:u_riscv_top/mux8_1/_608_ net:u_riscv_top/mux8_1/_609_
	bbox = (557.6500, 281.5500) - (557.7500, 281.6500) on Layer M3
violation type: Short
	srcs: net:u_data_mem/_35592_ net:u_data_mem/_41212_
	bbox = (557.8500, 1001.1500) - (557.9500, 1001.2500) on Layer M3
violation type: Short
	srcs: net:u_data_mem/_21989_ net:u_data_mem/_36996_
	bbox = (558.4500, 699.9500) - (558.5500, 700.0500) on Layer M3
violation type: Short
	srcs: net:u_data_mem/_36729_ net:u_data_mem/_41026_
	bbox = (558.4500, 730.5500) - (558.5500, 730.6500) on Layer M3
violation type: Short
	srcs: net:u_riscv_top/mux8_1/_647_ net:u_riscv_top/u_bridge_div_to_core/_045_
	bbox = (558.6500, 289.5500) - (558.7500, 289.6500) on Layer M3
violation type: Short
	srcs: net:AluOp_sim[23] net:u_riscv_top/u_bridge_div_to_core/_045_
	bbox = (558.6500, 289.7500) - (558.7500, 289.8500) on Layer M3
violation type: Short
	srcs: net:mem_wdata[19] net:u_data_mem/_18204_
	bbox = (559.2500, 542.3500) - (559.3500, 542.4500) on Layer M3
violation type: Short
	srcs: net:u_data_mem/_36738_ net:u_data_mem/bank2\[59\][24]
	bbox = (560.6100, 677.9500) - (560.7900, 678.0500) on Layer M3
violation type: Short
	srcs: net:u_data_mem/_36738_ net:u_data_mem/bank2\[59\][24]
	bbox = (560.6500, 677.9500) - (560.7500, 678.0500) on Layer M3
violation type: Short
	srcs: net:u_data_mem/_26153_ net:u_data_mem/_41196_
	bbox = (560.8500, 829.3500) - (560.9500, 829.4500) on Layer M3
violation type: Short
	srcs: net:u_data_mem/_18216_ net:u_data_mem/_38886_
	bbox = (561.2500, 618.9500) - (561.3500, 619.0500) on Layer M3
violation type: Short
	srcs: net:u_data_mem/_35422_ net:u_data_mem/_39406_
	bbox = (561.2500, 1005.9500) - (561.3500, 1006.0500) on Layer M3
violation type: Short
	srcs: net:u_riscv_top/div_result_md[14] net:u_riscv_top/h1[4]
	bbox = (562.2500, 298.5500) - (562.3500, 298.6500) on Layer M3
violation type: Short
	srcs: net:u_data_mem/_19243_ net:u_data_mem/_37969_
	bbox = (562.2500, 897.9500) - (562.3500, 898.0500) on Layer M3
violation type: Short
	srcs: net:u_riscv_top/h1[15] net:u_riscv_top/h1[4]
	bbox = (562.4500, 298.5500) - (562.5500, 298.6500) on Layer M3
violation type: Short
	srcs: net:u_data_mem/_18226_ net:u_data_mem/_35546_
	bbox = (562.8500, 767.1500) - (562.9500, 767.2500) on Layer M3
violation type: Short
	srcs: net:u_riscv_top/mux8_1/_608_ net:u_riscv_top/mux8_1/_609_
	bbox = (563.0500, 281.7500) - (563.1500, 281.8500) on Layer M3
violation type: Short
	srcs: net:u_riscv_top/div_result_md[14] net:u_riscv_top/u_bridge_div_to_core/data_hold[4]
	bbox = (563.4500, 299.1500) - (563.5500, 299.2500) on Layer M3
violation type: Short
	srcs: net:u_riscv_top/h2[10] net:u_riscv_top/ALU/alu_res/_072_
	bbox = (563.4500, 347.1500) - (563.5500, 347.2500) on Layer M3
violation type: Short
	srcs: net:u_data_mem/_35539_ net:u_data_mem/bank3\[46\][9]
	bbox = (563.8500, 961.1500) - (563.9500, 961.2500) on Layer M3
violation type: Short
	srcs: net:u_data_mem/_35566_ net:u_data_mem/_36863_
	bbox = (564.2500, 991.3500) - (564.3500, 991.4500) on Layer M3
violation type: Short
	srcs: net:u_data_mem/_35549_ net:u_data_mem/_36093_
	bbox = (565.8500, 550.9500) - (565.9500, 551.0500) on Layer M3
violation type: Short
	srcs: net:u_riscv_top/ALU/int_alu_result[1] net:u_riscv_top/ALU/int_alu_result[2]
	bbox = (566.4500, 361.9500) - (566.5500, 362.0500) on Layer M3
violation type: Short
	srcs: net:u_riscv_top/h1[9] net:u_riscv_top/ALU/_07_
	bbox = (568.8500, 402.7500) - (568.9500, 402.8500) on Layer M3
violation type: Short
	srcs: net:u_riscv_top/mux3/_0732_ net:u_riscv_top/net485
	bbox = (569.8500, 442.9500) - (569.9500, 443.0500) on Layer M3
violation type: Short
	srcs: net:u_riscv_top/div_result_md[5] net:u_riscv_top/divider/_1116_
	bbox = (571.2500, 303.9500) - (571.3500, 304.0500) on Layer M3
violation type: Short
	srcs: net:u_riscv_top/muxB2[15] net:u_riscv_top/net516
	bbox = (571.4500, 486.1500) - (571.5500, 486.2500) on Layer M3
violation type: Short
	srcs: net:u_riscv_top/TICK net:u_riscv_top/pipeline_register3/_032_
	bbox = (571.6700, 528.7500) - (572.1900, 528.8500) on Layer M3
violation type: Short
	srcs: net:i_decode[21] net:u_riscv_top/div_result_md[25]
	bbox = (571.8500, 271.9500) - (571.9500, 272.0500) on Layer M3
violation type: Short
	srcs: net:u_riscv_top/mux3/_0699_ net:u_riscv_top/mux3/_0747_
	bbox = (571.8500, 433.5500) - (571.9500, 433.6500) on Layer M3
violation type: Short
	srcs: net:u_data_mem/_35552_ net:u_data_mem/_40738_
	bbox = (571.8500, 886.3500) - (571.9500, 886.4500) on Layer M3
violation type: Short
	srcs: net:u_data_mem/_40950_ net:u_data_mem/_40965_
	bbox = (572.0500, 910.7500) - (572.1500, 910.8500) on Layer M3
violation type: Short
	srcs: net:u_riscv_top/h1[15] net:u_riscv_top/mux3/_0726_
	bbox = (572.4100, 438.5500) - (572.5900, 438.6500) on Layer M3
violation type: Short
	srcs: net:u_riscv_top/muxB0[29] net:u_riscv_top/divider/_1464_
	bbox = (572.4500, 300.3500) - (572.5500, 300.4500) on Layer M3
violation type: Short
	srcs: net:u_riscv_top/muxB5[12] net:u_riscv_top/mux3/_0699_
	bbox = (572.4500, 433.1500) - (572.5500, 433.2500) on Layer M3
violation type: Short
	srcs: net:u_riscv_top/h1[15] net:u_riscv_top/mux3/_0726_
	bbox = (572.4500, 438.5500) - (572.5500, 438.6500) on Layer M3
violation type: Short
	srcs: net:u_riscv_top/CSR_Register/_0710_ net:u_riscv_top/CSR_Register/spi_q
	bbox = (572.4500, 514.5500) - (572.5500, 514.6500) on Layer M3
violation type: Short
	srcs: net:u_riscv_top/TICK net:u_riscv_top/CSR_Register/_1140_
	bbox = (572.8500, 528.7500) - (572.9500, 528.8500) on Layer M3
violation type: Short
	srcs: net:u_riscv_top/stallF net:u_riscv_top/CSR_Register/_1140_
	bbox = (572.8500, 528.9500) - (572.9500, 529.0500) on Layer M3
violation type: Short
	srcs: net:u_riscv_top/ALU/alu/_1886_ net:u_riscv_top/ALU/alu/_2588_
	bbox = (572.9500, 368.7500) - (573.0500, 368.8500) on Layer M3
violation type: Short
	srcs: net:u_riscv_top/ResultSrc[0] net:u_riscv_top/CSR_Register/mtvec1[27]
	bbox = (572.9500, 518.5500) - (573.0500, 518.6500) on Layer M3
violation type: Short
	srcs: net:u_riscv_top/CSR_Register/_1408_ net:u_riscv_top/CSR_Register/mtvec1[27]
	bbox = (572.9500, 518.7500) - (573.0500, 518.8500) on Layer M3
violation type: Short
	srcs: net:mem_addr[0] net:u_data_mem/_35532_
	bbox = (572.9500, 754.9500) - (573.0500, 755.0500) on Layer M3
violation type: Short
	srcs: net:u_riscv_top/ALU/int_alu_result[1] net:u_riscv_top/ALU/int_alu_result[2]
	bbox = (573.0500, 361.7500) - (573.1500, 361.8500) on Layer M3
violation type: Short
	srcs: net:u_riscv_top/CSR_Register/_1140_ net:u_riscv_top/net43
	bbox = (573.0500, 528.3500) - (573.1500, 528.4500) on Layer M3
violation type: Short
	srcs: net:u_data_mem/_40759_ net:u_data_mem/_40764_
	bbox = (573.2500, 869.1500) - (573.3500, 869.2500) on Layer M3
violation type: Short
	srcs: net:u_riscv_top/TICK net:u_riscv_top/net1348
	bbox = (573.6500, 235.9500) - (573.7500, 236.0500) on Layer M3
violation type: Short
	srcs: net:u_data_mem/_35567_ net:u_data_mem/_36466_
	bbox = (573.8500, 656.7500) - (573.9500, 656.8500) on Layer M3
violation type: Short
	srcs: net:mem_wdata[14] net:u_data_mem/_40931_
	bbox = (573.8500, 874.3500) - (573.9500, 874.4500) on Layer M3
violation type: Short
	srcs: net:u_data_mem/_19061_ net:u_data_mem/_38380_
	bbox = (574.2500, 973.5500) - (574.3500, 973.6500) on Layer M3
violation type: Short
	srcs: net:u_riscv_top/net498 net:u_riscv_top/net514
	bbox = (574.4500, 525.3500) - (574.5500, 525.4500) on Layer M3
violation type: Short
	srcs: net:u_data_mem/_35571_ net:u_data_mem/_38295_
	bbox = (575.2500, 956.3500) - (575.3500, 956.4500) on Layer M3
violation type: Short
	srcs: net:u_data_mem/_35551_ net:u_data_mem/_38049_
	bbox = (575.4500, 654.9500) - (575.5500, 655.0500) on Layer M3
violation type: Short
	srcs: net:mem_wdata[15] net:u_data_mem/_21937_
	bbox = (575.6500, 708.9500) - (575.7500, 709.0500) on Layer M3
violation type: Short
	srcs: net:SrcB_sim_i[26] net:u_riscv_top/ALU/alu/_2609_
	bbox = (576.6500, 397.7500) - (576.7500, 397.8500) on Layer M3
violation type: Short
	srcs: net:SrcB_sim_i[26] net:u_riscv_top/ALU/alu/_2089_
	bbox = (576.6500, 397.9500) - (576.7500, 398.0500) on Layer M3
violation type: Short
	srcs: net:RD4_sim[26] net:u_riscv_top/rst_fft_n
	bbox = (577.8500, 172.9500) - (577.9500, 173.0500) on Layer M3
violation type: Short
	srcs: net:u_riscv_top/CSR_Register/_1416_ net:u_riscv_top/CSR_Register/mtvec1[16]
	bbox = (578.0700, 478.3500) - (578.1900, 478.4500) on Layer M3
violation type: Short
	srcs: net:u_riscv_top/ALU/int_alu_result[2] net:u_riscv_top/ALU/alu/_2432_
	bbox = (578.8100, 360.5500) - (578.9900, 360.6500) on Layer M3
violation type: Short
	srcs: net:u_riscv_top/ALU/int_alu_result[2] net:u_riscv_top/ALU/alu/_2432_
	bbox = (578.8500, 360.5500) - (578.9500, 360.6500) on Layer M3
violation type: Short
	srcs: net:u_riscv_top/CSR_Register/_1405_ net:u_riscv_top/CSR_Register/_1415_
	bbox = (578.8500, 478.5500) - (578.9500, 478.6500) on Layer M3
violation type: Short
	srcs: net:u_riscv_top/CSR_Register/_1405_ net:u_riscv_top/net467
	bbox = (579.4500, 478.9500) - (579.5500, 479.0500) on Layer M3
violation type: Short
	srcs: net:u_riscv_top/ALU/int_alu_result[4] net:u_riscv_top/ALU/int_alu_result[7]
	bbox = (579.6500, 360.1500) - (579.7500, 360.2500) on Layer M3
violation type: Short
	srcs: net:u_riscv_top/h2[28] net:u_riscv_top/u_bridge_core_to_div/net2065
	bbox = (580.6500, 330.7500) - (580.7500, 330.8500) on Layer M3
violation type: Short
	srcs: net:u_data_mem/_41114_ net:u_data_mem/bank2\[16\][4]
	bbox = (580.8500, 646.3500) - (580.9500, 646.4500) on Layer M3
violation type: Short
	srcs: net:u_riscv_top/mux8_1/_607_ net:u_riscv_top/u_bridge_core_to_div/net2076
	bbox = (581.2500, 280.5500) - (581.3500, 280.6500) on Layer M3
violation type: Short
	srcs: net:u_data_mem/_36236_ net:u_data_mem/_37749_
	bbox = (582.0500, 942.7500) - (582.1500, 942.8500) on Layer M3
violation type: Short
	srcs: net:u_data_mem/_22094_ net:u_data_mem/_41032_
	bbox = (582.2500, 721.9500) - (582.3500, 722.0500) on Layer M3
violation type: Short
	srcs: net:u_riscv_top/CSR_Register/_1529_ net:u_riscv_top/net330
	bbox = (584.4500, 502.3500) - (584.5500, 502.4500) on Layer M3
violation type: Short
	srcs: net:u_data_mem/_18149_ net:u_data_mem/bank3\[38\][30]
	bbox = (584.8500, 853.1500) - (584.9500, 853.2500) on Layer M3
violation type: Short
	srcs: net:mem_wdata[5] net:u_data_mem/_36989_
	bbox = (584.8500, 862.3500) - (584.9500, 862.4500) on Layer M3
violation type: Short
	srcs: net:u_data_mem/_19036_ net:u_data_mem/_39406_
	bbox = (586.2500, 1005.9500) - (586.3500, 1006.0500) on Layer M3
violation type: Short
	srcs: net:u_riscv_top/h1[15] net:u_riscv_top/mux3/_0696_
	bbox = (588.0500, 438.7500) - (588.1500, 438.8500) on Layer M3
violation type: Short
	srcs: net:u_riscv_top/CSR_Register/_1140_ net:u_riscv_top/PC_inst/_034_
	bbox = (588.8100, 477.9500) - (588.9900, 478.0500) on Layer M3
violation type: Short
	srcs: net:u_riscv_top/CSR_Register/_1140_ net:u_riscv_top/PC_inst/_034_
	bbox = (588.8500, 477.9500) - (588.9500, 478.0500) on Layer M3
violation type: Short
	srcs: net:mem_wdata[5] net:u_data_mem/_36989_
	bbox = (589.4500, 862.3500) - (589.5500, 862.4500) on Layer M3
violation type: Short
	srcs: net:u_data_mem/_41041_ net:clknet_10_418__leaf_clk
	bbox = (589.8100, 676.1500) - (590.3300, 676.2500) on Layer M3
violation type: Short
	srcs: net:u_riscv_top/AluSrcB[0] net:u_riscv_top/muxB3[11]
	bbox = (590.0100, 438.1500) - (590.5300, 438.2500) on Layer M3
violation type: Short
	srcs: net:u_data_mem/_18164_ net:u_data_mem/_36241_
	bbox = (590.8500, 917.5500) - (590.9500, 917.6500) on Layer M3
violation type: Short
	srcs: net:u_data_mem/_19108_ net:u_data_mem/_35552_
	bbox = (591.0500, 978.9500) - (591.1500, 979.0500) on Layer M3
violation type: Short
	srcs: net:u_riscv_top/h1[15] net:u_riscv_top/muxB6[20]
	bbox = (591.4500, 438.7500) - (591.5500, 438.8500) on Layer M3
violation type: Short
	srcs: net:mem_addr[2] net:u_data_mem/_18204_
	bbox = (593.0500, 540.7500) - (593.1300, 540.8500) on Layer M3
violation type: Short
	srcs: net:mem_wdata[7] net:u_data_mem/_18221_
	bbox = (593.2500, 609.9500) - (593.3500, 610.0500) on Layer M3
violation type: Short
	srcs: net:u_data_mem/_35760_ net:u_data_mem/_41141_
	bbox = (593.2500, 962.7500) - (593.3500, 962.8500) on Layer M3
violation type: Short
	srcs: net:u_riscv_top/net152 net:u_riscv_top/CSR_Register/net827
	bbox = (593.4500, 523.9500) - (593.5500, 524.0500) on Layer M3
violation type: Short
	srcs: net:u_data_mem/_21969_ net:u_data_mem/_35546_
	bbox = (593.6500, 683.1500) - (593.7500, 683.2500) on Layer M3
violation type: Short
	srcs: net:u_data_mem/_21969_ net:u_data_mem/_35546_
	bbox = (593.6500, 683.1500) - (593.9500, 683.2500) on Layer M3
violation type: Short
	srcs: net:u_data_mem/_18709_ net:u_data_mem/_37969_
	bbox = (593.6500, 897.9500) - (593.7500, 898.0500) on Layer M3
violation type: Short
	srcs: net:u_riscv_top/ALU/alu/_1943_ net:u_riscv_top/ALU/alu/_2585_
	bbox = (593.8500, 370.5500) - (593.9500, 370.6500) on Layer M3
violation type: Short
	srcs: net:u_data_mem/_21969_ net:u_data_mem/_35546_
	bbox = (593.8500, 683.1500) - (593.9500, 683.2500) on Layer M3
violation type: Short
	srcs: net:rst net:u_data_mem/_18166_
	bbox = (593.8500, 1000.9500) - (593.9500, 1001.0500) on Layer M3
violation type: Short
	srcs: net:u_riscv_top/ALU/alu/_2392_ net:u_riscv_top/ALU/alu/_2454_
	bbox = (593.9500, 378.1500) - (594.0500, 378.2500) on Layer M3
violation type: Short
	srcs: net:u_riscv_top/h1[8] net:u_riscv_top/h2[29]
	bbox = (593.9500, 403.3500) - (594.0500, 403.4500) on Layer M3
violation type: Short
	srcs: net:WD5_sim[9] net:u_riscv_top/muxB2[31]
	bbox = (593.9500, 511.3500) - (594.0500, 511.4500) on Layer M3
violation type: Short
	srcs: net:u_data_mem/_35539_ net:u_data_mem/_35542_
	bbox = (593.9500, 699.5500) - (594.0500, 699.6500) on Layer M3
violation type: Short
	srcs: net:u_data_mem/_35551_ net:u_data_mem/_41062_
	bbox = (593.9500, 737.5500) - (594.0500, 737.6500) on Layer M3
violation type: Short
	srcs: net:mem_wdata[2] net:u_data_mem/_41117_
	bbox = (593.9500, 880.9500) - (594.0500, 881.0500) on Layer M3
violation type: Short
	srcs: net:u_data_mem/_35549_ net:u_data_mem/_41070_
	bbox = (594.0495, 961.5500) - (594.0505, 961.6500) on Layer M3
violation type: Short
	srcs: net:u_riscv_top/CSR_Register/_1522_ net:u_riscv_top/net330
	bbox = (594.0500, 501.9500) - (594.1500, 502.0500) on Layer M3
violation type: Short
	srcs: net:u_riscv_top/CSR_Register/_1529_ net:u_riscv_top/net330
	bbox = (594.0500, 502.1500) - (594.1500, 502.2500) on Layer M3
violation type: Short
	srcs: net:u_data_mem/_36729_ net:u_data_mem/_41075_
	bbox = (594.0500, 730.5500) - (594.1500, 730.6500) on Layer M3
violation type: Short
	srcs: net:u_data_mem/_40578_ net:u_data_mem/_41001_
	bbox = (594.0500, 876.9500) - (594.1500, 877.0500) on Layer M3
violation type: Short
	srcs: net:u_data_mem/_18644_ net:u_data_mem/_35539_
	bbox = (594.0700, 852.5500) - (594.5900, 852.6500) on Layer M3
violation type: Short
	srcs: net:u_riscv_top/h1[9] net:u_riscv_top/ALU/alu/_2176_
	bbox = (594.2500, 404.5500) - (594.3500, 404.6500) on Layer M3
violation type: Short
	srcs: net:u_riscv_top/CSR_Register/_1529_ net:u_riscv_top/CSR_Register/minstret[15]
	bbox = (594.2500, 487.3500) - (594.3500, 487.4500) on Layer M3
violation type: Short
	srcs: net:u_riscv_top/CSR_Register/_1529_ net:u_riscv_top/CSR_Register/minstret[15]
	bbox = (594.2500, 487.3500) - (594.5500, 487.4500) on Layer M3
violation type: Short
	srcs: net:u_data_mem/_18222_ net:u_data_mem/_35533_
	bbox = (594.2500, 628.5500) - (594.3500, 628.6500) on Layer M3
violation type: Short
	srcs: net:u_data_mem/_40466_ net:u_data_mem/_41112_
	bbox = (594.2500, 648.5500) - (594.3500, 648.6500) on Layer M3
violation type: Short
	srcs: net:u_data_mem/_35539_ net:u_data_mem/_41112_
	bbox = (594.2500, 648.7500) - (594.3500, 648.8500) on Layer M3
violation type: Short
	srcs: net:mem_addr[2] net:u_data_mem/_22084_
	bbox = (594.4100, 690.7500) - (594.4200, 690.8500) on Layer M3
violation type: Short
	srcs: net:u_riscv_top/CSR_Register/_1529_ net:u_riscv_top/CSR_Register/minstret[15]
	bbox = (594.4500, 487.3500) - (594.5500, 487.4500) on Layer M3
violation type: Short
	srcs: net:u_riscv_top/CSR_Register/_1411_ net:u_riscv_top/CSR_Register/_1524_
	bbox = (594.4500, 503.5500) - (594.5300, 503.6500) on Layer M3
violation type: Short
	srcs: net:u_data_mem/_35542_ net:u_data_mem/_37213_
	bbox = (594.4500, 867.7500) - (594.5500, 867.8500) on Layer M3
violation type: Short
	srcs: net:u_data_mem/_35542_ net:u_data_mem/_37213_
	bbox = (594.4500, 867.7500) - (594.7500, 867.8500) on Layer M3
violation type: Short
	srcs: net:u_data_mem/_37208_ net:u_data_mem/_39028_
	bbox = (594.6500, 794.9500) - (594.7500, 795.0500) on Layer M3
violation type: Short
	srcs: net:u_data_mem/_35542_ net:u_data_mem/_37213_
	bbox = (594.6500, 867.7500) - (594.7500, 867.8500) on Layer M3
violation type: Short
	srcs: net:i_decode[24] net:u_riscv_top/ALU/alu/_2266_
	bbox = (594.8500, 415.9500) - (594.9500, 416.0500) on Layer M3
violation type: Short
	srcs: net:u_data_mem/_35723_ net:u_data_mem/_38580_
	bbox = (594.8500, 606.7500) - (594.9500, 606.8500) on Layer M3
violation type: Short
	srcs: net:u_riscv_top/PC_NEXT_CSR[29] net:u_riscv_top/CSR_Register/_1529_
	bbox = (595.8100, 502.3500) - (595.9900, 502.4500) on Layer M3
violation type: Short
	srcs: net:u_riscv_top/muxB2[14] net:u_riscv_top/CSR_Register/_1414_
	bbox = (595.8500, 478.7500) - (595.9500, 478.8500) on Layer M3
violation type: Short
	srcs: net:u_riscv_top/PC_NEXT_CSR[29] net:u_riscv_top/CSR_Register/_1529_
	bbox = (595.8500, 502.3500) - (595.9500, 502.4500) on Layer M3
violation type: Short
	srcs: net:u_data_mem/_35542_ net:u_data_mem/_40200_
	bbox = (596.0500, 793.5500) - (596.1500, 793.6500) on Layer M3
violation type: Short
	srcs: net:WD5_sim[9] net:u_riscv_top/muxB2[31]
	bbox = (596.2500, 511.3500) - (596.3500, 511.4500) on Layer M3
violation type: Short
	srcs: net:u_riscv_top/CSR_Register/CSR_WD_r[30] net:u_riscv_top/CSR_Register/net1224
	bbox = (596.3100, 502.7500) - (596.3500, 502.8500) on Layer M3
violation type: Short
	srcs: net:u_riscv_top/CSR_Register/CSR_WD_r[30] net:u_riscv_top/CSR_Register/net1224
	bbox = (596.3100, 502.7500) - (596.8300, 502.8500) on Layer M3
violation type: Short
	srcs: net:u_riscv_top/CSR_Register/_1484_ net:u_riscv_top/CSR_Register/_1529_
	bbox = (596.4500, 502.3500) - (596.5500, 502.4500) on Layer M3
violation type: Short
	srcs: net:A3_sim[2] net:u_riscv_top/divider/_1589_
	bbox = (599.6100, 256.9500) - (600.1300, 257.0500) on Layer M3
violation type: Short
	srcs: net:mem_wdata[29] net:u_data_mem/_40738_
	bbox = (600.4500, 887.1500) - (600.5500, 887.2500) on Layer M3
violation type: Short
	srcs: net:mem_wdata[29] net:u_data_mem/_40738_
	bbox = (600.4500, 887.1500) - (600.7500, 887.2500) on Layer M3
violation type: Short
	srcs: net:mem_wdata[29] net:u_data_mem/_40738_
	bbox = (600.6500, 887.1500) - (600.7500, 887.2500) on Layer M3
violation type: Short
	srcs: net:u_riscv_top/pipeline_register3/_223_ net:clknet_10_500__leaf_clk
	bbox = (602.0500, 496.3500) - (602.1500, 496.4500) on Layer M3
violation type: Short
	srcs: net:u_riscv_top/ALU/int_alu_result[1] net:u_riscv_top/ALU/alu/_2559_
	bbox = (603.6500, 362.1500) - (603.7500, 362.2500) on Layer M3
violation type: Short
	srcs: net:u_data_mem/_20910_ net:u_data_mem/_41107_
	bbox = (605.6500, 748.5500) - (605.7500, 748.6500) on Layer M3
violation type: Short
	srcs: net:u_riscv_top/divider/_1589_ net:u_riscv_top/mux8_1/_615_
	bbox = (606.4500, 257.5500) - (606.5500, 257.6500) on Layer M3
violation type: Short
	srcs: net:u_riscv_top/ALU/alu/_2220_ net:u_riscv_top/ALU/alu/_2441_
	bbox = (607.2500, 388.5500) - (607.3500, 388.6500) on Layer M3
violation type: Short
	srcs: net:u_riscv_top/muxB2[31] net:u_riscv_top/mux3/_0698_
	bbox = (608.6100, 442.3500) - (608.7900, 442.4500) on Layer M3
violation type: Short
	srcs: net:u_riscv_top/muxB2[31] net:u_riscv_top/mux3/_0698_
	bbox = (608.6500, 442.3500) - (608.7500, 442.4500) on Layer M3
violation type: Short
	srcs: net:u_data_mem/_41034_ net:u_data_mem/_41254_
	bbox = (608.8500, 591.7500) - (608.9500, 591.8500) on Layer M3
violation type: Short
	srcs: net:u_riscv_top/divider/_1390_ net:u_riscv_top/divider/_1448_
	bbox = (609.4500, 305.5500) - (609.5500, 305.6500) on Layer M3
violation type: Short
	srcs: net:u_data_mem/_36729_ net:u_data_mem/_41064_
	bbox = (609.6500, 730.5500) - (609.7500, 730.6500) on Layer M3
violation type: Short
	srcs: net:WD5_sim[2] net:u_riscv_top/CSR_Register/_0774_
	bbox = (610.4500, 487.9500) - (610.5500, 488.0500) on Layer M3
violation type: Short
	srcs: net:u_data_mem/_38828_ net:u_data_mem/_39707_
	bbox = (610.4500, 847.5500) - (610.5500, 847.6500) on Layer M3
violation type: Short
	srcs: net:u_riscv_top/ALU/alu/_2274_ net:u_riscv_top/net402
	bbox = (611.0500, 419.5500) - (611.1500, 419.6500) on Layer M3
violation type: Short
	srcs: net:mem_wdata[20] net:u_data_mem/_35551_
	bbox = (611.2500, 906.7500) - (611.3500, 906.8500) on Layer M3
violation type: Short
	srcs: net:mem_wdata[20] net:u_data_mem/_35551_
	bbox = (611.2500, 906.7500) - (611.5500, 906.8500) on Layer M3
violation type: Short
	srcs: net:mem_wdata[20] net:u_data_mem/_35551_
	bbox = (611.4500, 906.7500) - (611.5500, 906.8500) on Layer M3
violation type: Short
	srcs: net:u_riscv_top/h1[8] net:u_riscv_top/h1[9]
	bbox = (613.2500, 403.3500) - (613.3500, 403.4500) on Layer M3
violation type: Short
	srcs: net:u_riscv_top/muxB2[0] net:u_riscv_top/CSR_Register/_1482_
	bbox = (614.2500, 475.3500) - (614.3500, 475.4500) on Layer M3
violation type: Short
	srcs: net:u_riscv_top/ALU/alu/_2264_ net:u_riscv_top/ALU/alu/_2445_
	bbox = (614.8500, 387.3500) - (614.9500, 387.4500) on Layer M3
violation type: Short
	srcs: net:u_riscv_top/pipeline_register3/_225_ net:u_riscv_top/net498
	bbox = (614.9500, 525.1500) - (615.0500, 525.2500) on Layer M3
violation type: Short
	srcs: net:u_data_mem/_35552_ net:u_data_mem/_39107_
	bbox = (614.9500, 639.3500) - (615.0500, 639.4500) on Layer M3
violation type: Short
	srcs: net:u_data_mem/_35534_ net:u_data_mem/_41032_
	bbox = (614.9500, 722.1500) - (615.0500, 722.2500) on Layer M3
violation type: Short
	srcs: net:u_data_mem/_35539_ net:u_data_mem/_35760_
	bbox = (614.9500, 962.7500) - (615.0500, 962.8500) on Layer M3
violation type: Short
	srcs: net:u_riscv_top/_229_ net:u_riscv_top/u_bridge_div_to_core/data_hold[22]
	bbox = (615.2500, 252.3500) - (615.3500, 252.4500) on Layer M3
violation type: Short
	srcs: net:u_riscv_top/ALU/int_alu_result[4] net:u_riscv_top/ALU/alu/_2537_
	bbox = (615.2500, 360.3500) - (615.3500, 360.4500) on Layer M3
violation type: Short
	srcs: net:u_riscv_top/net493 net:u_riscv_top/net500
	bbox = (615.4500, 527.7500) - (615.5500, 527.8500) on Layer M3
violation type: Short
	srcs: net:u_riscv_top/divider/_1390_ net:u_riscv_top/divider/_1448_
	bbox = (616.0500, 305.7500) - (616.1500, 305.8500) on Layer M3
violation type: Short
	srcs: net:u_riscv_top/ALU/int_alu_result[11] net:u_riscv_top/ALU/alu/_2338_
	bbox = (616.0500, 365.1500) - (616.1500, 365.2500) on Layer M3
violation type: Short
	srcs: net:u_riscv_top/ALU/alu/_2264_ net:u_riscv_top/ALU/alu/_2445_
	bbox = (616.0500, 387.1500) - (616.1500, 387.2500) on Layer M3
violation type: Short
	srcs: net:mem_addr[2] net:u_data_mem/_41254_
	bbox = (616.0500, 541.9500) - (616.1500, 542.0500) on Layer M3
violation type: Short
	srcs: net:u_riscv_top/ALU/alu/_2264_ net:u_riscv_top/ALU/alu/_2445_
	bbox = (617.4500, 387.1500) - (617.5500, 387.2500) on Layer M3
violation type: Short
	srcs: net:u_riscv_top/ALU/alu/_2267_ net:u_riscv_top/ALU/alu/_2269_
	bbox = (617.8500, 415.5500) - (617.9500, 415.6500) on Layer M3
violation type: Short
	srcs: net:u_riscv_top/ALU/alu/_2254_ net:u_riscv_top/ALU/alu/_2662_
	bbox = (619.0500, 414.5500) - (619.1500, 414.6500) on Layer M3
violation type: Short
	srcs: net:u_riscv_top/ALU/alu/_2191_ net:u_riscv_top/ALU/alu/_2265_
	bbox = (619.4500, 406.3500) - (619.5500, 406.4500) on Layer M3
violation type: Short
	srcs: net:u_data_mem/_37353_ net:u_data_mem/_39334_
	bbox = (620.4500, 825.9500) - (620.5500, 826.0500) on Layer M3
violation type: Short
	srcs: net:A3_sim[2] net:u_riscv_top/mux8_1/_615_
	bbox = (620.8500, 257.1500) - (620.9500, 257.2500) on Layer M3
violation type: Short
	srcs: net:u_data_mem/_37022_ net:clknet_10_415__leaf_clk
	bbox = (621.0500, 615.3500) - (621.1500, 615.4500) on Layer M3
violation type: Short
	srcs: net:u_riscv_top/ALU/alu/_1965_ net:u_riscv_top/ALU/alu/_2233_
	bbox = (621.2500, 363.7500) - (621.3500, 363.8500) on Layer M3
violation type: Short
	srcs: net:u_riscv_top/muxB2[3] net:u_riscv_top/CSR_Register/_1482_
	bbox = (621.8500, 475.5500) - (621.9500, 475.6500) on Layer M3
violation type: Short
	srcs: net:SrcB_sim_i[3] net:u_riscv_top/ALU/alu/_2514_
	bbox = (622.2100, 388.3500) - (622.3900, 388.4500) on Layer M3
violation type: Short
	srcs: net:SrcB_sim_i[3] net:u_riscv_top/ALU/alu/_2514_
	bbox = (622.2500, 388.3500) - (622.3500, 388.4500) on Layer M3
violation type: Short
	srcs: net:u_riscv_top/CSR_Register/_1405_ net:u_riscv_top/CSR_Register/trap_r
	bbox = (623.2100, 475.9500) - (623.7300, 476.0500) on Layer M3
violation type: Short
	srcs: net:u_riscv_top/ALU/int_alu_result[11] net:u_riscv_top/ALU/alu/_2338_
	bbox = (624.4500, 365.5500) - (624.5500, 365.6500) on Layer M3
violation type: Short
	srcs: net:u_riscv_top/ALU/alu/_2264_ net:u_riscv_top/ALU/alu/_2441_
	bbox = (624.4500, 387.1500) - (624.5500, 387.2500) on Layer M3
violation type: Short
	srcs: net:u_riscv_top/ALU/int_alu_result[11] net:u_riscv_top/ALU/alu/_2338_
	bbox = (626.0500, 365.5500) - (626.1500, 365.6500) on Layer M3
violation type: Short
	srcs: net:u_riscv_top/PC_NEXT_CSR[14] net:u_riscv_top/start_fp_add
	bbox = (626.4500, 466.1500) - (626.5500, 466.2500) on Layer M3
violation type: Short
	srcs: net:SrcA_sim_i[31] net:u_riscv_top/ALU/alu/_2175_
	bbox = (626.8100, 407.1500) - (627.3300, 407.2500) on Layer M3
violation type: Short
	srcs: net:u_riscv_top/CSR_Register/minstret[13] net:u_riscv_top/net337
	bbox = (627.6500, 501.7500) - (627.7500, 501.8500) on Layer M3
violation type: Short
	srcs: net:u_data_mem/_18252_ net:u_data_mem/_41404_
	bbox = (627.6500, 622.7500) - (627.7500, 622.8500) on Layer M3
violation type: Short
	srcs: net:u_riscv_top/CSR_Register/_0724_ net:u_riscv_top/CSR_Register/_1347_
	bbox = (628.0500, 478.9500) - (628.1500, 479.0500) on Layer M3
violation type: Short
	srcs: net:start_div_sim net:u_riscv_top/ALU/alu/_2558_
	bbox = (628.4500, 352.5500) - (628.5500, 352.6500) on Layer M3
violation type: Short
	srcs: net:u_riscv_top/ALU/int_alu_result[13] net:u_riscv_top/ALU/alu/_2620_
	bbox = (629.2500, 375.9500) - (629.3500, 376.0500) on Layer M3
violation type: Short
	srcs: net:u_riscv_top/div_req_data_b[49] net:u_riscv_top/h1[10]
	bbox = (630.2500, 304.1500) - (630.3500, 304.2500) on Layer M3
violation type: Short
	srcs: net:u_riscv_top/ALU/alu/_2247_ net:u_riscv_top/ALU/alu/_2585_
	bbox = (631.4500, 370.5500) - (631.5500, 370.6500) on Layer M3
violation type: Short
	srcs: net:u_data_mem/_35539_ net:u_data_mem/_37353_
	bbox = (631.8500, 825.9500) - (631.9500, 826.0500) on Layer M3
violation type: Short
	srcs: net:rst net:u_riscv_top/CSR_Register/_1175_
	bbox = (634.4500, 470.3500) - (634.5500, 470.4500) on Layer M3
violation type: Short
	srcs: net:u_data_mem/_19151_ net:u_data_mem/_40192_
	bbox = (635.0500, 978.9500) - (635.1500, 979.0500) on Layer M3
violation type: Short
	srcs: net:u_riscv_top/CSR_Register/_1579_ net:u_riscv_top/pipeline_register3/_242_
	bbox = (635.2500, 493.3500) - (635.3500, 493.4500) on Layer M3
violation type: Short
	srcs: net:u_data_mem/_35572_ net:u_data_mem/_35949_
	bbox = (635.4500, 820.7500) - (635.5500, 820.8500) on Layer M3
violation type: Short
	srcs: net:SrcA_sim_i[31] net:u_riscv_top/ALU/alu/_2265_
	bbox = (635.6500, 406.5500) - (635.7500, 406.6500) on Layer M3
violation type: Short
	srcs: net:u_data_mem/_35539_ net:u_data_mem/_35546_
	bbox = (635.6500, 621.3500) - (635.7500, 621.4500) on Layer M3
violation type: Short
	srcs: net:u_riscv_top/ALU/int_alu_result[1] net:u_riscv_top/ALU/int_alu_result[2]
	bbox = (635.9500, 362.1500) - (636.0500, 362.2500) on Layer M3
violation type: Short
	srcs: net:u_riscv_top/muxB2[1] net:u_riscv_top/net354
	bbox = (635.9500, 480.3500) - (636.0500, 480.4500) on Layer M3
violation type: Short
	srcs: net:u_data_mem/_36282_ net:u_data_mem/_41153_
	bbox = (635.9500, 907.1500) - (636.0500, 907.2500) on Layer M3
violation type: Short
	srcs: net:mem_wdata[19] net:u_data_mem/_40192_
	bbox = (636.0500, 978.5500) - (636.1500, 978.6500) on Layer M3
violation type: Short
	srcs: net:u_riscv_top/ALU/alu/_2392_ net:u_riscv_top/ALU/alu/_2419_
	bbox = (636.2500, 379.9500) - (636.3500, 380.0500) on Layer M3
violation type: Short
	srcs: net:u_riscv_top/ALU/alu/_2468_ net:u_riscv_top/ALU/alu/_2656_
	bbox = (636.6500, 393.9500) - (636.7500, 394.0500) on Layer M3
violation type: Short
	srcs: net:u_riscv_top/ALU/alu/_2519_ net:u_riscv_top/ALU/alu/_2520_
	bbox = (638.2500, 358.1500) - (638.3500, 358.2500) on Layer M3
violation type: Short
	srcs: net:SrcA_sim_i[12] net:u_riscv_top/ALU/int_alu_result[0]
	bbox = (639.4500, 401.1500) - (639.5500, 401.2500) on Layer M3
violation type: Short
	srcs: net:u_riscv_top/fft/fft_core/_2607_ net:u_riscv_top/fft/fft_core/t1_3_i[2]
	bbox = (646.4500, 217.9500) - (646.5500, 218.0500) on Layer M3
violation type: Short
	srcs: net:u_data_mem/_38371_ net:u_data_mem/bank3\[33\][14]
	bbox = (648.2500, 906.9500) - (648.3500, 907.0500) on Layer M3
violation type: Short
	srcs: net:u_riscv_top/ALU/alu/_2269_ net:u_riscv_top/ALU/alu/_2733_
	bbox = (649.6500, 413.9500) - (649.7500, 414.0500) on Layer M3
violation type: Short
	srcs: net:u_riscv_top/ALU/alu/_1964_ net:u_riscv_top/ALU/alu/_2730_
	bbox = (649.6500, 415.3500) - (649.7500, 415.4500) on Layer M3
violation type: Short
	srcs: net:u_riscv_top/ALU/alu/_1964_ net:u_riscv_top/ALU/alu/_2730_
	bbox = (649.6500, 415.3500) - (650.1300, 415.4500) on Layer M3
violation type: Short
	srcs: net:u_riscv_top/ALU/alu/_2247_ net:u_riscv_top/ALU/alu/_2585_
	bbox = (649.8500, 370.5500) - (649.9500, 370.6500) on Layer M3
violation type: Short
	srcs: net:i_decode[24] net:u_riscv_top/ALU/alu/_2272_
	bbox = (650.8500, 415.7500) - (650.9500, 415.8500) on Layer M3
violation type: Short
	srcs: net:u_riscv_top/PC_NEXT_CSR[10] net:u_riscv_top/muxB2[0]
	bbox = (653.8500, 474.9500) - (653.9500, 475.0500) on Layer M3
violation type: Short
	srcs: net:riscv_trans_done net:u_riscv_top/CSR_Register/mstatus[10]
	bbox = (656.2500, 492.9500) - (656.3500, 493.0500) on Layer M3
violation type: Short
	srcs: net:u_riscv_top/ALU/alu/_2191_ net:u_riscv_top/ALU/alu/_2270_
	bbox = (656.6500, 411.9500) - (656.7500, 412.0500) on Layer M3
violation type: Short
	srcs: net:u_riscv_top/CSR_Register/_1389_ net:u_riscv_top/CSR_Register/_1525_
	bbox = (656.6500, 501.9500) - (656.7500, 502.0500) on Layer M3
violation type: Short
	srcs: net:AluResultSrc[2] net:u_riscv_top/div_req_data_b[65]
	bbox = (656.8500, 277.3500) - (656.9500, 277.4500) on Layer M3
violation type: Short
	srcs: net:u_riscv_top/CSR_Register/_1389_ net:u_riscv_top/CSR_Register/_1577_
	bbox = (656.9500, 502.5500) - (657.0500, 502.6500) on Layer M3
violation type: Short
	srcs: net:u_riscv_top/ALU/alu/_1859_ net:u_riscv_top/ALU/alu/_2228_
	bbox = (657.0500, 358.3500) - (657.1500, 358.4500) on Layer M3
violation type: Short
	srcs: net:i_decode[22] net:u_riscv_top/divider/_1356_
	bbox = (657.2500, 276.5500) - (657.3500, 276.6500) on Layer M3
violation type: Short
	srcs: net:u_riscv_top/fp_add_done_synced net:u_riscv_top/divider/_1685_
	bbox = (657.6500, 334.5500) - (657.7500, 334.6500) on Layer M3
violation type: Short
	srcs: net:i_decode[24] net:u_riscv_top/ALU/alu/_2272_
	bbox = (657.6500, 415.7500) - (657.7500, 415.8500) on Layer M3
violation type: Short
	srcs: net:i_decode[23] net:u_riscv_top/rst_div_n
	bbox = (658.0500, 261.1500) - (658.1500, 261.2500) on Layer M3
violation type: Short
	srcs: net:u_riscv_top/fft/fft_core/_3750_ net:u_riscv_top/fft/fft_core/p1_3_i[6]
	bbox = (658.2500, 185.3500) - (658.3500, 185.4500) on Layer M3
violation type: Short
	srcs: net:u_riscv_top/AluSrcA net:u_riscv_top/muxB7[25]
	bbox = (660.0500, 429.9500) - (660.1500, 430.0500) on Layer M3
violation type: Short
	srcs: net:u_riscv_top/divider/_1561_ net:u_riscv_top/mux8_1/_662_
	bbox = (660.4500, 267.9500) - (660.5500, 268.0500) on Layer M3
violation type: Short
	srcs: net:u_riscv_top/ALU/int_alu_result[8] net:u_riscv_top/ALU/alu/_1935_
	bbox = (660.6500, 361.7500) - (660.7500, 361.8500) on Layer M3
violation type: Short
	srcs: net:u_riscv_top/ALU/int_alu_result[4] net:u_riscv_top/ALU/alu/_2559_
	bbox = (662.2500, 360.5500) - (662.3500, 360.6500) on Layer M3
violation type: Short
	srcs: net:u_riscv_top/muxB7[26] net:u_riscv_top/pipeline_reg1/net982
	bbox = (662.8500, 446.1500) - (662.9500, 446.2500) on Layer M3
violation type: Short
	srcs: net:u_riscv_top/AluSrcA net:u_riscv_top/mux3/_0762_
	bbox = (665.4500, 429.7500) - (665.5500, 429.8500) on Layer M3
violation type: Short
	srcs: net:WD5_sim[20] net:u_riscv_top/ALU/alu/_1771_
	bbox = (665.6500, 386.5500) - (665.7500, 386.6500) on Layer M3
violation type: Short
	srcs: net:SrcB_sim_i[0] net:u_riscv_top/ALU/alu/_1954_
	bbox = (665.9500, 373.3500) - (666.0500, 373.4500) on Layer M3
violation type: Short
	srcs: net:AluResultSrc[2] net:u_riscv_top/divider/_1565_
	bbox = (666.0500, 277.3500) - (666.1500, 277.4500) on Layer M3
violation type: Short
	srcs: net:u_data_mem/_38834_ net:u_data_mem/_39695_
	bbox = (666.2500, 852.9500) - (666.3500, 853.0500) on Layer M3
violation type: Short
	srcs: net:u_riscv_top/CSR_Register/spi_q net:u_riscv_top/CSR_Register/net579
	bbox = (667.2100, 514.9500) - (667.3900, 515.0500) on Layer M3
violation type: Short
	srcs: net:u_riscv_top/CSR_Register/spi_q net:u_riscv_top/CSR_Register/net579
	bbox = (667.2500, 514.9500) - (667.3500, 515.0500) on Layer M3
violation type: Short
	srcs: net:u_riscv_top/fp_add_done_synced net:u_riscv_top/h2[3]
	bbox = (668.6500, 334.5500) - (668.7500, 334.6500) on Layer M3
violation type: Short
	srcs: net:u_data_mem/_35542_ net:u_data_mem/_40921_
	bbox = (671.6500, 909.5500) - (671.7500, 909.6500) on Layer M3
violation type: Short
	srcs: net:u_riscv_top/CSR_Register/_1389_ net:u_riscv_top/pipeline_reg2/_0422_
	bbox = (671.8500, 502.7500) - (671.9500, 502.8500) on Layer M3
violation type: Short
	srcs: net:u_riscv_top/CSR_Register/_1644_ net:u_riscv_top/controller/_1126_
	bbox = (672.4500, 520.1500) - (672.5500, 520.2500) on Layer M3
violation type: Short
	srcs: net:SrcA_sim_i[2] net:u_riscv_top/ALU/alu/_1830_
	bbox = (674.0500, 359.1500) - (674.1500, 359.2500) on Layer M3
violation type: Short
	srcs: net:u_riscv_top/mux3/_0701_ net:u_riscv_top/mux3/_0706_
	bbox = (674.2500, 438.9500) - (674.3500, 439.0500) on Layer M3
violation type: Short
	srcs: net:u_riscv_top/mux3/_0701_ net:u_riscv_top/mux3/_0706_
	bbox = (674.2500, 438.9500) - (674.5500, 439.0500) on Layer M3
violation type: Short
	srcs: net:u_riscv_top/mux3/_0701_ net:u_riscv_top/mux3/_0706_
	bbox = (674.4500, 438.9500) - (674.5500, 439.0500) on Layer M3
violation type: Short
	srcs: net:u_riscv_top/mux3/_0701_ net:u_riscv_top/mux3/_0706_
	bbox = (675.6500, 438.9500) - (675.7500, 439.0500) on Layer M3
violation type: Short
	srcs: net:u_riscv_top/h1[3] net:u_riscv_top/divider/_1439_
	bbox = (676.8500, 295.3500) - (676.9500, 295.4500) on Layer M3
violation type: Short
	srcs: net:u_riscv_top/pipeline_reg2/_0422_ net:u_riscv_top/pipeline_reg2/_0472_
	bbox = (677.0500, 502.3500) - (677.1500, 502.4500) on Layer M3
violation type: Short
	srcs: net:u_data_mem/_40191_ net:u_data_mem/_41209_
	bbox = (677.0500, 979.3500) - (677.1500, 979.4500) on Layer M3
violation type: Short
	srcs: net:u_riscv_top/h1[3] net:u_riscv_top/divider/is_div_zero
	bbox = (677.4500, 295.1500) - (677.5500, 295.2500) on Layer M3
violation type: Short
	srcs: net:rst net:u_riscv_top/muxB7[25]
	bbox = (678.0500, 430.9500) - (678.1500, 431.0500) on Layer M3
violation type: Short
	srcs: net:u_riscv_top/divider/_1207_ net:u_riscv_top/u_bridge_div_to_core/_006_
	bbox = (678.0700, 259.7500) - (678.5900, 259.8500) on Layer M3
violation type: Short
	srcs: net:u_riscv_top/h2[3] net:u_riscv_top/divider/_1718_
	bbox = (681.0500, 334.9500) - (681.1500, 335.0500) on Layer M3
violation type: Short
	srcs: net:riscv_trans_done net:u_riscv_top/TICK
	bbox = (681.4500, 492.9500) - (681.5500, 493.0500) on Layer M3
violation type: Short
	srcs: net:SrcB_sim_i[4] net:u_riscv_top/ALU/alu/_1937_
	bbox = (682.2500, 412.3500) - (682.3500, 412.4500) on Layer M3
violation type: Short
	srcs: net:u_riscv_top/mux3/_0781_ net:u_riscv_top/pipeline_reg1/net948
	bbox = (683.4700, 430.7500) - (683.9900, 430.8500) on Layer M3
violation type: Short
	srcs: net:u_data_mem/_18125_ net:u_data_mem/_38923_
	bbox = (684.4500, 955.7500) - (684.5500, 955.8500) on Layer M3
violation type: Short
	srcs: net:u_riscv_top/ALU/alu/_1958_ net:u_riscv_top/ALU/alu/_2051_
	bbox = (686.2500, 363.5500) - (686.3500, 363.6500) on Layer M3
violation type: Short
	srcs: net:SrcB_sim_i[4] net:u_riscv_top/muxB3[4]
	bbox = (690.4500, 412.3500) - (690.5500, 412.4500) on Layer M3
violation type: Short
	srcs: net:u_riscv_top/divider/_1191_ net:u_riscv_top/u_bridge_core_to_div/_348_
	bbox = (691.4100, 330.3500) - (691.9300, 330.4500) on Layer M3
violation type: Short
	srcs: net:SrcB_sim_i[1] net:u_riscv_top/mux3/_0776_
	bbox = (698.8500, 416.3500) - (698.9500, 416.4500) on Layer M3
violation type: Short
	srcs: net:u_riscv_top/mux3/_0696_ net:u_riscv_top/mux3/_0703_
	bbox = (698.9500, 433.9500) - (699.0500, 434.0500) on Layer M3
violation type: Short
	srcs: net:u_riscv_top/mux3/_0692_ net:u_riscv_top/net294
	bbox = (699.2500, 411.7500) - (699.3500, 411.8500) on Layer M3
violation type: Short
	srcs: net:u_riscv_top/mux3/_0692_ net:u_riscv_top/mux3/_0699_
	bbox = (699.2500, 411.9500) - (699.3500, 412.0500) on Layer M3
violation type: Short
	srcs: net:u_riscv_top/mux3/_0698_ net:u_riscv_top/mux3/_0809_
	bbox = (702.0500, 412.1500) - (702.1500, 412.2500) on Layer M3
violation type: Short
	srcs: net:u_riscv_top/AluSrcA net:u_riscv_top/mux3/_0701_
	bbox = (703.8500, 424.5500) - (703.9500, 424.6500) on Layer M3
violation type: Short
	srcs: net:u_riscv_top/CSR_Register/_1703_ net:u_riscv_top/controller/_1126_
	bbox = (704.0500, 519.9500) - (704.1500, 520.0500) on Layer M3
violation type: Short
	srcs: net:u_riscv_top/mux3/_0696_ net:u_riscv_top/mux3/_0705_
	bbox = (706.2500, 413.7500) - (706.3500, 413.8500) on Layer M3
violation type: Short
	srcs: net:u_riscv_top/sign net:u_riscv_top/net485
	bbox = (717.0500, 406.3500) - (717.1500, 406.4500) on Layer M3
violation type: Short
	srcs: net:u_riscv_top/mux3/_0815_ net:u_riscv_top/net402
	bbox = (720.2500, 419.1500) - (720.3500, 419.2500) on Layer M3
violation type: Short
	srcs: net:u_riscv_top/controller/state[0] net:clknet_10_303__leaf_clk
	bbox = (740.0500, 415.7500) - (740.1500, 415.8500) on Layer M3
violation type: Short
	srcs: net:u_riscv_top/controller/_1077_ net:u_riscv_top/controller/net2356
	bbox = (741.0500, 430.1500) - (741.1500, 430.2500) on Layer M3
violation type: Short
	srcs: net:u_riscv_top/controller/_1077_ net:u_riscv_top/controller/net2356
	bbox = (741.0500, 430.1500) - (741.3500, 430.2500) on Layer M3
violation type: Short
	srcs: net:u_riscv_top/controller/_1077_ net:u_riscv_top/controller/net2356
	bbox = (741.2500, 430.1500) - (741.3500, 430.2500) on Layer M3
violation type: Short
	srcs: net:u_riscv_top/controller/_1090_ net:u_riscv_top/controller/_1341_
	bbox = (749.2500, 442.5500) - (749.3500, 442.6500) on Layer M3
violation type: Short
	srcs: net:u_riscv_top/controller/_1096_ net:u_riscv_top/controller/_1097_
	bbox = (749.2500, 451.9500) - (749.3500, 452.0500) on Layer M3
violation type: Short
	srcs: net:u_riscv_top/controller/_1045_ net:u_riscv_top/controller/_1091_
	bbox = (761.6500, 425.1500) - (761.7500, 425.2500) on Layer M3
violation type: Short
	srcs: net:u_riscv_top/controller/_1087_ net:u_riscv_top/controller/_1091_
	bbox = (761.6500, 425.3500) - (761.7500, 425.4500) on Layer M3
violation type: Short
	srcs: net:u_riscv_top/controller/_1087_ net:u_riscv_top/controller/_1091_
	bbox = (761.6500, 425.3500) - (761.7900, 425.4500) on Layer M3
violation type: Short
	srcs: net:u_riscv_top/controller/state[0] net:u_riscv_top/net577
	bbox = (763.2500, 428.5500) - (763.3500, 428.6500) on Layer M3
violation type: Short
	srcs: net:u_riscv_top/controller/state[0] net:u_riscv_top/net577
	bbox = (763.2500, 428.5500) - (763.5500, 428.6500) on Layer M3
violation type: Short
	srcs: net:u_riscv_top/controller/state[0] net:u_riscv_top/net577
	bbox = (763.4500, 428.5500) - (763.5500, 428.6500) on Layer M3
violation type: Short
	srcs: net:u_riscv_top/controller/_1074_ net:u_riscv_top/net2220
	bbox = (782.9500, 442.5500) - (783.0500, 442.6500) on Layer M3
violation type: Short
	srcs: net:imem/_2136_ net:u_riscv_top/net469
	bbox = (825.0500, 411.5500) - (825.1500, 411.6500) on Layer M3
violation type: Short
	srcs: net:imem/_2119_ net:u_riscv_top/controller/_0691_
	bbox = (846.2500, 415.5500) - (846.3500, 415.6500) on Layer M3
violation type: Short
	srcs: net:imem/_2409_ net:u_riscv_top/net485
	bbox = (851.2500, 406.5500) - (851.3500, 406.6500) on Layer M3
violation type: Short
	srcs: net:imem/_2125_ net:imem/_3698_
	bbox = (857.6500, 340.3500) - (857.7500, 340.4500) on Layer M3
violation type: Short
	srcs: net:imem/mem\[12\][6] net:u_riscv_top/net485
	bbox = (863.4500, 406.7500) - (863.5500, 406.8500) on Layer M3
violation type: Short
	srcs: net:i_decode[18] net:clknet_10_329__leaf_clk
	bbox = (866.8500, 376.7500) - (866.9500, 376.8500) on Layer M3
violation type: Short
	srcs: net:imem_addr[3] net:u_riscv_top/controller/_1021_
	bbox = (866.9495, 368.9500) - (866.9505, 369.0500) on Layer M3
violation type: Short
	srcs: net:imem_addr[3] net:u_riscv_top/controller/_1021_
	bbox = (866.9495, 368.9500) - (866.9505, 369.2500) on Layer M3
violation type: Short
	srcs: net:imem_addr[3] net:u_riscv_top/controller/_1021_
	bbox = (866.9500, 369.1500) - (867.0500, 369.2500) on Layer M3
violation type: Short
	srcs: net:imem/_2120_ net:imem/_2135_
	bbox = (880.4500, 415.5500) - (880.5500, 415.6500) on Layer M3
violation type: Short
	srcs: net:imem/_3872_ net:u_riscv_top/controller/net2320
	bbox = (895.2500, 403.3500) - (895.3500, 403.4500) on Layer M3
violation type: Short
	srcs: net:imem/_3559_ net:u_riscv_top/controller/_0817_
	bbox = (898.8500, 412.5500) - (898.9300, 412.6500) on Layer M3
violation type: Short
	srcs: net:u_riscv_top/net364 net:u_riscv_top/net485
	bbox = (929.9500, 405.3500) - (930.0500, 405.4500) on Layer M3
violation type: Short
	srcs: net:imem_addr[3] net:imem/_2136_
	bbox = (943.6500, 415.9500) - (943.7500, 416.0500) on Layer M3
violation type: Short
	srcs: net:imem/_4064_ net:u_riscv_top/net999
	bbox = (949.6500, 394.1500) - (949.7500, 394.2500) on Layer M3
violation type: Short
	srcs: net:imem/_4068_ net:imem/_4086_
	bbox = (951.2500, 406.9500) - (951.3500, 407.0500) on Layer M3
violation type: Short
	srcs: net:imem/_2136_ net:imem/_3621_
	bbox = (951.2500, 415.7500) - (951.3500, 415.8500) on Layer M3
violation type: Short
	srcs: net:imem_addr[3] net:imem/_3621_
	bbox = (951.2500, 415.9500) - (951.3500, 416.0500) on Layer M3
violation type: Short
	srcs: net:imem/_4068_ net:imem/_4086_
	bbox = (954.8500, 406.9500) - (954.9500, 407.0500) on Layer M3
violation type: Short
	srcs: net:imem/_2136_ net:u_riscv_top/controller/_0691_
	bbox = (956.2500, 415.5500) - (956.3500, 415.6500) on Layer M3
violation type: Short
	srcs: net:imem_addr[3] net:imem/_3975_
	bbox = (972.6500, 416.1500) - (972.7500, 416.2500) on Layer M3
violation type: Short
	srcs: net:i_mem[7] net:i_mem[8]
	bbox = (992.0500, 511.5500) - (992.1500, 511.6500) on Layer M3
violation type: Short
	srcs: net:rst net:u_riscv_top/net485
	bbox = (1012.0100, 493.5500) - (1012.1900, 493.6500) on Layer M3
violation type: Short
	srcs: net:rst net:u_riscv_top/net485
	bbox = (1012.0500, 493.5500) - (1012.1500, 493.6500) on Layer M3
violation type: Short
	srcs: net:u_riscv_top/controller/_1026_ net:u_riscv_top/net364
	bbox = (1014.2500, 494.7500) - (1014.3500, 494.8500) on Layer M3
violation type: Short
	srcs: net:paddr_sim[7] net:u_apb_cdc_gpio/u_resp_bridge/_173_
	bbox = (109.2500, 530.5500) - (109.3500, 530.6500) on Layer M4
violation type: Short
	srcs: net:u_data_mem/_36047_ net:u_data_mem/_40386_
	bbox = (114.6500, 948.3500) - (114.7500, 948.4500) on Layer M4
violation type: Short
	srcs: net:pwdata_sim[15] net:u_gpio/busy
	bbox = (119.0500, 467.9500) - (119.1500, 468.0500) on Layer M4
violation type: Short
	srcs: net:rst_core_n net:u_gpio/_1384_
	bbox = (148.4500, 530.9500) - (148.5500, 531.0500) on Layer M4
violation type: Short
	srcs: net:u_gpio/_1384_ net:u_gpio/_1407_
	bbox = (148.6500, 530.9500) - (148.7500, 531.0500) on Layer M4
violation type: Short
	srcs: net:u_data_mem/_37839_ net:u_data_mem/_39979_
	bbox = (166.2500, 951.3500) - (166.3500, 951.4500) on Layer M4
violation type: Short
	srcs: net:rst net:u_gpio/int_enable_q[3]
	bbox = (168.8500, 530.9500) - (168.9500, 531.0500) on Layer M4
violation type: Short
	srcs: net:u_gpio/int_enable_q[3] net:net461
	bbox = (169.0500, 530.9500) - (169.1500, 531.0500) on Layer M4
violation type: Short
	srcs: net:u_gpio/_1432_ net:u_gpio/int_enable_q[3]
	bbox = (169.2500, 530.9500) - (169.3500, 531.0500) on Layer M4
violation type: Short
	srcs: net:mem_wdata[5] net:u_data_mem/_40233_
	bbox = (174.2500, 776.3500) - (174.3500, 776.4500) on Layer M4
violation type: Short
	srcs: net:u_data_mem/_38990_ net:u_data_mem/bank0\[35\][24]
	bbox = (174.4500, 952.3500) - (174.5500, 952.4500) on Layer M4
violation type: Short
	srcs: net:u_gpio/_1297_ net:net1893
	bbox = (178.2500, 509.9500) - (178.3500, 510.0500) on Layer M4
violation type: Short
	srcs: net:u_gpio/_1297_ net:net1893
	bbox = (178.2500, 509.9500) - (178.3500, 510.2500) on Layer M4
violation type: Short
	srcs: net:u_gpio/_1297_ net:net1893
	bbox = (178.2500, 510.1500) - (178.3500, 510.2500) on Layer M4
violation type: Short
	srcs: net:u_data_mem/_35552_ net:u_data_mem/_37513_
	bbox = (189.4500, 876.9500) - (189.5500, 877.0500) on Layer M4
violation type: Short
	srcs: net:u_data_mem/_22227_ net:u_data_mem/_41077_
	bbox = (204.0500, 909.1500) - (204.1500, 909.2500) on Layer M4
violation type: Short
	srcs: net:u_data_mem/_35549_ net:u_data_mem/_37853_
	bbox = (211.2500, 866.9500) - (211.3500, 867.0500) on Layer M4
violation type: Short
	srcs: net:u_data_mem/_39283_ net:u_data_mem/bank0\[7\][19]
	bbox = (212.0500, 845.9500) - (212.1500, 846.0500) on Layer M4
violation type: Short
	srcs: net:u_data_mem/_39283_ net:u_data_mem/bank0\[7\][19]
	bbox = (212.0500, 845.9500) - (212.3500, 846.0500) on Layer M4
violation type: Short
	srcs: net:u_data_mem/_39283_ net:u_data_mem/bank0\[7\][19]
	bbox = (212.2500, 845.9500) - (212.3500, 846.0500) on Layer M4
violation type: Short
	srcs: net:mem_wdata[18] net:u_data_mem/_39284_
	bbox = (212.4500, 719.9500) - (212.5500, 720.0500) on Layer M4
violation type: Short
	srcs: net:u_data_mem/_35542_ net:u_data_mem/_35551_
	bbox = (216.0495, 740.3500) - (216.0505, 740.6500) on Layer M4
violation type: Short
	srcs: net:u_data_mem/_35542_ net:u_data_mem/_35551_
	bbox = (216.0495, 740.5500) - (216.0505, 740.6500) on Layer M4
violation type: Short
	srcs: net:u_data_mem/_35542_ net:u_data_mem/_35551_
	bbox = (216.0500, 740.3500) - (216.1500, 740.4500) on Layer M4
violation type: Short
	srcs: net:u_data_mem/_18321_ net:u_data_mem/_40976_
	bbox = (218.0500, 656.9500) - (218.1500, 657.0500) on Layer M4
violation type: Short
	srcs: net:u_data_mem/_18367_ net:u_data_mem/_41259_
	bbox = (233.4500, 656.9500) - (233.5500, 657.0500) on Layer M4
violation type: Short
	srcs: net:u_data_mem/_40553_ net:u_data_mem/_40989_
	bbox = (235.0500, 866.5500) - (235.1500, 866.6500) on Layer M4
violation type: Short
	srcs: net:u_data_mem/_40553_ net:u_data_mem/_40989_
	bbox = (235.0500, 866.5500) - (235.1500, 867.0500) on Layer M4
violation type: Short
	srcs: net:u_data_mem/_40553_ net:u_data_mem/_40989_
	bbox = (235.0500, 866.9500) - (235.1500, 867.0500) on Layer M4
violation type: Short
	srcs: net:u_riscv_top/multiplier/_09672_ net:u_riscv_top/multiplier/_09870_
	bbox = (256.0500, 339.5500) - (256.1500, 339.6500) on Layer M4
violation type: Short
	srcs: net:u_data_mem/_38208_ net:u_data_mem/_40126_
	bbox = (256.4500, 740.9500) - (256.5500, 741.0500) on Layer M4
violation type: Short
	srcs: net:u_data_mem/_38208_ net:u_data_mem/_40126_
	bbox = (256.4500, 740.9500) - (256.7500, 741.0500) on Layer M4
violation type: Short
	srcs: net:u_data_mem/_38208_ net:u_data_mem/_40126_
	bbox = (256.6500, 740.9500) - (256.7500, 741.0500) on Layer M4
violation type: Short
	srcs: net:u_riscv_top/multiplier/_06925_ net:u_riscv_top/multiplier/_10321_
	bbox = (257.2500, 258.1500) - (257.3500, 258.2500) on Layer M4
violation type: Short
	srcs: net:mem_addr[1] net:u_data_mem/_37158_
	bbox = (258.0500, 782.9500) - (258.1500, 783.0500) on Layer M4
violation type: Short
	srcs: net:mem_addr[1] net:u_data_mem/_37158_
	bbox = (258.0500, 782.9500) - (258.3500, 783.0500) on Layer M4
violation type: Short
	srcs: net:mem_addr[1] net:u_data_mem/_37158_
	bbox = (258.2500, 782.9500) - (258.3500, 783.0500) on Layer M4
violation type: Short
	srcs: net:u_data_mem/_35620_ net:u_data_mem/_36953_
	bbox = (259.2500, 825.5100) - (259.3500, 825.6500) on Layer M4
violation type: Short
	srcs: net:u_data_mem/_35620_ net:u_data_mem/_36953_
	bbox = (259.2500, 825.5500) - (259.3500, 825.6500) on Layer M4
violation type: Short
	srcs: net:u_data_mem/_18190_ net:u_data_mem/_18266_
	bbox = (259.4500, 908.9500) - (259.5500, 909.0500) on Layer M4
violation type: Short
	srcs: net:mem_wdata[23] net:u_data_mem/_35592_
	bbox = (260.0500, 866.7500) - (260.1500, 866.8500) on Layer M4
violation type: Short
	srcs: net:mem_wdata[23] net:u_data_mem/_35592_
	bbox = (260.0500, 866.7500) - (260.1500, 867.0500) on Layer M4
violation type: Short
	srcs: net:mem_wdata[23] net:u_data_mem/_35592_
	bbox = (260.0500, 866.9500) - (260.1500, 867.0500) on Layer M4
violation type: Short
	srcs: net:mem_wdata[23] net:u_data_mem/_35592_
	bbox = (260.0500, 877.7500) - (260.1500, 877.8500) on Layer M4
violation type: Short
	srcs: net:mem_wdata[23] net:u_data_mem/_35592_
	bbox = (260.0500, 877.7500) - (260.1500, 878.0500) on Layer M4
violation type: Short
	srcs: net:mem_wdata[23] net:u_data_mem/_35592_
	bbox = (260.0500, 877.9500) - (260.1500, 878.0500) on Layer M4
violation type: Short
	srcs: net:u_data_mem/_37730_ net:u_data_mem/_41188_
	bbox = (266.6500, 705.9500) - (266.7500, 706.0500) on Layer M4
violation type: Short
	srcs: net:mem_wdata[3] net:u_data_mem/_18319_
	bbox = (271.2500, 537.1500) - (271.3500, 537.2500) on Layer M4
violation type: Short
	srcs: net:u_data_mem/_40984_ net:u_data_mem/_41022_
	bbox = (278.4500, 803.9500) - (278.5500, 804.0500) on Layer M4
violation type: Short
	srcs: net:mem_rdata[6] net:mem_wdata[22]
	bbox = (282.2500, 509.9500) - (282.3500, 510.0500) on Layer M4
violation type: Short
	srcs: net:mem_rdata[6] net:mem_wdata[22]
	bbox = (282.2500, 530.3500) - (282.3500, 530.4500) on Layer M4
violation type: Short
	srcs: net:mem_rdata[6] net:mem_wdata[22]
	bbox = (282.4500, 564.1500) - (282.5500, 564.2500) on Layer M4
violation type: Short
	srcs: net:u_data_mem/_35593_ net:u_data_mem/_40940_
	bbox = (282.4500, 986.7500) - (282.5500, 986.8500) on Layer M4
violation type: Short
	srcs: net:u_data_mem/_39622_ net:u_data_mem/_41255_
	bbox = (284.4500, 594.3500) - (284.5500, 594.4500) on Layer M4
violation type: Short
	srcs: net:u_data_mem/_39622_ net:u_data_mem/_41255_
	bbox = (284.4500, 594.3500) - (284.5500, 595.4500) on Layer M4
violation type: Short
	srcs: net:u_data_mem/_39622_ net:u_data_mem/_41255_
	bbox = (284.4500, 595.3500) - (284.5500, 595.4500) on Layer M4
violation type: Short
	srcs: net:riscv_wdata[4] net:u_data_mem/_35539_
	bbox = (286.4500, 489.5500) - (286.5500, 489.6500) on Layer M4
violation type: Short
	srcs: net:mem_wdata[22] net:u_data_mem/_41310_
	bbox = (288.2500, 719.3500) - (288.3500, 719.4500) on Layer M4
violation type: Short
	srcs: net:mem_wdata[22] net:u_data_mem/_41310_
	bbox = (288.2500, 719.9500) - (288.3500, 720.0500) on Layer M4
violation type: Short
	srcs: net:mem_wdata[22] net:u_data_mem/_41310_
	bbox = (288.2500, 726.9500) - (288.3500, 727.0500) on Layer M4
violation type: Short
	srcs: net:mem_wdata[8] net:u_data_mem/_41155_
	bbox = (289.2500, 908.7500) - (289.3500, 908.8500) on Layer M4
violation type: Short
	srcs: net:u_data_mem/_41020_ net:u_data_mem/_41257_
	bbox = (292.0500, 593.9500) - (292.1500, 594.0500) on Layer M4
violation type: Short
	srcs: net:u_data_mem/_41020_ net:u_data_mem/_41257_
	bbox = (292.0500, 593.9500) - (292.3500, 594.0500) on Layer M4
violation type: Short
	srcs: net:mem_wdata[29] net:u_data_mem/_18316_
	bbox = (292.2500, 530.9500) - (292.3500, 531.0500) on Layer M4
violation type: Short
	srcs: net:u_data_mem/_41020_ net:u_data_mem/_41257_
	bbox = (292.2500, 593.9500) - (292.3500, 594.0500) on Layer M4
violation type: Short
	srcs: net:u_riscv_top/multiplier/_10295_ net:u_riscv_top/multiplier/_10375_
	bbox = (297.8500, 403.9500) - (297.9500, 404.0500) on Layer M4
violation type: Short
	srcs: net:u_riscv_top/multiplier/_08081_ net:u_riscv_top/multiplier/_10405_
	bbox = (299.4500, 362.5500) - (299.5500, 362.6500) on Layer M4
violation type: Short
	srcs: net:u_data_mem/_35533_ net:u_data_mem/bank1\[61\][16]
	bbox = (300.8500, 677.9500) - (300.9500, 678.0500) on Layer M4
violation type: Short
	srcs: net:u_data_mem/_35533_ net:u_data_mem/bank1\[61\][16]
	bbox = (300.8500, 677.9500) - (301.1500, 678.0500) on Layer M4
violation type: Short
	srcs: net:u_data_mem/_35533_ net:u_data_mem/bank1\[61\][16]
	bbox = (301.0500, 677.9500) - (301.1500, 678.0500) on Layer M4
violation type: Short
	srcs: net:u_riscv_top/register_file/_06192_ net:u_riscv_top/register_file/_06202_
	bbox = (303.6500, 131.9500) - (303.7500, 132.0500) on Layer M4
violation type: Short
	srcs: net:u_riscv_top/register_file/_06199_ net:u_riscv_top/register_file/_06202_
	bbox = (307.0500, 195.1500) - (307.1500, 195.2500) on Layer M4
violation type: Short
	srcs: net:u_data_mem/_36021_ net:u_data_mem/bank1\[63\][21]
	bbox = (309.2500, 636.5500) - (309.3500, 636.6500) on Layer M4
violation type: Short
	srcs: net:u_data_mem/_36021_ net:u_data_mem/bank1\[63\][21]
	bbox = (309.2500, 636.5500) - (309.3500, 636.8500) on Layer M4
violation type: Short
	srcs: net:u_data_mem/_36021_ net:u_data_mem/bank1\[63\][21]
	bbox = (309.2500, 636.7500) - (309.3500, 636.8500) on Layer M4
violation type: Short
	srcs: net:mem_wdata[23] net:u_data_mem/_36021_
	bbox = (309.4500, 636.5500) - (309.5500, 636.6500) on Layer M4
violation type: Short
	srcs: net:mem_wdata[23] net:u_data_mem/bank1\[63\][21]
	bbox = (309.4500, 636.7500) - (309.5500, 636.8500) on Layer M4
violation type: Short
	srcs: net:u_data_mem/_35620_ net:u_data_mem/_36082_
	bbox = (313.8500, 845.3500) - (313.9500, 845.4500) on Layer M4
violation type: Short
	srcs: net:u_data_mem/_18317_ net:u_data_mem/_40160_
	bbox = (314.6500, 593.9500) - (314.7500, 594.0500) on Layer M4
violation type: Short
	srcs: net:u_data_mem/_18338_ net:u_data_mem/_40994_
	bbox = (316.8500, 705.9500) - (316.9500, 706.0500) on Layer M4
violation type: Short
	srcs: net:mem_wdata[28] net:u_data_mem/_40991_
	bbox = (319.6500, 929.7500) - (319.7500, 929.8500) on Layer M4
violation type: Short
	srcs: net:u_riscv_top/multiplier/_08232_ net:u_riscv_top/multiplier/_10337_
	bbox = (331.2500, 341.9500) - (331.3500, 342.0500) on Layer M4
violation type: Short
	srcs: net:u_data_mem/_35539_ net:u_data_mem/_41165_
	bbox = (331.2500, 677.9500) - (331.3500, 678.0500) on Layer M4
violation type: Short
	srcs: net:u_data_mem/_35544_ net:u_data_mem/_41165_
	bbox = (331.4500, 677.9500) - (331.5500, 678.0500) on Layer M4
violation type: Short
	srcs: net:u_riscv_top/register_file/_06216_ net:u_riscv_top/register_file/_10508_
	bbox = (331.8500, 215.1500) - (331.9500, 215.2500) on Layer M4
violation type: Short
	srcs: net:u_riscv_top/register_file/_06217_ net:u_riscv_top/register_file/_10508_
	bbox = (332.0500, 215.1500) - (332.1500, 215.2500) on Layer M4
violation type: Short
	srcs: net:u_data_mem/_35533_ net:u_data_mem/_36425_
	bbox = (332.0500, 635.9500) - (332.1500, 636.0500) on Layer M4
violation type: Short
	srcs: net:u_riscv_top/register_file/_09778_ net:u_riscv_top/register_file/_10513_
	bbox = (334.6500, 135.9500) - (334.7500, 136.0500) on Layer M4
violation type: Short
	srcs: net:u_data_mem/_41117_ net:u_data_mem/bank1\[38\][27]
	bbox = (363.8500, 614.9500) - (363.9500, 615.0500) on Layer M4
violation type: Short
	srcs: net:u_data_mem/_36155_ net:u_data_mem/_39824_
	bbox = (364.6500, 573.1500) - (364.7500, 573.2500) on Layer M4
violation type: Short
	srcs: net:u_data_mem/_36155_ net:u_data_mem/_39824_
	bbox = (364.6500, 573.1500) - (364.9500, 573.2500) on Layer M4
violation type: Short
	srcs: net:u_data_mem/_36155_ net:u_data_mem/_39824_
	bbox = (364.8500, 573.1500) - (364.9500, 573.2500) on Layer M4
violation type: Short
	srcs: net:wb_data_sim[10] net:u_data_mem/_18351_
	bbox = (376.8500, 551.9500) - (376.9500, 552.0500) on Layer M4
violation type: Short
	srcs: net:wb_data_sim[10] net:u_data_mem/_18351_
	bbox = (376.8500, 551.9500) - (377.1500, 552.0500) on Layer M4
violation type: Short
	srcs: net:wb_data_sim[10] net:u_data_mem/_18351_
	bbox = (377.0500, 551.9500) - (377.1500, 552.0500) on Layer M4
violation type: Short
	srcs: net:u_data_mem/_18343_ net:u_data_mem/_41210_
	bbox = (377.2500, 656.9500) - (377.3500, 657.0500) on Layer M4
violation type: Short
	srcs: net:u_data_mem/_35533_ net:u_data_mem/_41088_
	bbox = (381.6500, 635.9500) - (381.7500, 636.0500) on Layer M4
violation type: Short
	srcs: net:u_data_mem/_35533_ net:u_data_mem/_41088_
	bbox = (381.6500, 635.9500) - (381.9500, 636.0500) on Layer M4
violation type: Short
	srcs: net:u_data_mem/_38276_ net:u_data_mem/_41088_
	bbox = (381.6500, 715.3500) - (381.7500, 715.4500) on Layer M4
violation type: Short
	srcs: net:u_data_mem/_38276_ net:u_data_mem/_41088_
	bbox = (381.6500, 740.9500) - (381.7500, 741.0500) on Layer M4
violation type: Short
	srcs: net:u_data_mem/_35533_ net:u_data_mem/_41088_
	bbox = (381.8500, 635.9500) - (381.9500, 636.0500) on Layer M4
violation type: Short
	srcs: net:u_riscv_top/register_file/_09660_ net:u_riscv_top/register_file/_09775_
	bbox = (383.0500, 152.1500) - (383.1500, 152.2500) on Layer M4
violation type: Short
	srcs: net:u_data_mem/_35566_ net:u_data_mem/_41199_
	bbox = (384.0500, 845.9500) - (384.1500, 846.0500) on Layer M4
violation type: Short
	srcs: net:u_data_mem/_35566_ net:u_data_mem/_41199_
	bbox = (384.0500, 845.9500) - (384.1500, 846.6500) on Layer M4
violation type: Short
	srcs: net:u_data_mem/_35566_ net:u_data_mem/_41199_
	bbox = (384.0500, 846.5500) - (384.1500, 846.6500) on Layer M4
violation type: Short
	srcs: net:mem_rdata[14] net:u_data_mem/_37621_
	bbox = (384.2500, 612.9500) - (384.3500, 613.0500) on Layer M4
violation type: Short
	srcs: net:mem_rdata[14] net:u_data_mem/_37621_
	bbox = (384.2500, 635.9500) - (384.3500, 636.0500) on Layer M4
violation type: Short
	srcs: net:u_riscv_top/register_file/_06189_ net:u_riscv_top/register_file/_08050_
	bbox = (384.4500, 161.5500) - (384.5500, 161.6500) on Layer M4
violation type: Short
	srcs: net:u_riscv_top/register_file/_06189_ net:u_riscv_top/register_file/net2420
	bbox = (384.4500, 181.1500) - (384.5500, 181.2500) on Layer M4
violation type: Short
	srcs: net:u_riscv_top/register_file/_06189_ net:u_riscv_top/register_file/net2420
	bbox = (384.4500, 184.9500) - (384.5500, 185.0500) on Layer M4
violation type: Short
	srcs: net:u_riscv_top/register_file/regfile\[31\][18] net:u_riscv_top/net2371
	bbox = (386.4500, 257.9500) - (386.5500, 258.0500) on Layer M4
violation type: Short
	srcs: net:u_data_mem/_35551_ net:u_data_mem/_41102_
	bbox = (386.4500, 826.7500) - (386.5500, 826.8500) on Layer M4
violation type: Short
	srcs: net:u_data_mem/_35620_ net:u_data_mem/_35666_
	bbox = (386.8500, 656.9500) - (386.9500, 657.0500) on Layer M4
violation type: Short
	srcs: net:u_data_mem/_35620_ net:u_data_mem/_35666_
	bbox = (386.8500, 656.9500) - (387.1500, 657.0500) on Layer M4
violation type: Short
	srcs: net:u_data_mem/_35620_ net:u_data_mem/_35666_
	bbox = (387.0500, 656.9500) - (387.1500, 657.0500) on Layer M4
violation type: Short
	srcs: net:u_data_mem/_35593_ net:u_data_mem/_41029_
	bbox = (387.6500, 867.7500) - (387.7500, 867.8500) on Layer M4
violation type: Short
	srcs: net:u_data_mem/_35573_ net:u_data_mem/_37555_
	bbox = (388.8500, 825.5500) - (388.9500, 825.6500) on Layer M4
violation type: Short
	srcs: net:mem_rdata[15] net:u_riscv_top/net2434
	bbox = (389.0500, 508.7500) - (389.1500, 508.8500) on Layer M4
violation type: Short
	srcs: net:u_riscv_top/register_file/_08368_ net:u_riscv_top/net2434
	bbox = (389.4500, 257.9500) - (389.5500, 258.0500) on Layer M4
violation type: Short
	srcs: net:u_riscv_top/register_file/_06195_ net:u_riscv_top/net2434
	bbox = (389.6500, 194.9500) - (389.7500, 195.0500) on Layer M4
violation type: Short
	srcs: net:u_data_mem/_41027_ net:u_data_mem/_41051_
	bbox = (389.6500, 740.5500) - (389.7500, 740.6500) on Layer M4
violation type: Short
	srcs: net:u_riscv_top/FP_Adder/_1194_ net:net1318
	bbox = (389.8500, 430.5100) - (389.9500, 430.6900) on Layer M4
violation type: Short
	srcs: net:u_riscv_top/FP_Adder/_1194_ net:net1318
	bbox = (389.8500, 430.5500) - (389.9500, 430.6500) on Layer M4
violation type: Short
	srcs: net:u_data_mem/_40980_ net:u_data_mem/_41115_
	bbox = (391.4500, 635.9500) - (391.5500, 636.0500) on Layer M4
violation type: Short
	srcs: net:apb_addr[29] net:u_riscv_top/TICK
	bbox = (391.6500, 509.9500) - (391.7500, 510.0500) on Layer M4
violation type: Short
	srcs: net:mem_wdata[5] net:u_data_mem/_35601_
	bbox = (391.6500, 756.9500) - (391.7500, 757.0500) on Layer M4
violation type: Short
	srcs: net:u_data_mem/_35533_ net:u_riscv_top/TICK
	bbox = (391.8500, 509.9500) - (391.9500, 510.0500) on Layer M4
violation type: Short
	srcs: net:u_data_mem/_41069_ net:u_data_mem/_41074_
	bbox = (391.8500, 861.1500) - (391.9500, 861.2500) on Layer M4
violation type: Short
	srcs: net:u_riscv_top/register_file/_07229_ net:u_riscv_top/register_file/_07234_
	bbox = (392.2500, 110.9100) - (392.3500, 111.0500) on Layer M4
violation type: Short
	srcs: net:u_riscv_top/register_file/_07229_ net:u_riscv_top/register_file/_07234_
	bbox = (392.2500, 110.9500) - (392.3500, 111.0500) on Layer M4
violation type: Short
	srcs: net:u_data_mem/_35542_ net:u_data_mem/_35544_
	bbox = (392.2500, 510.3100) - (392.3500, 510.4500) on Layer M4
violation type: Short
	srcs: net:u_data_mem/_35542_ net:u_data_mem/_35544_
	bbox = (392.2500, 510.3500) - (392.3500, 510.4500) on Layer M4
violation type: Short
	srcs: net:u_data_mem/_18118_ net:u_data_mem/_40961_
	bbox = (392.2500, 825.3500) - (392.3500, 825.4500) on Layer M4
violation type: Short
	srcs: net:u_data_mem/_35542_ net:u_data_mem/_35544_
	bbox = (392.4500, 528.5500) - (392.5500, 528.6500) on Layer M4
violation type: Short
	srcs: net:u_data_mem/_18233_ net:u_data_mem/_35611_
	bbox = (392.4500, 698.9500) - (392.5500, 699.0500) on Layer M4
violation type: Short
	srcs: net:A2_sim[2] net:u_riscv_top/register_file/_09662_
	bbox = (393.0500, 260.3500) - (393.1500, 260.4500) on Layer M4
violation type: Short
	srcs: net:u_data_mem/_18215_ net:u_data_mem/_35593_
	bbox = (393.2500, 635.7100) - (393.3500, 636.0500) on Layer M4
violation type: Short
	srcs: net:u_data_mem/_18215_ net:u_data_mem/_35593_
	bbox = (393.2500, 635.9500) - (393.3500, 636.0500) on Layer M4
violation type: Short
	srcs: net:u_data_mem/_35544_ net:u_data_mem/_35593_
	bbox = (393.4500, 636.5500) - (393.5500, 636.6500) on Layer M4
violation type: Short
	srcs: net:u_data_mem/_35582_ net:u_data_mem/_41098_
	bbox = (393.6500, 719.9500) - (393.7500, 720.0500) on Layer M4
violation type: Short
	srcs: net:u_data_mem/_35582_ net:u_data_mem/_41098_
	bbox = (393.6500, 719.9500) - (393.9500, 720.0500) on Layer M4
violation type: Short
	srcs: net:u_data_mem/_35582_ net:u_data_mem/_41098_
	bbox = (393.8500, 719.9500) - (393.9500, 720.0500) on Layer M4
violation type: Short
	srcs: net:u_riscv_top/register_file/_07236_ net:u_riscv_top/register_file/_09660_
	bbox = (394.0500, 72.9500) - (394.1500, 73.0500) on Layer M4
violation type: Short
	srcs: net:u_data_mem/_41072_ net:clknet_10_922__leaf_clk
	bbox = (394.0500, 887.9500) - (394.1500, 888.0500) on Layer M4
violation type: Short
	srcs: net:wb_data_sim[5] net:u_data_mem/_41134_
	bbox = (396.2500, 551.5500) - (396.3500, 551.6500) on Layer M4
violation type: Short
	srcs: net:WD5_sim[12] net:u_riscv_top/h1[9]
	bbox = (397.0500, 424.3500) - (397.1500, 424.4500) on Layer M4
violation type: Short
	srcs: net:riscv_addr[5] net:u_riscv_top/net2441
	bbox = (397.6500, 425.9500) - (397.7500, 426.0500) on Layer M4
violation type: Short
	srcs: net:u_data_mem/_35537_ net:u_data_mem/_41205_
	bbox = (399.4500, 593.1500) - (399.5500, 593.2500) on Layer M4
violation type: Short
	srcs: net:u_data_mem/_35610_ net:u_data_mem/_41118_
	bbox = (399.6500, 656.9500) - (399.7500, 657.0500) on Layer M4
violation type: Short
	srcs: net:u_riscv_top/register_file/_09775_ net:u_riscv_top/register_file/net2417
	bbox = (403.8500, 169.9500) - (403.9500, 170.0500) on Layer M4
violation type: Short
	srcs: net:mem_wdata[23] net:u_data_mem/_18116_
	bbox = (406.8500, 803.9500) - (406.9500, 804.0500) on Layer M4
violation type: Short
	srcs: net:u_riscv_top/FP_Adder/_1127_ net:u_riscv_top/FP_Adder/zeroB
	bbox = (407.2500, 362.5500) - (407.3500, 362.6500) on Layer M4
violation type: Short
	srcs: net:u_riscv_top/register_file/_06188_ net:u_riscv_top/register_file/_10519_
	bbox = (408.8500, 83.5500) - (408.9500, 83.6500) on Layer M4
violation type: Short
	srcs: net:u_riscv_top/FP_Adder/_1985_ net:u_riscv_top/FP_Adder/sum_reg[15]
	bbox = (409.2500, 425.1500) - (409.3500, 425.2500) on Layer M4
violation type: Short
	srcs: net:u_data_mem/_35542_ net:u_data_mem/_40954_
	bbox = (409.2500, 875.7500) - (409.3500, 875.8500) on Layer M4
violation type: Short
	srcs: net:u_riscv_top/register_file/_07228_ net:u_riscv_top/register_file/_09366_
	bbox = (409.8500, 103.7500) - (409.9500, 103.8500) on Layer M4
violation type: Short
	srcs: net:mem_wdata[19] net:u_data_mem/_21285_
	bbox = (409.8500, 740.9500) - (409.9500, 741.0500) on Layer M4
violation type: Short
	srcs: net:mem_wdata[14] net:u_data_mem/_40173_
	bbox = (413.6500, 887.9500) - (413.7500, 888.0500) on Layer M4
violation type: Short
	srcs: net:u_riscv_top/register_file/_07232_ net:u_riscv_top/register_file/net2380
	bbox = (414.2500, 237.3500) - (414.3500, 237.4500) on Layer M4
violation type: Short
	srcs: net:u_data_mem/_18240_ net:u_riscv_top/register_file/net2389
	bbox = (414.6500, 495.3500) - (414.7500, 495.4500) on Layer M4
violation type: Short
	srcs: net:u_riscv_top/FP_Adder/fracA[5] net:u_riscv_top/register_file/net2380
	bbox = (416.2500, 422.3500) - (416.3500, 422.4500) on Layer M4
violation type: Short
	srcs: net:u_riscv_top/u_bridge_core_to_fp_add/data_hold[40] net:u_riscv_top/register_file/net2380
	bbox = (416.4500, 467.3500) - (416.5500, 467.4500) on Layer M4
violation type: Short
	srcs: net:u_riscv_top/register_file/_07211_ net:u_riscv_top/register_file/net2451
	bbox = (423.0500, 176.3500) - (423.1500, 176.4500) on Layer M4
violation type: Short
	srcs: net:u_data_mem/_18247_ net:u_data_mem/_41091_
	bbox = (426.6500, 573.1500) - (426.7500, 573.2500) on Layer M4
violation type: Short
	srcs: net:u_riscv_top/register_file/_06212_ net:u_riscv_top/register_file/_10508_
	bbox = (432.4500, 113.9500) - (432.5500, 114.0500) on Layer M4
violation type: Short
	srcs: net:u_riscv_top/register_file/_06212_ net:u_riscv_top/register_file/_10508_
	bbox = (432.6500, 98.1500) - (432.7500, 98.2500) on Layer M4
violation type: Short
	srcs: net:u_riscv_top/register_file/_10501_ net:u_riscv_top/register_file/_10510_
	bbox = (434.4500, 152.9500) - (434.5500, 153.0500) on Layer M4
violation type: Short
	srcs: net:u_riscv_top/register_file/_10501_ net:u_riscv_top/register_file/_10510_
	bbox = (434.4500, 152.9500) - (434.7500, 153.0500) on Layer M4
violation type: Short
	srcs: net:u_riscv_top/register_file/_10501_ net:u_riscv_top/register_file/_10510_
	bbox = (434.6500, 152.9500) - (434.7500, 153.0500) on Layer M4
violation type: Short
	srcs: net:u_riscv_top/register_file/_06189_ net:u_riscv_top/register_file/_10514_
	bbox = (437.4500, 141.9500) - (437.5500, 142.0500) on Layer M4
violation type: Short
	srcs: net:u_data_mem/_35552_ net:u_data_mem/_41425_
	bbox = (439.4500, 597.7500) - (439.5500, 597.8500) on Layer M4
violation type: Short
	srcs: net:u_riscv_top/register_file/_10529_ net:u_riscv_top/register_file/regfile\[31\][27]
	bbox = (441.4500, 152.5500) - (441.5500, 152.6500) on Layer M4
violation type: Short
	srcs: net:u_data_mem/_18118_ net:u_data_mem/_41108_
	bbox = (443.6500, 845.9500) - (443.7500, 846.0500) on Layer M4
violation type: Short
	srcs: net:u_data_mem/_18118_ net:u_data_mem/_41108_
	bbox = (443.6500, 845.9500) - (443.9500, 846.0500) on Layer M4
violation type: Short
	srcs: net:u_data_mem/_18118_ net:u_data_mem/_41108_
	bbox = (443.8500, 845.9500) - (443.9500, 846.0500) on Layer M4
violation type: Short
	srcs: net:u_riscv_top/register_file/_07247_ net:u_riscv_top/register_file/_08850_
	bbox = (446.2500, 89.9500) - (446.3500, 90.0500) on Layer M4
violation type: Short
	srcs: net:u_riscv_top/register_file/_08850_ net:u_riscv_top/register_file/_10526_
	bbox = (446.4500, 89.9500) - (446.5500, 90.0500) on Layer M4
violation type: Short
	srcs: net:u_riscv_top/register_file/_09662_ net:u_riscv_top/register_file/_09972_
	bbox = (446.4500, 216.1500) - (446.5500, 216.2500) on Layer M4
violation type: Short
	srcs: net:u_riscv_top/register_file/_09662_ net:u_riscv_top/register_file/_09972_
	bbox = (446.4500, 216.1500) - (446.5500, 216.2900) on Layer M4
violation type: Short
	srcs: net:u_riscv_top/register_file/_06199_ net:u_riscv_top/register_file/net2362
	bbox = (452.6500, 194.9500) - (452.7500, 195.0500) on Layer M4
violation type: Short
	srcs: net:u_data_mem/_35534_ net:u_data_mem/_41095_
	bbox = (462.8500, 720.1500) - (462.9500, 720.2500) on Layer M4
violation type: Short
	srcs: net:u_riscv_top/register_file/_09661_ net:u_riscv_top/register_file/_10355_
	bbox = (463.8500, 152.9500) - (463.9500, 153.0500) on Layer M4
violation type: Short
	srcs: net:u_riscv_top/register_file/_10505_ net:u_riscv_top/register_file/_10611_
	bbox = (467.4500, 111.9500) - (467.5500, 112.0500) on Layer M4
violation type: Short
	srcs: net:clknet_10_63__leaf_clk net:u_riscv_top/net2383
	bbox = (467.4500, 257.9500) - (467.5500, 258.0500) on Layer M4
violation type: Short
	srcs: net:u_data_mem/_35583_ net:u_data_mem/_38365_
	bbox = (469.0500, 831.7500) - (469.1500, 831.8500) on Layer M4
violation type: Short
	srcs: net:u_data_mem/_35533_ net:u_data_mem/_41067_
	bbox = (473.0500, 656.9500) - (473.1500, 657.0500) on Layer M4
violation type: Short
	srcs: net:u_data_mem/_41007_ net:clknet_4_12_0_clk
	bbox = (474.8500, 823.5500) - (474.9500, 823.6500) on Layer M4
violation type: Short
	srcs: net:u_riscv_top/_240_ net:u_riscv_top/register_file/_08977_
	bbox = (477.8500, 195.3500) - (477.9500, 195.4500) on Layer M4
violation type: Short
	srcs: net:u_data_mem/_41057_ net:u_data_mem/_41103_
	bbox = (478.2500, 698.9500) - (478.3500, 699.0500) on Layer M4
violation type: Short
	srcs: net:u_riscv_top/register_file/_07236_ net:u_riscv_top/register_file/_07363_
	bbox = (481.2500, 195.5500) - (481.3500, 195.6500) on Layer M4
violation type: Short
	srcs: net:u_riscv_top/register_file/_07236_ net:u_riscv_top/register_file/_07363_
	bbox = (481.2500, 195.5500) - (481.3500, 195.8500) on Layer M4
violation type: Short
	srcs: net:u_riscv_top/register_file/_07236_ net:u_riscv_top/register_file/_07363_
	bbox = (481.2500, 195.7500) - (481.3500, 195.8500) on Layer M4
violation type: Short
	srcs: net:u_riscv_top/register_file/_08049_ net:u_riscv_top/register_file/_08612_
	bbox = (481.4500, 132.1500) - (481.5500, 132.2500) on Layer M4
violation type: Short
	srcs: net:u_data_mem/_39491_ net:u_data_mem/_41014_
	bbox = (481.8500, 740.7500) - (481.9500, 740.8500) on Layer M4
violation type: Short
	srcs: net:u_riscv_top/register_file/_06190_ net:u_riscv_top/register_file/_10496_
	bbox = (484.4500, 194.9500) - (484.5500, 195.0500) on Layer M4
violation type: Short
	srcs: net:u_riscv_top/register_file/_10496_ net:u_riscv_top/register_file/net2416
	bbox = (484.6500, 194.9500) - (484.7500, 195.0500) on Layer M4
violation type: Short
	srcs: net:u_riscv_top/register_file/_06213_ net:u_riscv_top/register_file/_10611_
	bbox = (484.8500, 254.3500) - (484.9500, 254.4500) on Layer M4
violation type: Short
	srcs: net:u_riscv_top/register_file/_06194_ net:u_riscv_top/register_file/_10519_
	bbox = (486.6500, 195.1500) - (486.7500, 195.2500) on Layer M4
violation type: Short
	srcs: net:u_data_mem/_41032_ net:u_data_mem/_41045_
	bbox = (489.4500, 679.7500) - (489.5500, 679.8500) on Layer M4
violation type: Short
	srcs: net:u_riscv_top/register_file/_08984_ net:u_riscv_top/register_file/_10524_
	bbox = (489.6500, 195.1500) - (489.7500, 195.2500) on Layer M4
violation type: Short
	srcs: net:u_riscv_top/register_file/_08984_ net:u_riscv_top/register_file/_10524_
	bbox = (489.6500, 195.1500) - (489.7500, 195.4500) on Layer M4
violation type: Short
	srcs: net:u_riscv_top/register_file/_08984_ net:u_riscv_top/register_file/_10524_
	bbox = (489.6500, 195.3500) - (489.7500, 195.4500) on Layer M4
violation type: Short
	srcs: net:u_riscv_top/h1[7] net:u_riscv_top/rst_fp_mul_n
	bbox = (489.6500, 346.7500) - (489.7500, 346.8500) on Layer M4
violation type: Short
	srcs: net:u_data_mem/_41033_ net:clknet_10_833__leaf_clk
	bbox = (491.2500, 677.7500) - (491.3500, 677.8500) on Layer M4
violation type: Short
	srcs: net:u_data_mem/_41033_ net:u_data_mem/_41408_
	bbox = (491.2500, 740.7500) - (491.3500, 740.8500) on Layer M4
violation type: Short
	srcs: net:A5_sim[1] net:u_riscv_top/register_file/regfile\[3\][2]
	bbox = (491.4500, 68.9500) - (491.5500, 69.0500) on Layer M4
violation type: Short
	srcs: net:A5_sim[1] net:u_riscv_top/register_file/regfile\[3\][2]
	bbox = (491.4500, 68.9500) - (491.7500, 69.0500) on Layer M4
violation type: Short
	srcs: net:A5_sim[1] net:u_riscv_top/register_file/regfile\[3\][2]
	bbox = (491.6500, 68.9500) - (491.7500, 69.0500) on Layer M4
violation type: Short
	srcs: net:u_riscv_top/mult_result_core[21] net:u_riscv_top/mux8_1/_614_
	bbox = (493.2500, 278.1500) - (493.3500, 278.2500) on Layer M4
violation type: Short
	srcs: net:u_data_mem/_37785_ net:u_data_mem/_39495_
	bbox = (494.0500, 635.9500) - (494.1500, 636.0500) on Layer M4
violation type: Short
	srcs: net:u_data_mem/_35583_ net:u_data_mem/_40977_
	bbox = (494.4500, 696.1500) - (494.5500, 696.2500) on Layer M4
violation type: Short
	srcs: net:u_data_mem/_37252_ net:u_data_mem/_37792_
	bbox = (494.6500, 677.9500) - (494.7500, 678.0500) on Layer M4
violation type: Short
	srcs: net:u_data_mem/_37252_ net:u_data_mem/_37792_
	bbox = (494.6500, 677.9500) - (494.9500, 678.0500) on Layer M4
violation type: Short
	srcs: net:u_data_mem/_37252_ net:u_data_mem/_37792_
	bbox = (494.8500, 677.9500) - (494.9500, 678.0500) on Layer M4
violation type: Short
	srcs: net:A2_sim[3] net:AluOp_sim[16]
	bbox = (496.0500, 38.3100) - (496.1500, 38.4900) on Layer M4
violation type: Short
	srcs: net:A2_sim[3] net:AluOp_sim[16]
	bbox = (496.0500, 38.3500) - (496.1500, 38.4500) on Layer M4
violation type: Short
	srcs: net:u_data_mem/_35583_ net:u_data_mem/_40959_
	bbox = (497.4500, 746.7500) - (497.5500, 746.8500) on Layer M4
violation type: Short
	srcs: net:u_riscv_top/register_file/_08638_ net:u_riscv_top/register_file/regfile\[6\][8]
	bbox = (499.6500, 215.9500) - (499.7500, 216.0500) on Layer M4
violation type: Short
	srcs: net:A2_sim[2] net:u_riscv_top/register_file/_08638_
	bbox = (499.8500, 215.9500) - (499.9500, 216.0500) on Layer M4
violation type: Short
	srcs: net:u_data_mem/_35544_ net:u_data_mem/_41161_
	bbox = (504.2500, 657.1500) - (504.3500, 657.2500) on Layer M4
violation type: Short
	srcs: net:u_data_mem/_35544_ net:u_data_mem/_41161_
	bbox = (504.4500, 650.7500) - (504.5500, 650.8500) on Layer M4
violation type: Short
	srcs: net:u_riscv_top/register_file/_10501_ net:u_riscv_top/register_file/_10504_
	bbox = (506.0500, 111.7500) - (506.1500, 111.8500) on Layer M4
violation type: Short
	srcs: net:u_riscv_top/register_file/_06216_ net:u_riscv_top/register_file/_10504_
	bbox = (506.0500, 194.9500) - (506.1500, 195.0500) on Layer M4
violation type: Short
	srcs: net:u_riscv_top/u_bridge_fp_mul_to_core/_006_ net:u_riscv_top/u_bridge_fp_mul_to_core/data_hold[6]
	bbox = (506.2500, 321.1500) - (506.3500, 321.2500) on Layer M4
violation type: Short
	srcs: net:u_riscv_top/u_bridge_fp_mul_to_core/_006_ net:u_riscv_top/u_bridge_fp_mul_to_core/data_hold[6]
	bbox = (506.2500, 321.1500) - (506.3500, 321.4500) on Layer M4
violation type: Short
	srcs: net:u_riscv_top/u_bridge_fp_mul_to_core/_006_ net:u_riscv_top/u_bridge_fp_mul_to_core/data_hold[6]
	bbox = (506.2500, 321.3500) - (506.3500, 321.4500) on Layer M4
violation type: Short
	srcs: net:u_riscv_top/u_bridge_fp_mul_to_core/_006_ net:u_riscv_top/net2128
	bbox = (506.2500, 321.5500) - (506.3500, 321.6500) on Layer M4
violation type: Short
	srcs: net:u_riscv_top/register_file/_06217_ net:u_riscv_top/register_file/_09660_
	bbox = (508.6500, 110.5500) - (508.7500, 110.6500) on Layer M4
violation type: Short
	srcs: net:u_riscv_top/register_file/_06217_ net:u_riscv_top/register_file/_09660_
	bbox = (508.6500, 110.5500) - (508.7500, 110.8500) on Layer M4
violation type: Short
	srcs: net:u_riscv_top/register_file/_06217_ net:u_riscv_top/register_file/_09660_
	bbox = (508.6500, 110.7500) - (508.7500, 110.8500) on Layer M4
violation type: Short
	srcs: net:u_riscv_top/register_file/_10508_ net:clknet_10_67__leaf_clk
	bbox = (509.2500, 89.9500) - (509.3500, 90.0500) on Layer M4
violation type: Short
	srcs: net:u_riscv_top/register_file/_07229_ net:u_riscv_top/register_file/_08850_
	bbox = (511.0500, 27.5100) - (511.1500, 27.6900) on Layer M4
violation type: Short
	srcs: net:u_riscv_top/register_file/_07229_ net:u_riscv_top/register_file/_08850_
	bbox = (511.0500, 27.5500) - (511.1500, 27.6500) on Layer M4
violation type: Short
	srcs: net:RD1_sim[20] net:u_riscv_top/register_file/_08049_
	bbox = (512.0500, 16.9100) - (512.1500, 17.0900) on Layer M4
violation type: Short
	srcs: net:RD1_sim[20] net:u_riscv_top/register_file/_08049_
	bbox = (512.0500, 16.9500) - (512.1500, 17.0500) on Layer M4
violation type: Short
	srcs: net:riscv_addr[22] net:u_riscv_top/net568
	bbox = (512.6500, 362.5500) - (512.7500, 362.6500) on Layer M4
violation type: Short
	srcs: net:RD1_sim[26] net:u_riscv_top/register_file/net2453
	bbox = (513.6500, 173.9500) - (513.7500, 174.0500) on Layer M4
violation type: Short
	srcs: net:u_riscv_top/register_file/_09788_ net:u_riscv_top/register_file/net2453
	bbox = (513.6500, 195.3500) - (513.7500, 195.4500) on Layer M4
violation type: Short
	srcs: net:u_data_mem/_18170_ net:u_data_mem/_37382_
	bbox = (514.0500, 866.9500) - (514.1500, 867.0500) on Layer M4
violation type: Short
	srcs: net:RD1_sim[25] net:RD1_sim[26]
	bbox = (514.2500, 5.9500) - (514.3500, 6.0500) on Layer M4
violation type: Short
	srcs: net:u_riscv_top/register_file/_07213_ net:u_riscv_top/register_file/net2453
	bbox = (514.2500, 215.9500) - (514.3500, 216.0500) on Layer M4
violation type: Short
	srcs: net:u_data_mem/_40812_ net:u_data_mem/_41229_
	bbox = (516.4500, 604.1500) - (516.5500, 604.2500) on Layer M4
violation type: Short
	srcs: net:RD1_sim[9] net:u_riscv_top/register_file/_07224_
	bbox = (519.6500, 61.1500) - (519.7500, 61.2500) on Layer M4
violation type: Short
	srcs: net:RD2_sim[14] net:RD2_sim[15]
	bbox = (522.6500, 26.9500) - (522.7500, 27.0500) on Layer M4
violation type: Short
	srcs: net:A2_sim[2] net:u_riscv_top/register_file/net2445
	bbox = (522.6500, 54.3500) - (522.7500, 54.4500) on Layer M4
violation type: Short
	srcs: net:mem_wdata[16] net:u_data_mem/_35558_
	bbox = (523.0500, 761.9500) - (523.1500, 762.0500) on Layer M4
violation type: Short
	srcs: net:u_riscv_top/register_file/_06205_ net:u_riscv_top/register_file/_07211_
	bbox = (525.8500, 152.9500) - (525.9500, 153.0500) on Layer M4
violation type: Short
	srcs: net:u_riscv_top/register_file/_06205_ net:u_riscv_top/register_file/_07211_
	bbox = (525.8500, 152.9500) - (526.1500, 153.0500) on Layer M4
violation type: Short
	srcs: net:u_riscv_top/register_file/_07223_ net:u_riscv_top/register_file/_07226_
	bbox = (526.0500, 47.9500) - (526.1500, 48.0500) on Layer M4
violation type: Short
	srcs: net:u_riscv_top/register_file/_06205_ net:u_riscv_top/register_file/_07211_
	bbox = (526.0500, 152.9500) - (526.1500, 153.0500) on Layer M4
violation type: Short
	srcs: net:RD2_sim[25] net:u_riscv_top/register_file/_10522_
	bbox = (526.8500, 68.9500) - (526.9500, 69.0500) on Layer M4
violation type: Short
	srcs: net:RD2_sim[2] net:u_riscv_top/register_file/_10525_
	bbox = (528.4500, 47.9500) - (528.5500, 48.0500) on Layer M4
violation type: Short
	srcs: net:u_riscv_top/pipeline_reg2/_0422_ net:u_riscv_top/net2443
	bbox = (528.8500, 300.1500) - (528.9500, 300.2500) on Layer M4
violation type: Short
	srcs: net:u_riscv_top/register_file/_07639_ net:u_riscv_top/register_file/_09660_
	bbox = (531.2500, 257.9500) - (531.3500, 258.0500) on Layer M4
violation type: Short
	srcs: net:u_riscv_top/register_file/_07639_ net:u_riscv_top/register_file/_09660_
	bbox = (531.2500, 257.9500) - (531.3500, 258.2900) on Layer M4
violation type: Short
	srcs: net:RD2_sim[7] net:u_riscv_top/register_file/_07223_
	bbox = (531.6500, 110.5500) - (531.7500, 110.6500) on Layer M4
violation type: Short
	srcs: net:u_data_mem/_35543_ net:u_data_mem/_38058_
	bbox = (533.4500, 720.5500) - (533.5500, 720.6500) on Layer M4
violation type: Short
	srcs: net:A2_sim[3] net:u_riscv_top/register_file/_07213_
	bbox = (536.6500, 48.7500) - (536.7500, 48.8500) on Layer M4
violation type: Short
	srcs: net:u_riscv_top/register_file/_07236_ net:u_riscv_top/register_file/_10500_
	bbox = (537.8500, 219.5500) - (537.9500, 219.6500) on Layer M4
violation type: Short
	srcs: net:mem_wdata[6] net:u_data_mem/_39765_
	bbox = (541.4500, 845.9500) - (541.5500, 846.0500) on Layer M4
violation type: Short
	srcs: net:u_riscv_top/net676 net:u_riscv_top/net701
	bbox = (542.2500, 331.1500) - (542.3500, 331.2500) on Layer M4
violation type: Short
	srcs: net:mem_wdata[13] net:u_data_mem/_35539_
	bbox = (544.4500, 867.5500) - (544.5500, 867.6500) on Layer M4
violation type: Short
	srcs: net:u_riscv_top/register_file/_06208_ net:u_riscv_top/register_file/_09662_
	bbox = (544.8500, 78.9500) - (544.9500, 79.0500) on Layer M4
violation type: Short
	srcs: net:mem_wdata[13] net:u_data_mem/_35572_
	bbox = (544.8500, 951.1500) - (544.9500, 951.2500) on Layer M4
violation type: Short
	srcs: net:u_riscv_top/CSR_Data[17] net:u_riscv_top/CSR_Register/_0812_
	bbox = (546.4500, 469.3500) - (546.5500, 469.4500) on Layer M4
violation type: Short
	srcs: net:u_riscv_top/CSR_Register/_1414_ net:u_riscv_top/CSR_Register/_1443_
	bbox = (546.8500, 472.5500) - (546.9500, 472.6500) on Layer M4
violation type: Short
	srcs: net:WD5_sim[25] net:u_riscv_top/muxB0[20]
	bbox = (547.0500, 278.3500) - (547.1500, 278.4500) on Layer M4
violation type: Short
	srcs: net:u_riscv_top/muxA1[17] net:u_riscv_top/muxB0[26]
	bbox = (549.0500, 261.5500) - (549.1500, 261.6500) on Layer M4
violation type: Short
	srcs: net:RD4_sim[18] net:u_riscv_top/muxB0[21]
	bbox = (549.2500, 194.9500) - (549.3500, 195.0500) on Layer M4
violation type: Short
	srcs: net:WD5_sim[26] net:u_riscv_top/muxB0[26]
	bbox = (549.2500, 267.3100) - (549.3500, 267.8300) on Layer M4
violation type: Short
	srcs: net:u_data_mem/_39802_ net:u_data_mem/bank2\[57\][11]
	bbox = (549.4500, 720.5500) - (549.5500, 720.6500) on Layer M4
violation type: Short
	srcs: net:u_riscv_top/muxA1[17] net:u_riscv_top/muxB0[21]
	bbox = (549.8500, 261.1500) - (549.9500, 261.2500) on Layer M4
violation type: Short
	srcs: net:u_riscv_top/muxB0[11] net:u_riscv_top/muxB0[22]
	bbox = (550.8500, 278.9500) - (550.9500, 279.0500) on Layer M4
violation type: Short
	srcs: net:u_riscv_top/muxB0[11] net:u_riscv_top/muxB0[22]
	bbox = (550.8500, 278.9500) - (551.1500, 279.0500) on Layer M4
violation type: Short
	srcs: net:RD1_sim[19] net:u_riscv_top/muxB0[11]
	bbox = (551.0500, 216.7500) - (551.1500, 216.8500) on Layer M4
violation type: Short
	srcs: net:u_riscv_top/muxB0[11] net:u_riscv_top/muxB0[22]
	bbox = (551.0500, 278.9500) - (551.1500, 279.0500) on Layer M4
violation type: Short
	srcs: net:riscv_addr[13] net:u_riscv_top/net684
	bbox = (551.4500, 362.7500) - (551.5500, 362.8500) on Layer M4
violation type: Short
	srcs: net:riscv_addr[13] net:u_riscv_top/net684
	bbox = (551.4500, 362.7500) - (551.5500, 363.0500) on Layer M4
violation type: Short
	srcs: net:riscv_addr[13] net:u_riscv_top/net684
	bbox = (551.4500, 362.9500) - (551.5500, 363.0500) on Layer M4
violation type: Short
	srcs: net:u_data_mem/_35583_ net:u_data_mem/_37044_
	bbox = (551.4500, 698.9500) - (551.5500, 699.0500) on Layer M4
violation type: Short
	srcs: net:riscv_addr[20] net:u_riscv_top/muxB0[22]
	bbox = (551.6500, 315.7500) - (551.7500, 315.8500) on Layer M4
violation type: Short
	srcs: net:u_data_mem/_35531_ net:u_data_mem/_35573_
	bbox = (551.6500, 677.9500) - (551.7500, 678.0500) on Layer M4
violation type: Short
	srcs: net:u_riscv_top/h2[13] net:u_riscv_top/h2[24]
	bbox = (552.6500, 362.9500) - (552.7500, 363.0500) on Layer M4
violation type: Short
	srcs: net:riscv_addr[21] net:u_riscv_top/muxA1[11]
	bbox = (552.8500, 299.9500) - (552.9500, 300.0500) on Layer M4
violation type: Short
	srcs: net:riscv_addr[21] net:u_riscv_top/muxA1[11]
	bbox = (552.8500, 299.9500) - (553.1500, 300.0500) on Layer M4
violation type: Short
	srcs: net:riscv_addr[21] net:u_riscv_top/muxA1[11]
	bbox = (553.0500, 299.9500) - (553.1500, 300.0500) on Layer M4
violation type: Short
	srcs: net:RD4_sim[27] net:u_riscv_top/muxA1[11]
	bbox = (553.2500, 108.9500) - (553.3500, 109.0500) on Layer M4
violation type: Short
	srcs: net:RD4_sim[27] net:u_riscv_top/muxA1[11]
	bbox = (553.2500, 111.7500) - (553.3500, 111.8500) on Layer M4
violation type: Short
	srcs: net:u_riscv_top/muxA1[10] net:u_riscv_top/net814
	bbox = (554.0500, 300.1500) - (554.1500, 300.2500) on Layer M4
violation type: Short
	srcs: net:u_riscv_top/muxA1[10] net:u_riscv_top/net814
	bbox = (554.0500, 300.1500) - (554.3500, 300.2500) on Layer M4
violation type: Short
	srcs: net:u_riscv_top/muxA1[22] net:u_riscv_top/muxB0[17]
	bbox = (554.2500, 257.9500) - (554.3500, 258.0500) on Layer M4
violation type: Short
	srcs: net:u_riscv_top/muxA1[22] net:u_riscv_top/muxB0[17]
	bbox = (554.2500, 257.9500) - (554.5500, 258.0500) on Layer M4
violation type: Short
	srcs: net:u_riscv_top/muxA1[10] net:u_riscv_top/net814
	bbox = (554.2500, 300.1500) - (554.3500, 300.2500) on Layer M4
violation type: Short
	srcs: net:u_riscv_top/muxA1[22] net:u_riscv_top/muxB0[17]
	bbox = (554.4500, 257.9500) - (554.5500, 258.0500) on Layer M4
violation type: Short
	srcs: net:u_riscv_top/muxB0[0] net:u_riscv_top/muxB0[17]
	bbox = (554.6500, 261.3500) - (554.7500, 261.4500) on Layer M4
violation type: Short
	srcs: net:u_riscv_top/muxB0[0] net:u_riscv_top/muxB0[17]
	bbox = (554.6500, 278.5500) - (554.7500, 278.6500) on Layer M4
violation type: Short
	srcs: net:u_riscv_top/ALU/alu/_1881_ net:u_riscv_top/ALU/alu/_1884_
	bbox = (556.8500, 384.3500) - (556.9500, 384.4500) on Layer M4
violation type: Short
	srcs: net:u_riscv_top/muxA1[30] net:u_riscv_top/muxB0[18]
	bbox = (558.2500, 278.9500) - (558.3500, 279.0500) on Layer M4
violation type: Short
	srcs: net:u_riscv_top/muxA1[30] net:u_riscv_top/muxB0[18]
	bbox = (558.2500, 278.9500) - (558.5500, 279.0500) on Layer M4
violation type: Short
	srcs: net:u_riscv_top/muxA1[30] net:u_riscv_top/muxB0[18]
	bbox = (558.4500, 278.9500) - (558.5500, 279.0500) on Layer M4
violation type: Short
	srcs: net:u_riscv_top/h1[21] net:u_riscv_top/muxA1[6]
	bbox = (558.8500, 300.1500) - (558.9500, 300.2500) on Layer M4
violation type: Short
	srcs: net:u_riscv_top/muxA1[29] net:u_riscv_top/net994
	bbox = (559.0500, 152.9500) - (559.1500, 153.0500) on Layer M4
violation type: Short
	srcs: net:u_riscv_top/muxA1[29] net:u_riscv_top/net994
	bbox = (559.0500, 152.9500) - (559.3500, 153.0500) on Layer M4
violation type: Short
	srcs: net:u_riscv_top/muxA1[29] net:u_riscv_top/net994
	bbox = (559.2500, 152.9500) - (559.3500, 153.0500) on Layer M4
violation type: Short
	srcs: net:u_riscv_top/muxA1[29] net:u_riscv_top/muxB0[27]
	bbox = (559.2500, 216.7500) - (559.3500, 216.8500) on Layer M4
violation type: Short
	srcs: net:u_riscv_top/muxA1[6] net:u_riscv_top/muxB0[27]
	bbox = (559.4500, 216.7500) - (559.5500, 216.8500) on Layer M4
violation type: Short
	srcs: net:u_riscv_top/muxB0[27] net:u_riscv_top/u_bridge_core_to_fft/_0171_
	bbox = (559.6500, 215.9100) - (559.7500, 216.0900) on Layer M4
violation type: Short
	srcs: net:u_riscv_top/muxB0[27] net:u_riscv_top/u_bridge_core_to_fft/_0171_
	bbox = (559.6500, 215.9500) - (559.7500, 216.0500) on Layer M4
violation type: Short
	srcs: net:u_riscv_top/muxA1[6] net:u_riscv_top/muxB0[27]
	bbox = (559.6500, 216.3500) - (559.7500, 216.4500) on Layer M4
violation type: Short
	srcs: net:u_riscv_top/_209_ net:u_riscv_top/muxA1[5]
	bbox = (561.8500, 278.9500) - (561.9500, 279.0500) on Layer M4
violation type: Short
	srcs: net:u_riscv_top/h2[10] net:u_riscv_top/h2[14]
	bbox = (561.8500, 362.5500) - (561.9500, 362.6500) on Layer M4
violation type: Short
	srcs: net:u_riscv_top/h2[10] net:u_riscv_top/h2[14]
	bbox = (561.8500, 362.5500) - (561.9500, 362.8500) on Layer M4
violation type: Short
	srcs: net:u_riscv_top/h2[10] net:u_riscv_top/h2[14]
	bbox = (561.8500, 362.7500) - (561.9500, 362.8500) on Layer M4
violation type: Short
	srcs: net:u_riscv_top/h1[29] net:u_riscv_top/muxA1[14]
	bbox = (562.6500, 279.3500) - (562.7500, 279.4500) on Layer M4
violation type: Short
	srcs: net:u_riscv_top/muxB2[19] net:u_riscv_top/z[18]
	bbox = (562.6500, 426.3500) - (562.7500, 426.4500) on Layer M4
violation type: Short
	srcs: net:u_riscv_top/muxB0[14] net:u_riscv_top/muxB0[23]
	bbox = (563.2500, 257.3500) - (563.3500, 257.4500) on Layer M4
violation type: Short
	srcs: net:u_riscv_top/h1[24] net:u_riscv_top/h2[10]
	bbox = (563.4500, 342.3100) - (563.5500, 342.4500) on Layer M4
violation type: Short
	srcs: net:u_riscv_top/h1[24] net:u_riscv_top/h2[10]
	bbox = (563.4500, 342.3500) - (563.5500, 342.4500) on Layer M4
violation type: Short
	srcs: net:rst net:u_riscv_top/h2[14]
	bbox = (563.6500, 427.1500) - (563.7500, 427.2500) on Layer M4
violation type: Short
	srcs: net:u_riscv_top/h2[14] net:u_riscv_top/z[18]
	bbox = (563.8500, 445.5500) - (563.9500, 445.6500) on Layer M4
violation type: Short
	srcs: net:u_riscv_top/muxA1[16] net:u_riscv_top/muxB0[1]
	bbox = (564.2500, 279.9500) - (564.3500, 280.0500) on Layer M4
violation type: Short
	srcs: net:mem_wdata[4] net:u_data_mem/_41231_
	bbox = (564.4500, 950.1500) - (564.5500, 950.2500) on Layer M4
violation type: Short
	srcs: net:u_riscv_top/muxA1[2] net:u_riscv_top/muxB0[16]
	bbox = (564.8500, 257.9500) - (564.9500, 258.0500) on Layer M4
violation type: Short
	srcs: net:u_riscv_top/net341 net:u_riscv_top/CSR_Register/net1901
	bbox = (566.0500, 509.9500) - (566.1500, 510.0500) on Layer M4
violation type: Short
	srcs: net:u_riscv_top/net341 net:u_riscv_top/CSR_Register/net1901
	bbox = (566.0500, 509.9500) - (566.3500, 510.0500) on Layer M4
violation type: Short
	srcs: net:u_riscv_top/net341 net:u_riscv_top/CSR_Register/net1901
	bbox = (566.2500, 509.9500) - (566.3500, 510.0500) on Layer M4
violation type: Short
	srcs: net:WD5_sim[28] net:u_riscv_top/net1307
	bbox = (566.6500, 307.7500) - (566.7500, 307.8500) on Layer M4
violation type: Short
	srcs: net:u_data_mem/_39704_ net:u_data_mem/_40971_
	bbox = (572.6500, 866.9500) - (572.7500, 867.0500) on Layer M4
violation type: Short
	srcs: net:u_data_mem/_41061_ net:u_data_mem/_41148_
	bbox = (573.6500, 887.9500) - (573.7500, 888.0500) on Layer M4
violation type: Short
	srcs: net:u_data_mem/_41061_ net:u_data_mem/_41148_
	bbox = (573.6500, 887.9500) - (573.9500, 888.0500) on Layer M4
violation type: Short
	srcs: net:u_data_mem/_41061_ net:u_data_mem/_41148_
	bbox = (573.8500, 887.9500) - (573.9500, 888.0500) on Layer M4
violation type: Short
	srcs: net:u_riscv_top/h2[22] net:u_riscv_top/h2[5]
	bbox = (574.4500, 364.1500) - (574.5500, 364.2500) on Layer M4
violation type: Short
	srcs: net:SrcB_sim_i[21] net:u_riscv_top/h2[22]
	bbox = (574.4500, 383.9500) - (574.5500, 384.0500) on Layer M4
violation type: Short
	srcs: net:u_data_mem/_41164_ net:u_data_mem/_41260_
	bbox = (574.4500, 987.9500) - (574.5500, 988.0500) on Layer M4
violation type: Short
	srcs: net:u_riscv_top/h2[23] net:clknet_10_213__leaf_clk
	bbox = (578.6500, 321.3500) - (578.7500, 321.4500) on Layer M4
violation type: Short
	srcs: net:riscv_addr[30] net:u_riscv_top/h2[24]
	bbox = (581.6500, 371.3500) - (581.7500, 371.4500) on Layer M4
violation type: Short
	srcs: net:riscv_addr[30] net:u_riscv_top/h2[24]
	bbox = (581.6500, 371.3500) - (581.7500, 371.6500) on Layer M4
violation type: Short
	srcs: net:riscv_addr[30] net:u_riscv_top/h2[24]
	bbox = (581.6500, 371.5500) - (581.7500, 371.6500) on Layer M4
violation type: Short
	srcs: net:u_riscv_top/CSR_Register/_1638_ net:u_riscv_top/CSR_Register/net902
	bbox = (586.0500, 513.9500) - (586.1500, 514.0500) on Layer M4
violation type: Short
	srcs: net:u_riscv_top/h1[27] net:u_riscv_top/h2[16]
	bbox = (587.0500, 412.5500) - (587.1500, 412.6500) on Layer M4
violation type: Short
	srcs: net:mem_addr[2] net:u_data_mem/_22084_
	bbox = (594.2500, 691.5500) - (594.3500, 691.6500) on Layer M4
violation type: Short
	srcs: net:u_riscv_top/h2[8] net:u_riscv_top/ALU/alu/_2258_
	bbox = (596.6500, 362.7500) - (596.7500, 362.8500) on Layer M4
violation type: Short
	srcs: net:u_data_mem/_35546_ net:u_data_mem/_39333_
	bbox = (621.2500, 824.9500) - (621.3500, 825.0500) on Layer M4
violation type: Short
	srcs: net:u_data_mem/_35546_ net:u_data_mem/_39333_
	bbox = (621.2500, 824.9500) - (621.5500, 825.0500) on Layer M4
violation type: Short
	srcs: net:u_data_mem/_35546_ net:u_data_mem/_39333_
	bbox = (621.4500, 824.9500) - (621.5500, 825.0500) on Layer M4
violation type: Short
	srcs: net:u_riscv_top/h1[14] net:u_riscv_top/ALU/alu/_2495_
	bbox = (631.4500, 371.1500) - (631.5500, 371.2500) on Layer M4
violation type: Short
	srcs: net:u_riscv_top/fft/fft_core/p2_4_i[3] net:u_riscv_top/fft/fft_core/t2_0_i[3]
	bbox = (631.6500, 215.9500) - (631.7500, 216.0500) on Layer M4
violation type: Short
	srcs: net:u_riscv_top/h1[13] net:u_riscv_top/ALU/alu/_2349_
	bbox = (641.2500, 371.5500) - (641.3500, 371.6500) on Layer M4
violation type: Short
	srcs: net:u_riscv_top/ALU/alu/_2353_ net:u_riscv_top/ALU/alu/_2709_
	bbox = (641.4500, 394.7500) - (641.5500, 394.8500) on Layer M4
violation type: Short
	srcs: net:u_riscv_top/ALU/alu/_2340_ net:u_riscv_top/ALU/alu/_2597_
	bbox = (646.4500, 362.9500) - (646.5500, 363.0500) on Layer M4
violation type: Short
	srcs: net:u_riscv_top/h1[10] net:u_riscv_top/h2[10]
	bbox = (659.0500, 395.3500) - (659.1500, 395.4500) on Layer M4
violation type: Short
	srcs: net:u_riscv_top/h1[10] net:u_riscv_top/h2[10]
	bbox = (659.2500, 406.5500) - (659.3500, 406.6500) on Layer M4
violation type: Short
	srcs: net:u_data_mem/_18126_ net:u_data_mem/_41040_
	bbox = (669.4500, 929.9500) - (669.5500, 930.0500) on Layer M4
violation type: Short
	srcs: net:u_data_mem/_18123_ net:u_data_mem/_41040_
	bbox = (669.6500, 929.9500) - (669.7500, 930.0500) on Layer M4
violation type: Short
	srcs: net:u_riscv_top/ALU/alu/_2253_ net:u_riscv_top/ALU/alu/_2270_
	bbox = (674.6500, 404.9500) - (674.7500, 405.0500) on Layer M4
violation type: Short
	srcs: net:u_riscv_top/ALU/alu/_2190_ net:u_riscv_top/ALU/alu/_2266_
	bbox = (678.6500, 381.1500) - (678.7500, 381.2500) on Layer M4
violation type: Short
	srcs: net:SrcB_sim_i[1] net:u_riscv_top/ALU/alu/_1959_
	bbox = (686.6500, 404.9500) - (686.7500, 405.0500) on Layer M4
violation type: Short
	srcs: net:u_riscv_top/h1[7] net:u_riscv_top/ALU/int_alu_result[7]
	bbox = (689.0500, 367.1500) - (689.1500, 367.2500) on Layer M4
violation type: Short
	srcs: net:u_riscv_top/h1[2] net:u_riscv_top/h1[3]
	bbox = (701.6500, 321.3500) - (701.7500, 321.4500) on Layer M4
violation type: Short
	srcs: net:i_decode[19] net:imem/_2111_
	bbox = (956.6500, 320.9500) - (956.7500, 321.0500) on Layer M4
violation type: Short
	srcs: net:im_wr_inst[30] net:im_wr_inst[3]
	bbox = (1019.0500, 531.5500) - (1019.1500, 531.6500) on Layer M4
violation type: Short
	srcs: net:i_ex[10] net:im_wr_inst[11]
	bbox = (1036.4500, 489.5100) - (1036.5500, 489.8500) on Layer M4
violation type: Short
	srcs: net:i_ex[10] net:im_wr_inst[11]
	bbox = (1036.4500, 489.7500) - (1036.5500, 489.8500) on Layer M4
violation type: Short
	srcs: net:prdata_spi_sim[13] net:prdata_spi_sim[21]
	bbox = (0.6500, 495.7500) - (0.7500, 495.8500) on Layer M5
violation type: Short
	srcs: net:prdata_gpio_sim[25] net:prdata_spi_sim[4]
	bbox = (0.6500, 535.7500) - (0.7500, 535.8500) on Layer M5
violation type: Short
	srcs: net:im_wr_inst[9] net:paddr_sim[12]
	bbox = (1.0500, 501.7500) - (1.1500, 501.8500) on Layer M5
violation type: Short
	srcs: net:prdata_spi_sim[20] net:prdata_spi_sim[24]
	bbox = (1.0500, 511.7500) - (1.1500, 511.8500) on Layer M5
violation type: Short
	srcs: net:mul_done_sim net:paddr_sim[0]
	bbox = (1.6500, 520.7500) - (1.7500, 520.8500) on Layer M5
violation type: Short
	srcs: net:pwdata_sim[30] net:pwdata_sim[5]
	bbox = (68.9500, 550.1500) - (69.0500, 550.2500) on Layer M5
violation type: Short
	srcs: net:riscv_addr[2] net:wb_data_sim[2]
	bbox = (386.2500, 494.5500) - (386.3500, 494.6500) on Layer M5
violation type: Short
	srcs: net:AluOp_sim[24] net:riscv_addr[24]
	bbox = (489.2500, 279.5500) - (489.3500, 279.6500) on Layer M5
violation type: Short
	srcs: net:WD5_sim[26] net:WD5_sim[27]
	bbox = (1026.0500, 486.7500) - (1026.1500, 486.8500) on Layer M5
violation type: Min Hole
	srcs: net:u_riscv_top/register_file/_09662_
	bbox = (532.3500, 250.2500) - (532.6500, 250.3500) on Layer M3
