violation type: Metal Spacing
	srcs: net:u_gpio/_0941_ net:u_gpio/_1401_
	bbox = (169.9500, 461.4500) - (170.0100, 461.5500) on Layer M1
violation type: Metal Spacing
	srcs: inst:u_data_mem/_66261_ net:u_data_mem/bank1\[17\][4]
	bbox = (192.9300, 666.5500) - (193.0100, 666.6500) on Layer M1
violation type: Metal Spacing
	srcs: inst:u_data_mem/_66271_ net:u_data_mem/bank1\[17\][14]
	bbox = (214.3300, 695.3500) - (214.4100, 695.4500) on Layer M1
violation type: Metal Spacing
	srcs: inst:u_data_mem/_64970_ net:u_data_mem/bank1\[58\][25]
	bbox = (240.5300, 680.9500) - (240.6100, 681.0500) on Layer M1
violation type: Metal Spacing
	srcs: net:u_data_mem/bank0\[57\][24] inst:u_data_mem/_70345_
	bbox = (241.3300, 763.7500) - (241.4100, 763.8500) on Layer M1
violation type: Metal Spacing
	srcs: inst:u_data_mem/_66005_ net:u_data_mem/bank1\[25\][4]
	bbox = (246.7300, 742.1500) - (246.8100, 742.2500) on Layer M1
violation type: Metal Spacing
	srcs: net:u_riscv_top/register_file/_10125_
	bbox = (347.7500, 166.1500) - (347.8100, 166.1600) on Layer M1
violation type: Metal Spacing
	srcs: net:u_riscv_top/register_file/_10125_
	bbox = (347.7500, 166.1500) - (347.8100, 166.2500) on Layer M1
violation type: Metal Spacing
	srcs: inst:u_data_mem/_65505_ net:u_data_mem/bank1\[41\][16]
	bbox = (358.7300, 533.3500) - (358.8100, 533.4500) on Layer M1
violation type: Metal Spacing
	srcs: inst:u_data_mem/_65458_ net:u_data_mem/bank1\[41\][1]
	bbox = (362.3300, 550.1500) - (362.4100, 550.2500) on Layer M1
violation type: Metal Spacing
	srcs: net:u_data_mem/bank0\[49\][12] inst:u_data_mem/_67293_
	bbox = (378.7300, 846.5500) - (378.8100, 846.6500) on Layer M1
violation type: Metal Spacing
	srcs: inst:u_data_mem/_65528_ net:u_data_mem/bank1\[41\][7]
	bbox = (393.7300, 589.7500) - (393.8100, 589.8500) on Layer M1
violation type: Metal Spacing
	srcs: inst:u_data_mem/_69046_ net:u_data_mem/bank2\[34\][5]
	bbox = (396.5300, 720.5500) - (396.6100, 720.6500) on Layer M1
violation type: Metal Spacing
	srcs: inst:u_data_mem/_69079_ net:u_data_mem/bank2\[33\][6]
	bbox = (424.9300, 738.5500) - (425.0100, 738.6500) on Layer M1
violation type: Metal Spacing
	srcs: inst:u_data_mem/_69896_ net:u_data_mem/bank2\[9\][23]
	bbox = (461.9300, 659.3500) - (462.0100, 659.4500) on Layer M1
violation type: Metal Spacing
	srcs: net:u_data_mem/bank3\[18\][12] inst:u_data_mem/_72317_
	bbox = (495.7300, 824.9500) - (495.8100, 825.0500) on Layer M1
violation type: Metal Spacing
	srcs: inst:u_data_mem/_69315_ net:u_data_mem/bank2\[25\][18]
	bbox = (507.3300, 752.9500) - (507.4100, 753.0500) on Layer M1
violation type: Metal Spacing
	srcs: net:u_data_mem/bank3\[23\][28] inst:u_data_mem/_72173_
	bbox = (540.3300, 806.9500) - (540.4100, 807.0500) on Layer M1
violation type: Metal Spacing
	srcs: net:u_riscv_top/CSR_Register/_0841_ net:u_riscv_top/CSR_Register/_1175_
	bbox = (541.5500, 448.9100) - (541.6100, 448.9500) on Layer M1
violation type: Metal Spacing
	srcs: inst:u_data_mem/_69601_ net:u_data_mem/bank2\[17\][16]
	bbox = (551.3300, 626.9500) - (551.4100, 627.0500) on Layer M1
violation type: Metal Spacing
	srcs: inst:u_data_mem/_71104_ net:u_data_mem/bank3\[57\][15]
	bbox = (552.7300, 886.1500) - (552.8100, 886.2500) on Layer M1
violation type: Metal Spacing
	srcs: net:u_data_mem/_39927_ inst:u_data_mem/_71638_
	bbox = (621.7300, 838.1500) - (621.8100, 838.2350) on Layer M1
violation type: Metal Spacing
	srcs: net:u_data_mem/_39927_ inst:u_data_mem/_71638_
	bbox = (621.7300, 838.1500) - (621.8100, 838.2500) on Layer M1
violation type: Metal Spacing
	srcs: net:u_data_mem/_39927_ inst:u_data_mem/_71638_
	bbox = (621.7300, 838.2150) - (621.8100, 838.2350) on Layer M1
violation type: Metal Spacing
	srcs: net:u_riscv_top/PC_NEXT_CSR[10] net:u_riscv_top/CSR_Register/_1175_
	bbox = (653.9500, 474.0500) - (654.0100, 474.1500) on Layer M1
violation type: Metal Spacing
	srcs: net:i_ex[22] net:u_riscv_top/controller/_0843_
	bbox = (1016.3500, 493.7500) - (1016.4100, 493.8000) on Layer M1
violation type: Metal Spacing
	srcs: net:i_ex[22] net:u_riscv_top/controller/_0843_
	bbox = (1016.3500, 493.7500) - (1016.4100, 493.8500) on Layer M1
violation type: Metal Spacing
	srcs: net:u_spi/init_BG/_068_ net:VSS
	bbox = (60.0500, 392.5000) - (60.1500, 392.5700) on Layer M2
violation type: Metal Spacing
	srcs: net:u_apb/_0196_ net:u_apb/_0202_
	bbox = (60.8500, 560.8500) - (60.9500, 560.9100) on Layer M2
violation type: Metal Spacing
	srcs: net:u_apb/_0202_ net:u_apb/net368
	bbox = (61.0500, 560.8500) - (61.1500, 560.9100) on Layer M2
violation type: Metal Spacing
	srcs: net:u_spi/_0689_ net:u_spi/_0713_
	bbox = (83.8500, 458.2500) - (83.9500, 458.3100) on Layer M2
violation type: Metal Spacing
	srcs: net:u_spi/_0689_ net:u_spi/_0713_
	bbox = (83.8500, 458.2900) - (83.9500, 458.3100) on Layer M2
violation type: Metal Spacing
	srcs: net:u_spi/_0689_ net:u_spi/_0713_
	bbox = (83.8500, 458.2900) - (83.9500, 458.3500) on Layer M2
violation type: Metal Spacing
	srcs: net:u_spi/_0661_ net:u_spi/_0670_
	bbox = (99.0500, 398.6500) - (99.0500, 398.7100) on Layer M2
violation type: Metal Spacing
	srcs: net:u_data_mem/_22697_ net:u_data_mem/_41176_
	bbox = (99.6500, 897.2900) - (99.7500, 897.3700) on Layer M2
violation type: Metal Spacing
	srcs: net:u_data_mem/_20009_ net:VSS
	bbox = (116.6500, 813.4300) - (116.7500, 813.5000) on Layer M2
violation type: Metal Spacing
	srcs: net:u_data_mem/_19606_ net:VDD
	bbox = (119.6500, 1002.4300) - (119.7500, 1002.5000) on Layer M2
violation type: Metal Spacing
	srcs: net:u_data_mem/_40394_ net:VDD
	bbox = (121.6500, 833.5000) - (121.7500, 833.5700) on Layer M2
violation type: Metal Spacing
	srcs: net:u_data_mem/_40392_ net:u_data_mem/_40394_
	bbox = (121.6500, 834.0900) - (121.7500, 834.1500) on Layer M2
violation type: Metal Spacing
	srcs: net:u_data_mem/_40392_ net:u_data_mem/_40393_
	bbox = (121.6500, 834.2500) - (121.7500, 834.3100) on Layer M2
violation type: Metal Spacing
	srcs: net:u_gpio/_1270_ net:u_gpio/data_out_q[18]
	bbox = (124.4500, 502.6900) - (124.5500, 502.7500) on Layer M2
violation type: Metal Spacing
	srcs: net:u_data_mem/_40376_ net:u_data_mem/bank1\[28\][3]
	bbox = (130.0500, 724.6900) - (130.1500, 724.7500) on Layer M2
violation type: Metal Spacing
	srcs: net:u_data_mem/bank1\[31\][3] net:VSS
	bbox = (130.2500, 723.7000) - (130.3500, 723.7700) on Layer M2
violation type: Metal Spacing
	srcs: net:u_data_mem/_40376_ net:u_data_mem/bank1\[28\][3]
	bbox = (130.2500, 724.6500) - (130.3500, 724.7100) on Layer M2
violation type: Metal Spacing
	srcs: net:u_gpio/_0988_
	bbox = (131.6500, 518.8500) - (131.7500, 518.9100) on Layer M2
violation type: Metal Spacing
	srcs: net:u_gpio/_1336_ net:u_gpio/int_status_q[12]
	bbox = (132.0500, 489.0300) - (132.1500, 489.1100) on Layer M2
violation type: Metal Spacing
	srcs: net:u_data_mem/_35549_ net:u_data_mem/_35899_
	bbox = (132.4500, 1001.2900) - (132.5500, 1001.3700) on Layer M2
violation type: Metal Spacing
	srcs: net:u_data_mem/_39167_ net:VDD
	bbox = (138.0500, 790.0300) - (138.1500, 790.1000) on Layer M2
violation type: Metal Spacing
	srcs: net:u_gpio/_1293_ net:u_gpio/rise_en_q[5]
	bbox = (139.8500, 511.6900) - (139.9500, 511.7500) on Layer M2
violation type: Metal Spacing
	srcs: net:u_gpio/_1407_ net:u_gpio/data_out_q[16]
	bbox = (140.6500, 499.4500) - (140.7500, 499.5100) on Layer M2
violation type: Metal Spacing
	srcs: net:u_gpio/_1387_ net:u_gpio/fall_en_q[6]
	bbox = (141.0500, 461.4500) - (141.0500, 461.5100) on Layer M2
violation type: Metal Spacing
	srcs: net:u_gpio/_1387_ net:VSS
	bbox = (141.4500, 460.9000) - (141.5500, 460.9100) on Layer M2
violation type: Metal Spacing
	srcs: net:u_gpio/_1407_ net:VDD
	bbox = (141.4500, 466.3000) - (141.5500, 466.3100) on Layer M2
violation type: Metal Spacing
	srcs: net:pwdata_gpio_p[8] net:u_gpio/_1433_
	bbox = (142.4500, 569.8300) - (142.5500, 569.9100) on Layer M2
violation type: Metal Spacing
	srcs: net:u_gpio/_1244_ net:u_gpio/_1431_
	bbox = (147.6500, 559.2900) - (147.7500, 559.3500) on Layer M2
violation type: Metal Spacing
	srcs: net:u_gpio/_0912_ net:u_gpio/_1401_
	bbox = (154.8500, 567.6500) - (154.9500, 567.7100) on Layer M2
violation type: Metal Spacing
	srcs: net:u_data_mem/_18327_ net:u_data_mem/_41235_
	bbox = (155.0500, 630.8900) - (155.1500, 630.9500) on Layer M2
violation type: Metal Spacing
	srcs: net:prdata_gpio_p[20] net:u_gpio/_1243_
	bbox = (161.2500, 513.6500) - (161.3500, 513.7100) on Layer M2
violation type: Metal Spacing
	srcs: net:u_gpio/_1431_ net:VDD
	bbox = (161.4500, 538.3000) - (161.5500, 538.3100) on Layer M2
violation type: Metal Spacing
	srcs: net:u_data_mem/_41154_ net:VSS
	bbox = (161.6500, 683.8900) - (161.7500, 683.9000) on Layer M2
violation type: Metal Spacing
	srcs: net:u_gpio/_1235_ net:VSS
	bbox = (165.0500, 486.1000) - (165.1500, 486.1100) on Layer M2
violation type: Metal Spacing
	srcs: net:u_riscv_top/multiplier/_08891_ net:VDD
	bbox = (169.4500, 329.5000) - (169.5500, 329.5700) on Layer M2
violation type: Metal Spacing
	srcs: net:u_gpio/_1244_ net:u_gpio/_1277_
	bbox = (169.4500, 451.2900) - (169.5500, 451.3500) on Layer M2
violation type: Metal Spacing
	srcs: net:u_gpio/_0941_ net:u_gpio/_1401_
	bbox = (169.8500, 461.4500) - (169.9500, 461.5100) on Layer M2
violation type: Metal Spacing
	srcs: net:u_gpio/_1431_ net:u_gpio/_1438_
	bbox = (172.4500, 558.8900) - (172.5500, 558.9700) on Layer M2
violation type: Metal Spacing
	srcs: net:u_data_mem/bank1\[23\][16] net:VSS
	bbox = (175.4500, 604.6300) - (175.5500, 604.7000) on Layer M2
violation type: Metal Spacing
	srcs: net:u_data_mem/_39005_ net:VDD
	bbox = (176.2500, 775.6300) - (176.3500, 775.7000) on Layer M2
violation type: Metal Spacing
	srcs: net:u_gpio/_1505_ net:u_gpio/data_out_q[28]
	bbox = (187.0500, 468.8500) - (187.1500, 468.9100) on Layer M2
violation type: Metal Spacing
	srcs: net:u_gpio/_1407_ net:u_gpio/_1505_
	bbox = (187.2500, 468.8500) - (187.3500, 468.9100) on Layer M2
violation type: Metal Spacing
	srcs: net:u_data_mem/_24037_ net:VDD
	bbox = (190.2500, 624.4300) - (190.3500, 624.5000) on Layer M2
violation type: Metal Spacing
	srcs: net:u_data_mem/bank0\[45\][15] net:VSS
	bbox = (191.2500, 972.1000) - (191.3500, 972.1100) on Layer M2
violation type: Metal Spacing
	srcs: net:mem_wdata[5] net:u_data_mem/_41193_
	bbox = (192.8500, 810.4500) - (192.9500, 810.5100) on Layer M2
violation type: Metal Spacing
	srcs: net:u_data_mem/_24108_ net:u_data_mem/_41235_
	bbox = (194.6500, 686.8300) - (194.7500, 686.9100) on Layer M2
violation type: Metal Spacing
	srcs: net:mem_addr[0] net:u_data_mem/_37511_
	bbox = (195.4500, 882.8300) - (195.5500, 882.9100) on Layer M2
violation type: Metal Spacing
	srcs: net:u_data_mem/_35542_ net:u_data_mem/bank0\[32\][19]
	bbox = (195.8500, 882.8900) - (195.9500, 882.9100) on Layer M2
violation type: Metal Spacing
	srcs: net:u_data_mem/_35542_ net:u_data_mem/bank0\[32\][19]
	bbox = (195.8500, 882.8900) - (195.9500, 882.9500) on Layer M2
violation type: Metal Spacing
	srcs: net:u_data_mem/_35542_ net:u_data_mem/_36015_
	bbox = (196.4500, 604.2900) - (196.5500, 604.3100) on Layer M2
violation type: Metal Spacing
	srcs: net:u_data_mem/_35542_ net:u_data_mem/_36015_
	bbox = (196.4500, 604.2900) - (196.5500, 604.3500) on Layer M2
violation type: Metal Spacing
	srcs: net:mem_wdata[28]
	bbox = (204.6500, 498.0500) - (204.7500, 498.1100) on Layer M2
violation type: Metal Spacing
	srcs: net:mem_wdata[28]
	bbox = (204.6500, 498.0900) - (204.7500, 498.1100) on Layer M2
violation type: Metal Spacing
	srcs: net:mem_wdata[28]
	bbox = (204.6500, 498.0900) - (204.7500, 498.1500) on Layer M2
violation type: Metal Spacing
	srcs: net:u_data_mem/_41291_ net:u_data_mem/bank0\[42\][31]
	bbox = (206.8500, 1005.0900) - (206.9500, 1005.1500) on Layer M2
violation type: Metal Spacing
	srcs: net:u_data_mem/_18330_ net:VDD
	bbox = (208.8500, 739.9000) - (208.9500, 739.9700) on Layer M2
violation type: Metal Spacing
	srcs: net:u_data_mem/_18321_ net:u_data_mem/_40976_
	bbox = (212.8500, 612.8900) - (212.9500, 612.9500) on Layer M2
violation type: Metal Spacing
	srcs: net:u_data_mem/_37528_ net:u_data_mem/bank0\[0\][19]
	bbox = (212.8500, 854.4900) - (212.9500, 854.5500) on Layer M2
violation type: Metal Spacing
	srcs: net:u_data_mem/_36706_ net:u_data_mem/_36707_
	bbox = (218.0500, 605.6500) - (218.1500, 605.7100) on Layer M2
violation type: Metal Spacing
	srcs: net:u_data_mem/_40015_ net:VDD
	bbox = (221.0500, 505.6300) - (221.1500, 505.7000) on Layer M2
violation type: Metal Spacing
	srcs: net:u_riscv_top/multiplier/_07769_ net:VSS
	bbox = (221.2500, 381.4300) - (221.3500, 381.5000) on Layer M2
violation type: Metal Spacing
	srcs: net:u_data_mem/bank1\[0\][24] net:VDD
	bbox = (221.2500, 603.1000) - (221.3500, 603.1100) on Layer M2
violation type: Metal Spacing
	srcs: net:u_data_mem/bank0\[26\][13] net:VDD
	bbox = (221.8500, 959.5000) - (221.9500, 959.5700) on Layer M2
violation type: Metal Spacing
	srcs: net:u_riscv_top/multiplier/_10405_ net:VDD
	bbox = (223.4500, 246.7000) - (223.5500, 246.7100) on Layer M2
violation type: Metal Spacing
	srcs: net:u_data_mem/_37444_ net:u_data_mem/_37454_
	bbox = (224.2500, 951.0500) - (224.3500, 951.1100) on Layer M2
violation type: Metal Spacing
	srcs: net:u_data_mem/_37460_ net:VSS
	bbox = (224.4500, 950.5000) - (224.5500, 950.5700) on Layer M2
violation type: Metal Spacing
	srcs: net:u_data_mem/_37454_ net:u_data_mem/_37460_
	bbox = (224.4500, 950.8900) - (224.5500, 950.9500) on Layer M2
violation type: Metal Spacing
	srcs: net:u_data_mem/_37454_ net:u_data_mem/_37460_
	bbox = (224.6500, 950.8900) - (224.7500, 950.9500) on Layer M2
violation type: Metal Spacing
	srcs: net:u_data_mem/_37425_ net:VDD
	bbox = (224.6500, 952.0900) - (224.7500, 952.1000) on Layer M2
violation type: Metal Spacing
	srcs: net:u_data_mem/bank1\[21\][3] net:VDD
	bbox = (225.8500, 624.4300) - (225.9500, 624.5000) on Layer M2
violation type: Metal Spacing
	srcs: net:u_data_mem/_35542_ net:u_data_mem/_35549_
	bbox = (226.8500, 762.4900) - (226.9500, 762.5500) on Layer M2
violation type: Metal Spacing
	srcs: net:u_data_mem/bank0\[29\][13] net:VDD
	bbox = (227.8500, 959.5000) - (227.9500, 959.5700) on Layer M2
violation type: Metal Spacing
	srcs: net:u_data_mem/_35536_ net:VSS
	bbox = (231.8500, 810.1000) - (231.9500, 810.1100) on Layer M2
violation type: Metal Spacing
	srcs: net:u_data_mem/bank1\[63\][29] net:VDD
	bbox = (235.6500, 624.4300) - (235.7500, 624.5000) on Layer M2
violation type: Metal Spacing
	srcs: net:u_data_mem/_18178_ net:VDD
	bbox = (236.4500, 757.6900) - (236.5500, 757.7000) on Layer M2
violation type: Metal Spacing
	srcs: net:u_data_mem/bank1\[2\][11] net:VDD
	bbox = (238.8500, 584.8900) - (238.9500, 584.9000) on Layer M2
violation type: Metal Spacing
	srcs: net:u_data_mem/bank1\[3\][11] net:VDD
	bbox = (239.2500, 584.8900) - (239.3500, 584.9000) on Layer M2
violation type: Metal Spacing
	srcs: net:u_riscv_top/multiplier/_10258_ net:VDD
	bbox = (241.4500, 379.9000) - (241.5500, 379.9100) on Layer M2
violation type: Metal Spacing
	srcs: net:u_data_mem/_41169_ net:VSS
	bbox = (242.8500, 583.3000) - (242.9500, 583.3100) on Layer M2
violation type: Metal Spacing
	srcs: net:u_data_mem/_39532_ net:u_data_mem/bank1\[6\][8]
	bbox = (243.4500, 540.8900) - (243.5500, 540.9500) on Layer M2
violation type: Metal Spacing
	srcs: net:u_data_mem/_40234_ net:u_data_mem/_40236_
	bbox = (245.2500, 1005.4500) - (245.3500, 1005.5100) on Layer M2
violation type: Metal Spacing
	srcs: net:u_data_mem/_40234_ net:u_data_mem/_40237_
	bbox = (245.2500, 1005.6900) - (245.3500, 1005.7500) on Layer M2
violation type: Metal Spacing
	srcs: net:u_data_mem/_40234_ net:u_data_mem/_40237_
	bbox = (245.4500, 1005.6500) - (245.5500, 1005.7100) on Layer M2
violation type: Metal Spacing
	srcs: net:u_riscv_top/multiplier/_09266_ net:VDD
	bbox = (246.8500, 368.8900) - (246.9500, 368.9000) on Layer M2
violation type: Metal Spacing
	srcs: net:u_riscv_top/multiplier/_10636_ net:VSS
	bbox = (251.2500, 442.9000) - (251.3500, 442.9100) on Layer M2
violation type: Metal Spacing
	srcs: net:u_data_mem/_37114_ net:VSS
	bbox = (251.2500, 813.4300) - (251.3500, 813.5000) on Layer M2
violation type: Metal Spacing
	srcs: net:u_data_mem/_41208_ net:VSS
	bbox = (252.0500, 475.3000) - (252.1500, 475.3100) on Layer M2
violation type: Metal Spacing
	srcs: net:u_riscv_top/multiplier/_07251_ net:VSS
	bbox = (252.2500, 266.5000) - (252.3500, 266.5700) on Layer M2
violation type: Metal Spacing
	srcs: net:u_data_mem/bank0\[17\][29] net:VDD
	bbox = (254.2500, 833.5000) - (254.3500, 833.5700) on Layer M2
violation type: Metal Spacing
	srcs: net:u_data_mem/bank1\[6\][1] net:VDD
	bbox = (256.6500, 581.5000) - (256.7500, 581.5700) on Layer M2
violation type: Metal Spacing
	srcs: net:u_riscv_top/multiplier/_10555_ net:VSS
	bbox = (257.0500, 442.9000) - (257.1500, 442.9100) on Layer M2
violation type: Metal Spacing
	srcs: net:mem_wdata[25] net:u_data_mem/_41010_
	bbox = (260.2500, 902.6900) - (260.3500, 902.7500) on Layer M2
violation type: Metal Spacing
	srcs: net:u_data_mem/bank0\[26\][22] net:VDD
	bbox = (260.4500, 959.5000) - (260.5500, 959.5700) on Layer M2
violation type: Metal Spacing
	srcs: net:u_data_mem/_40157_ net:u_data_mem/bank1\[0\][4]
	bbox = (266.8500, 609.2300) - (266.9500, 609.3100) on Layer M2
violation type: Metal Spacing
	srcs: net:mem_addr[0] net:u_data_mem/_35538_
	bbox = (267.4500, 699.2500) - (267.5500, 699.3100) on Layer M2
violation type: Metal Spacing
	srcs: net:u_data_mem/_35538_ net:u_data_mem/_36699_
	bbox = (267.6500, 698.8900) - (267.7500, 698.9500) on Layer M2
violation type: Metal Spacing
	srcs: net:mem_addr[0] net:u_data_mem/_35538_
	bbox = (267.6500, 699.0500) - (267.7500, 699.1100) on Layer M2
violation type: Metal Spacing
	srcs: net:u_data_mem/_35538_ net:u_data_mem/bank1\[56\][24]
	bbox = (268.0500, 699.0500) - (268.1500, 699.1100) on Layer M2
violation type: Metal Spacing
	srcs: net:u_data_mem/_18357_ net:u_data_mem/_25055_
	bbox = (272.0500, 770.8500) - (272.1500, 770.9100) on Layer M2
violation type: Metal Spacing
	srcs: net:u_data_mem/_35542_ net:u_data_mem/_36647_
	bbox = (273.6500, 893.2500) - (273.7500, 893.3100) on Layer M2
violation type: Metal Spacing
	srcs: net:u_data_mem/bank1\[15\][12] net:VDD
	bbox = (276.4500, 581.5000) - (276.5500, 581.5700) on Layer M2
violation type: Metal Spacing
	srcs: net:u_data_mem/bank1\[50\][24] net:VSS
	bbox = (277.0500, 734.5000) - (277.1500, 734.5100) on Layer M2
violation type: Metal Spacing
	srcs: net:u_data_mem/_37385_ net:VDD
	bbox = (278.8500, 631.6300) - (278.9500, 631.7000) on Layer M2
violation type: Metal Spacing
	srcs: net:u_data_mem/bank0\[30\][23] net:VDD
	bbox = (282.0500, 959.5000) - (282.1500, 959.5700) on Layer M2
violation type: Metal Spacing
	srcs: net:u_data_mem/_18319_ net:VDD
	bbox = (284.0500, 610.0900) - (284.1500, 610.1000) on Layer M2
violation type: Metal Spacing
	srcs: net:u_data_mem/_24900_ net:VSS
	bbox = (286.2500, 770.5000) - (286.3500, 770.5700) on Layer M2
violation type: Metal Spacing
	srcs: net:u_data_mem/_40387_ net:VSS
	bbox = (287.0500, 896.5000) - (287.1500, 896.5700) on Layer M2
violation type: Metal Spacing
	srcs: net:u_data_mem/_18268_ net:u_data_mem/_22288_
	bbox = (287.2500, 816.4900) - (287.3500, 816.5100) on Layer M2
violation type: Metal Spacing
	srcs: net:u_data_mem/_18268_ net:u_data_mem/_22288_
	bbox = (287.2500, 816.4900) - (287.3500, 816.5500) on Layer M2
violation type: Metal Spacing
	srcs: net:u_data_mem/_22288_ net:u_data_mem/_40995_
	bbox = (287.2500, 816.4900) - (287.3500, 816.5500) on Layer M2
violation type: Metal Spacing
	srcs: net:u_data_mem/_41255_ net:VDD
	bbox = (288.0500, 610.3000) - (288.1500, 610.3100) on Layer M2
violation type: Metal Spacing
	srcs: net:u_data_mem/_35546_ net:u_data_mem/_37547_
	bbox = (291.2500, 983.6300) - (291.3500, 983.7100) on Layer M2
violation type: Metal Spacing
	srcs: net:u_data_mem/_35549_ net:u_data_mem/_38629_
	bbox = (295.6500, 818.0300) - (295.7500, 818.1100) on Layer M2
violation type: Metal Spacing
	srcs: net:u_data_mem/_23637_ net:VSS
	bbox = (295.8500, 518.5000) - (295.9500, 518.5700) on Layer M2
violation type: Metal Spacing
	srcs: net:u_data_mem/_39150_ net:VDD
	bbox = (296.4500, 973.6300) - (296.5500, 973.7000) on Layer M2
violation type: Metal Spacing
	srcs: net:u_data_mem/_23779_ net:VDD
	bbox = (297.2500, 498.4300) - (297.3500, 498.5000) on Layer M2
violation type: Metal Spacing
	srcs: net:u_data_mem/bank1\[61\][21] net:VSS
	bbox = (298.6500, 637.0900) - (298.7500, 637.1000) on Layer M2
violation type: Metal Spacing
	srcs: net:u_data_mem/_35542_ net:VDD
	bbox = (301.4500, 520.0900) - (301.5500, 520.1000) on Layer M2
violation type: Metal Spacing
	srcs: net:u_data_mem/bank1\[14\][28] net:VDD
	bbox = (301.8500, 520.0900) - (301.9500, 520.1000) on Layer M2
violation type: Metal Spacing
	srcs: net:u_data_mem/_23856_ net:VDD
	bbox = (304.6500, 498.4300) - (304.7500, 498.5000) on Layer M2
violation type: Metal Spacing
	srcs: net:u_data_mem/_37664_ net:u_data_mem/_37667_
	bbox = (304.6500, 594.4500) - (304.7500, 594.5100) on Layer M2
violation type: Metal Spacing
	srcs: net:u_data_mem/_37664_ net:VSS
	bbox = (305.2500, 586.9000) - (305.3500, 586.9100) on Layer M2
violation type: Metal Spacing
	srcs: net:u_data_mem/bank1\[51\][20] net:VDD
	bbox = (305.8500, 750.4300) - (305.9500, 750.5000) on Layer M2
violation type: Metal Spacing
	srcs: net:u_data_mem/_18268_ net:u_data_mem/_22283_
	bbox = (307.6500, 832.0500) - (307.7500, 832.1100) on Layer M2
violation type: Metal Spacing
	srcs: net:u_riscv_top/register_file/_09396_ net:u_riscv_top/register_file/_09398_
	bbox = (313.8500, 78.2900) - (313.9500, 78.3700) on Layer M2
violation type: Metal Spacing
	srcs: net:u_data_mem/_38119_ net:VSS
	bbox = (313.8500, 813.4300) - (313.9500, 813.5000) on Layer M2
violation type: Metal Spacing
	srcs: net:u_data_mem/_36071_ net:u_data_mem/bank0\[14\][7]
	bbox = (313.8500, 919.0900) - (313.9500, 919.1500) on Layer M2
violation type: Metal Spacing
	srcs: net:u_riscv_top/register_file/_07463_
	bbox = (314.4500, 14.8500) - (314.5500, 14.9100) on Layer M2
violation type: Metal Spacing
	srcs: net:u_riscv_top/register_file/_07463_
	bbox = (314.4500, 14.8900) - (314.5500, 14.9100) on Layer M2
violation type: Metal Spacing
	srcs: net:u_data_mem/_36057_ net:u_data_mem/_36080_
	bbox = (314.4500, 918.4900) - (314.5500, 918.5500) on Layer M2
violation type: Metal Spacing
	srcs: net:u_riscv_top/register_file/_07231_ net:u_riscv_top/register_file/regfile\[10\][22]
	bbox = (314.6500, 42.6900) - (314.7500, 42.7500) on Layer M2
violation type: Metal Spacing
	srcs: net:u_riscv_top/register_file/regfile\[12\][0] net:VDD
	bbox = (316.4500, 163.9000) - (316.5500, 163.9100) on Layer M2
violation type: Metal Spacing
	srcs: net:u_riscv_top/register_file/_09662_ net:u_riscv_top/register_file/_10029_
	bbox = (316.6500, 193.4500) - (316.7500, 193.5100) on Layer M2
violation type: Metal Spacing
	srcs: net:u_riscv_top/register_file/_08850_ net:u_riscv_top/register_file/regfile\[8\][0]
	bbox = (316.8500, 162.8900) - (316.9500, 162.9500) on Layer M2
violation type: Metal Spacing
	srcs: net:u_riscv_top/register_file/_09635_ net:u_riscv_top/register_file/regfile\[8\][0]
	bbox = (316.8500, 163.0500) - (316.9500, 163.1100) on Layer M2
violation type: Metal Spacing
	srcs: net:u_riscv_top/register_file/_08850_ net:u_riscv_top/register_file/regfile\[12\][0]
	bbox = (317.2500, 162.8500) - (317.3500, 162.9100) on Layer M2
violation type: Metal Spacing
	srcs: net:u_riscv_top/register_file/_08850_ net:u_riscv_top/register_file/regfile\[8\][0]
	bbox = (317.4500, 162.8500) - (317.5500, 162.9100) on Layer M2
violation type: Metal Spacing
	srcs: net:u_riscv_top/register_file/_08850_ net:u_riscv_top/register_file/regfile\[12\][0]
	bbox = (317.8500, 162.8900) - (317.9500, 162.9500) on Layer M2
violation type: Metal Spacing
	srcs: net:u_data_mem/_37058_ net:u_data_mem/_37059_
	bbox = (318.8500, 695.6900) - (318.9500, 695.7500) on Layer M2
violation type: Metal Spacing
	srcs: net:u_data_mem/_37402_ net:u_data_mem/_37404_
	bbox = (319.2500, 666.6500) - (319.3500, 666.7100) on Layer M2
violation type: Metal Spacing
	srcs: net:u_data_mem/_37057_ net:u_data_mem/_37059_
	bbox = (319.2500, 695.6900) - (319.3500, 695.7500) on Layer M2
violation type: Metal Spacing
	srcs: net:u_data_mem/_35559_ net:u_data_mem/_37059_
	bbox = (319.4500, 695.8900) - (319.5500, 695.9500) on Layer M2
violation type: Metal Spacing
	srcs: net:u_data_mem/bank0\[21\][26] net:VDD
	bbox = (319.8500, 876.4300) - (319.9500, 876.5000) on Layer M2
violation type: Metal Spacing
	srcs: net:u_riscv_top/register_file/regfile\[10\][13] net:u_riscv_top/register_file/regfile\[14\][13]
	bbox = (322.0500, 135.8500) - (322.1500, 135.9100) on Layer M2
violation type: Metal Spacing
	srcs: net:u_data_mem/_36684_ net:u_data_mem/_36687_
	bbox = (324.6500, 708.6900) - (324.7500, 708.7500) on Layer M2
violation type: Metal Spacing
	srcs: net:A2_sim[0] net:VSS
	bbox = (326.6500, 179.8300) - (326.7500, 179.9000) on Layer M2
violation type: Metal Spacing
	srcs: net:A3_sim[2] net:u_riscv_top/register_file/regfile\[4\][1]
	bbox = (328.6500, 242.0900) - (328.7500, 242.1500) on Layer M2
violation type: Metal Spacing
	srcs: net:A1_sim[1] net:VSS
	bbox = (328.8500, 241.3000) - (328.9500, 241.3700) on Layer M2
violation type: Metal Spacing
	srcs: net:u_data_mem/_37285_ net:u_data_mem/bank1\[35\][21]
	bbox = (329.0500, 656.4900) - (329.1500, 656.5500) on Layer M2
violation type: Metal Spacing
	srcs: net:u_riscv_top/register_file/_10430_ net:u_riscv_top/register_file/_10431_
	bbox = (329.2500, 242.0300) - (329.3500, 242.1100) on Layer M2
violation type: Metal Spacing
	srcs: net:u_data_mem/_24911_ net:VDD
	bbox = (333.2500, 750.4300) - (333.3500, 750.5000) on Layer M2
violation type: Metal Spacing
	srcs: net:u_data_mem/_23061_ net:VDD
	bbox = (336.4500, 876.4300) - (336.5500, 876.5000) on Layer M2
violation type: Metal Spacing
	srcs: net:u_data_mem/bank1\[47\][20] net:VDD
	bbox = (340.6500, 581.5000) - (340.7500, 581.5700) on Layer M2
violation type: Metal Spacing
	srcs: net:u_data_mem/bank0\[55\][29] net:VDD
	bbox = (341.8500, 833.5000) - (341.9500, 833.5700) on Layer M2
violation type: Metal Spacing
	srcs: net:u_riscv_top/register_file/_08850_ net:u_riscv_top/register_file/regfile\[28\][1]
	bbox = (342.2500, 231.2500) - (342.3500, 231.3100) on Layer M2
violation type: Metal Spacing
	srcs: net:u_data_mem/_36672_ net:u_data_mem/bank1\[41\][24]
	bbox = (342.2500, 528.4900) - (342.3500, 528.5500) on Layer M2
violation type: Metal Spacing
	srcs: net:u_riscv_top/register_file/_06759_ net:VDD
	bbox = (343.2500, 124.3000) - (343.3500, 124.3100) on Layer M2
violation type: Metal Spacing
	srcs: net:u_riscv_top/register_file/_07231_ net:u_riscv_top/register_file/regfile\[30\][22]
	bbox = (344.2500, 22.6900) - (344.3500, 22.7500) on Layer M2
violation type: Metal Spacing
	srcs: net:u_riscv_top/register_file/_09662_ net:u_riscv_top/register_file/regfile\[30\][22]
	bbox = (344.2500, 22.8500) - (344.3500, 22.9100) on Layer M2
violation type: Metal Spacing
	srcs: net:u_riscv_top/register_file/_09660_ net:u_riscv_top/register_file/_09884_
	bbox = (345.2500, 22.6500) - (345.3500, 22.7100) on Layer M2
violation type: Metal Spacing
	srcs: net:u_riscv_top/register_file/_07222_ net:u_riscv_top/register_file/_08810_
	bbox = (347.0500, 249.0500) - (347.1500, 249.1100) on Layer M2
violation type: Metal Spacing
	srcs: net:u_data_mem/_39298_ net:u_data_mem/_39320_
	bbox = (350.2500, 692.0500) - (350.3500, 692.1100) on Layer M2
violation type: Metal Spacing
	srcs: net:u_riscv_top/register_file/_07212_ net:u_riscv_top/register_file/_07302_
	bbox = (350.4500, 107.0900) - (350.5500, 107.1500) on Layer M2
violation type: Metal Spacing
	srcs: net:mem_addr[1] net:VSS
	bbox = (351.0500, 644.5000) - (351.1500, 644.5700) on Layer M2
violation type: Metal Spacing
	srcs: net:u_riscv_top/register_file/_06548_ net:VSS
	bbox = (351.2500, 14.5000) - (351.3500, 14.5700) on Layer M2
violation type: Metal Spacing
	srcs: net:u_riscv_top/register_file/_08850_ net:u_riscv_top/register_file/regfile\[20\][1]
	bbox = (357.8500, 231.2500) - (357.9500, 231.3100) on Layer M2
violation type: Metal Spacing
	srcs: net:u_riscv_top/register_file/_10197_ net:VSS
	bbox = (358.4500, 82.6900) - (358.5500, 82.7000) on Layer M2
violation type: Metal Spacing
	srcs: net:u_riscv_top/register_file/_08852_ net:u_riscv_top/register_file/_09655_
	bbox = (360.2500, 143.0500) - (360.3500, 143.1100) on Layer M2
violation type: Metal Spacing
	srcs: net:u_data_mem/_24946_ net:u_data_mem/_41244_
	bbox = (360.4500, 735.2900) - (360.5500, 735.3700) on Layer M2
violation type: Metal Spacing
	srcs: net:u_riscv_top/register_file/regfile\[23\][20] net:VDD
	bbox = (362.4500, 253.9000) - (362.5500, 253.9100) on Layer M2
violation type: Metal Spacing
	srcs: net:u_data_mem/_35549_ net:VDD
	bbox = (362.6500, 808.3000) - (362.7500, 808.3100) on Layer M2
violation type: Metal Spacing
	srcs: net:u_riscv_top/register_file/_09950_ net:VSS
	bbox = (363.0500, 255.4900) - (363.1500, 255.5000) on Layer M2
violation type: Metal Spacing
	srcs: net:u_riscv_top/register_file/_08274_ net:u_riscv_top/register_file/_08276_
	bbox = (363.8500, 16.8500) - (363.9500, 16.9100) on Layer M2
violation type: Metal Spacing
	srcs: net:u_riscv_top/register_file/_08316_ net:VDD
	bbox = (364.2500, 253.9000) - (364.3500, 253.9100) on Layer M2
violation type: Metal Spacing
	srcs: net:u_riscv_top/register_file/_09140_ net:u_riscv_top/register_file/regfile\[22\][20]
	bbox = (364.6500, 250.6500) - (364.7500, 250.7100) on Layer M2
violation type: Metal Spacing
	srcs: net:u_riscv_top/register_file/_08318_ net:VDD
	bbox = (365.0500, 253.9000) - (365.1500, 253.9100) on Layer M2
violation type: Metal Spacing
	srcs: net:u_riscv_top/FP_Adder/fracA[22] net:VDD
	bbox = (365.0500, 365.2900) - (365.1500, 365.3000) on Layer M2
violation type: Metal Spacing
	srcs: net:u_riscv_top/register_file/_08271_ net:VSS
	bbox = (367.6500, 17.8300) - (367.7500, 17.9000) on Layer M2
violation type: Metal Spacing
	srcs: net:u_riscv_top/register_file/_09952_ net:VDD
	bbox = (369.6500, 253.9000) - (369.7500, 253.9100) on Layer M2
violation type: Metal Spacing
	srcs: net:u_data_mem/_41180_ net:VDD
	bbox = (370.0500, 754.0900) - (370.1500, 754.1000) on Layer M2
violation type: Metal Spacing
	srcs: net:u_riscv_top/register_file/_09951_ net:VDD
	bbox = (370.6500, 253.9000) - (370.7500, 253.9100) on Layer M2
violation type: Metal Spacing
	srcs: net:u_riscv_top/register_file/_09949_ net:VDD
	bbox = (371.4500, 253.9000) - (371.5500, 253.9100) on Layer M2
violation type: Metal Spacing
	srcs: net:u_data_mem/_41239_ net:VDD
	bbox = (371.4500, 754.0900) - (371.5500, 754.1000) on Layer M2
violation type: Metal Spacing
	srcs: net:u_riscv_top/register_file/_08234_ net:u_riscv_top/register_file/_08235_
	bbox = (373.0500, 143.0900) - (373.1500, 143.1500) on Layer M2
violation type: Metal Spacing
	srcs: net:u_riscv_top/register_file/_08234_ net:u_riscv_top/register_file/_08235_
	bbox = (373.2500, 143.0500) - (373.3500, 143.1100) on Layer M2
violation type: Metal Spacing
	srcs: net:u_data_mem/_25745_ net:VDD
	bbox = (373.2500, 833.5000) - (373.3500, 833.5700) on Layer M2
violation type: Metal Spacing
	srcs: net:A3_sim[2] net:u_riscv_top/register_file/_07625_
	bbox = (375.8500, 209.2900) - (375.9500, 209.3700) on Layer M2
violation type: Metal Spacing
	srcs: net:u_data_mem/_37124_ net:VSS
	bbox = (377.0500, 817.3000) - (377.1500, 817.3700) on Layer M2
violation type: Metal Spacing
	srcs: net:u_riscv_top/register_file/_08050_ net:u_riscv_top/register_file/regfile\[8\][12]
	bbox = (377.6500, 72.8900) - (377.7500, 72.9500) on Layer M2
violation type: Metal Spacing
	srcs: net:u_riscv_top/mux5/_229_ net:u_riscv_top/net1966
	bbox = (378.4500, 501.0900) - (378.5500, 501.1500) on Layer M2
violation type: Metal Spacing
	srcs: net:riscv_rdata[13] net:u_riscv_top/mux5/_230_
	bbox = (378.6500, 494.0900) - (378.7500, 494.1100) on Layer M2
violation type: Metal Spacing
	srcs: net:u_riscv_top/mux5/_229_ net:u_riscv_top/net1966
	bbox = (378.6500, 501.0500) - (378.7500, 501.1100) on Layer M2
violation type: Metal Spacing
	srcs: net:u_riscv_top/mux5/_229_ net:u_riscv_top/mux5/_231_
	bbox = (378.6500, 501.2900) - (378.7500, 501.3500) on Layer M2
violation type: Metal Spacing
	srcs: net:u_riscv_top/register_file/_09244_ net:VSS
	bbox = (379.2500, 216.1000) - (379.3500, 216.1100) on Layer M2
violation type: Metal Spacing
	srcs: net:wb_data_sim[13] net:u_riscv_top/mux5/_231_
	bbox = (379.4500, 493.6500) - (379.5500, 493.7100) on Layer M2
violation type: Metal Spacing
	srcs: net:u_riscv_top/register_file/_07227_ net:u_riscv_top/register_file/_09346_
	bbox = (381.0500, 81.6900) - (381.1500, 81.7500) on Layer M2
violation type: Metal Spacing
	srcs: net:u_riscv_top/register_file/_07227_ net:u_riscv_top/register_file/_09344_
	bbox = (381.0500, 81.8500) - (381.1500, 81.9100) on Layer M2
violation type: Metal Spacing
	srcs: net:u_riscv_top/register_file/_09662_ net:u_riscv_top/register_file/regfile\[30\][12]
	bbox = (382.2500, 49.6900) - (382.3500, 49.7500) on Layer M2
violation type: Metal Spacing
	srcs: net:u_riscv_top/stallF net:VSS
	bbox = (382.6500, 493.3000) - (382.7500, 493.3100) on Layer M2
violation type: Metal Spacing
	srcs: net:u_riscv_top/register_file/_09660_ net:u_riscv_top/register_file/_09662_
	bbox = (383.0500, 159.2500) - (383.1500, 159.3100) on Layer M2
violation type: Metal Spacing
	srcs: net:wb_data_sim[1] net:VDD
	bbox = (383.2500, 494.8900) - (383.3500, 494.9000) on Layer M2
violation type: Metal Spacing
	srcs: net:u_data_mem/_40986_ net:VSS
	bbox = (385.6500, 799.3000) - (385.7500, 799.3100) on Layer M2
violation type: Metal Spacing
	srcs: net:u_riscv_top/mux5/_230_ net:VDD
	bbox = (385.8500, 494.8900) - (385.9500, 494.9000) on Layer M2
violation type: Metal Spacing
	srcs: net:u_data_mem/_41220_ net:VSS
	bbox = (386.6500, 730.9000) - (386.7500, 730.9100) on Layer M2
violation type: Metal Spacing
	srcs: net:u_riscv_top/register_file/_08551_ net:VDD
	bbox = (388.0500, 106.3000) - (388.1500, 106.3700) on Layer M2
violation type: Metal Spacing
	srcs: net:u_riscv_top/register_file/_08550_ net:u_riscv_top/register_file/_08551_
	bbox = (388.0500, 106.8900) - (388.1500, 106.9100) on Layer M2
violation type: Metal Spacing
	srcs: net:u_riscv_top/register_file/_10142_ net:VDD
	bbox = (388.4500, 63.1000) - (388.5500, 63.1700) on Layer M2
violation type: Metal Spacing
	srcs: net:u_riscv_top/register_file/_10141_ net:u_riscv_top/register_file/_10142_
	bbox = (388.4500, 63.6900) - (388.5500, 63.7100) on Layer M2
violation type: Metal Spacing
	srcs: net:u_riscv_top/register_file/_10141_ net:u_riscv_top/register_file/_10142_
	bbox = (388.4500, 63.6900) - (388.5500, 63.7500) on Layer M2
violation type: Metal Spacing
	srcs: net:u_data_mem/_21221_ net:u_data_mem/_41100_
	bbox = (388.8500, 699.2900) - (388.9500, 699.3700) on Layer M2
violation type: Metal Spacing
	srcs: net:u_riscv_top/FP_Adder/_1757_ net:u_riscv_top/FP_Adder/sum_reg[18]
	bbox = (391.8500, 425.4500) - (391.9500, 425.5100) on Layer M2
violation type: Metal Spacing
	srcs: net:u_riscv_top/FP_Adder/_1930_ net:u_riscv_top/FP_Adder/sum_reg[20]
	bbox = (392.2500, 425.8900) - (392.3500, 425.9500) on Layer M2
violation type: Metal Spacing
	srcs: net:u_data_mem/_37599_ net:u_data_mem/_37600_
	bbox = (392.6500, 542.6500) - (392.7500, 542.7100) on Layer M2
violation type: Metal Spacing
	srcs: net:riscv_rdata[15] net:VDD
	bbox = (392.8500, 491.5000) - (392.9500, 491.5100) on Layer M2
violation type: Metal Spacing
	srcs: net:u_riscv_top/mux5/_230_ net:VDD
	bbox = (393.0500, 523.9000) - (393.1500, 523.9100) on Layer M2
violation type: Metal Spacing
	srcs: net:u_riscv_top/register_file/_09662_ net:u_riscv_top/register_file/_10154_
	bbox = (393.6500, 85.4900) - (393.7500, 85.5500) on Layer M2
violation type: Metal Spacing
	srcs: net:u_data_mem/bank2\[32\][10] net:VDD
	bbox = (393.8500, 707.5000) - (393.9500, 707.5700) on Layer M2
violation type: Metal Spacing
	srcs: net:u_riscv_top/register_file/_10034_ net:u_riscv_top/register_file/regfile\[6\][16]
	bbox = (394.2500, 207.4500) - (394.3500, 207.5100) on Layer M2
violation type: Metal Spacing
	srcs: net:wb_data_sim[6] net:u_riscv_top/pipeline_register3/_172_
	bbox = (394.4500, 499.4300) - (394.5500, 499.5100) on Layer M2
violation type: Metal Spacing
	srcs: net:u_riscv_top/fp_add_req_data_b[43] net:u_riscv_top/FP_Adder/_1114_
	bbox = (394.7500, 458.0900) - (394.7500, 458.1100) on Layer M2
violation type: Metal Spacing
	srcs: net:u_data_mem/_36799_ net:VSS
	bbox = (397.0500, 561.4300) - (397.1500, 561.5000) on Layer M2
violation type: Metal Spacing
	srcs: net:u_data_mem/_38582_ net:VDD
	bbox = (398.2500, 728.8900) - (398.3500, 728.9000) on Layer M2
violation type: Metal Spacing
	srcs: net:u_data_mem/_41103_ net:VSS
	bbox = (398.8500, 683.8900) - (398.9500, 683.9000) on Layer M2
violation type: Metal Spacing
	srcs: net:wb_data_sim[2] net:VDD
	bbox = (399.6500, 494.8300) - (399.7500, 494.9000) on Layer M2
violation type: Metal Spacing
	srcs: net:u_riscv_top/FP_Adder/_1939_ net:u_riscv_top/FP_Adder/sum_reg[15]
	bbox = (400.4500, 430.6500) - (400.5500, 430.7100) on Layer M2
violation type: Metal Spacing
	srcs: net:u_data_mem/_35537_ net:u_data_mem/bank2\[38\][1]
	bbox = (402.8500, 771.0500) - (402.9500, 771.1100) on Layer M2
violation type: Metal Spacing
	srcs: net:u_data_mem/_40906_ net:u_data_mem/bank3\[3\][0]
	bbox = (405.0500, 877.2900) - (405.1500, 877.3500) on Layer M2
violation type: Metal Spacing
	srcs: net:u_riscv_top/register_file/regfile\[10\][23] net:u_riscv_top/register_file/regfile\[14\][23]
	bbox = (405.4500, 164.4500) - (405.5500, 164.5100) on Layer M2
violation type: Metal Spacing
	srcs: net:u_riscv_top/register_file/_08049_ net:u_riscv_top/register_file/regfile\[14\][23]
	bbox = (406.2500, 164.4500) - (406.3500, 164.5100) on Layer M2
violation type: Metal Spacing
	srcs: net:u_riscv_top/register_file/regfile\[19\][11] net:VSS
	bbox = (406.8500, 86.2900) - (406.9500, 86.3000) on Layer M2
violation type: Metal Spacing
	srcs: net:u_riscv_top/register_file/regfile\[6\][18] net:VDD
	bbox = (407.0500, 257.5000) - (407.1500, 257.5100) on Layer M2
violation type: Metal Spacing
	srcs: net:A1_sim[1] net:u_riscv_top/register_file/_10002_
	bbox = (409.0500, 245.4900) - (409.1500, 245.5500) on Layer M2
violation type: Metal Spacing
	srcs: net:u_data_mem/_37307_ net:u_data_mem/bank2\[10\][20]
	bbox = (411.2500, 629.2500) - (411.3500, 629.3100) on Layer M2
violation type: Metal Spacing
	srcs: net:u_data_mem/_40039_ net:VSS
	bbox = (412.0500, 586.6300) - (412.1500, 586.7000) on Layer M2
violation type: Metal Spacing
	srcs: net:A3_sim[2] net:u_riscv_top/register_file/_08305_
	bbox = (413.2500, 25.6500) - (413.3500, 25.7100) on Layer M2
violation type: Metal Spacing
	srcs: net:u_data_mem/_35531_ net:u_data_mem/_38130_
	bbox = (414.4500, 812.6900) - (414.5500, 812.7500) on Layer M2
violation type: Metal Spacing
	srcs: net:u_riscv_top/FP_Adder/_1530_ net:VSS
	bbox = (415.4500, 446.5000) - (415.5500, 446.5700) on Layer M2
violation type: Metal Spacing
	srcs: net:u_riscv_top/register_file/_09744_ net:VSS
	bbox = (419.8500, 136.6900) - (419.9500, 136.7000) on Layer M2
violation type: Metal Spacing
	srcs: net:u_riscv_top/register_file/regfile\[11\][11] net:clknet_10_25__leaf_clk
	bbox = (424.4500, 101.2500) - (424.5500, 101.3100) on Layer M2
violation type: Metal Spacing
	srcs: net:u_data_mem/_18215_ net:VSS
	bbox = (424.8500, 594.1000) - (424.9500, 594.1100) on Layer M2
violation type: Metal Spacing
	srcs: net:u_data_mem/bank2\[34\][30] net:VDD
	bbox = (425.0500, 746.8900) - (425.1500, 746.9000) on Layer M2
violation type: Metal Spacing
	srcs: net:u_data_mem/_39110_ net:VSS
	bbox = (425.2500, 644.5000) - (425.3500, 644.5700) on Layer M2
violation type: Metal Spacing
	srcs: net:u_riscv_top/register_file/_07515_ net:u_riscv_top/register_file/regfile\[25\][20]
	bbox = (427.0500, 273.0900) - (427.1500, 273.1500) on Layer M2
violation type: Metal Spacing
	srcs: net:u_data_mem/_35536_ net:u_data_mem/_41374_
	bbox = (428.4500, 801.8300) - (428.5500, 801.9100) on Layer M2
violation type: Metal Spacing
	srcs: net:u_data_mem/bank3\[1\][31] net:u_data_mem/bank3\[6\][31]
	bbox = (428.8500, 801.8900) - (428.9500, 801.9100) on Layer M2
violation type: Metal Spacing
	srcs: net:u_data_mem/bank3\[1\][31] net:u_data_mem/bank3\[6\][31]
	bbox = (428.8500, 801.8900) - (428.9500, 801.9500) on Layer M2
violation type: Metal Spacing
	srcs: net:u_riscv_top/register_file/_08326_ net:VSS
	bbox = (429.4500, 266.5000) - (429.5500, 266.5700) on Layer M2
violation type: Metal Spacing
	srcs: net:u_riscv_top/register_file/_08049_ net:u_riscv_top/register_file/regfile\[26\][30]
	bbox = (431.4500, 43.8900) - (431.5500, 43.9700) on Layer M2
violation type: Metal Spacing
	srcs: net:A2_sim[0] net:u_riscv_top/register_file/_09121_
	bbox = (433.2500, 242.0900) - (433.3500, 242.1500) on Layer M2
violation type: Metal Spacing
	srcs: net:u_riscv_top/register_file/_07227_ net:u_riscv_top/register_file/_08938_
	bbox = (433.4500, 114.6300) - (433.5500, 114.7100) on Layer M2
violation type: Metal Spacing
	srcs: net:u_riscv_top/FP_Adder/_1918_ net:u_riscv_top/FP_Adder/sum_reg[7]
	bbox = (433.4500, 387.8900) - (433.5500, 387.9500) on Layer M2
violation type: Metal Spacing
	srcs: net:u_riscv_top/register_file/_07239_ net:VSS
	bbox = (434.4500, 14.5000) - (434.5500, 14.5700) on Layer M2
violation type: Metal Spacing
	srcs: net:u_data_mem/_21450_ net:VDD
	bbox = (434.8500, 523.6300) - (434.9500, 523.7000) on Layer M2
violation type: Metal Spacing
	srcs: net:u_riscv_top/register_file/_08134_ net:VSS
	bbox = (439.6500, 140.5000) - (439.7500, 140.5700) on Layer M2
violation type: Metal Spacing
	srcs: net:u_data_mem/bank2\[36\][17] net:VDD
	bbox = (439.8500, 696.4900) - (439.9500, 696.5000) on Layer M2
violation type: Metal Spacing
	srcs: net:u_riscv_top/register_file/_10388_ net:u_riscv_top/register_file/_10390_
	bbox = (441.2500, 85.0500) - (441.3500, 85.1100) on Layer M2
violation type: Metal Spacing
	srcs: net:u_riscv_top/register_file/regfile\[2\][3] net:VSS
	bbox = (442.0500, 79.3000) - (442.1500, 79.3100) on Layer M2
violation type: Metal Spacing
	srcs: net:A2_sim[4] net:u_riscv_top/register_file/_09687_
	bbox = (442.2500, 29.4500) - (442.3500, 29.5100) on Layer M2
violation type: Metal Spacing
	srcs: net:u_riscv_top/register_file/_09660_ net:u_riscv_top/register_file/_10389_
	bbox = (442.2500, 85.4900) - (442.3500, 85.5500) on Layer M2
violation type: Metal Spacing
	srcs: net:u_riscv_top/register_file/_10389_ net:VSS
	bbox = (442.6500, 86.2900) - (442.7500, 86.3000) on Layer M2
violation type: Metal Spacing
	srcs: net:u_data_mem/_39372_ net:VDD
	bbox = (443.6500, 1002.4300) - (443.7500, 1002.5000) on Layer M2
violation type: Metal Spacing
	srcs: net:u_riscv_top/register_file/_07953_ net:u_riscv_top/register_file/_07955_
	bbox = (445.0500, 78.0500) - (445.1500, 78.1100) on Layer M2
violation type: Metal Spacing
	srcs: net:A2_sim[1] net:u_riscv_top/register_file/regfile\[4\][3]
	bbox = (445.0500, 92.8900) - (445.1500, 92.9500) on Layer M2
violation type: Metal Spacing
	srcs: net:u_riscv_top/register_file/_07217_ net:VDD
	bbox = (445.0500, 253.6900) - (445.1500, 253.7000) on Layer M2
violation type: Metal Spacing
	srcs: net:u_data_mem/_41159_ net:VDD
	bbox = (449.4500, 927.1000) - (449.5500, 927.1100) on Layer M2
violation type: Metal Spacing
	srcs: net:u_data_mem/bank2\[36\][15] net:VSS
	bbox = (450.0500, 694.6900) - (450.1500, 694.7000) on Layer M2
violation type: Metal Spacing
	srcs: net:u_data_mem/_38224_ net:VSS
	bbox = (450.2500, 687.4300) - (450.3500, 687.5000) on Layer M2
violation type: Metal Spacing
	srcs: net:u_data_mem/_26420_ net:VDD
	bbox = (450.4500, 1002.4300) - (450.5500, 1002.5000) on Layer M2
violation type: Metal Spacing
	srcs: net:u_data_mem/_37804_ net:VDD
	bbox = (452.2500, 707.5000) - (452.3500, 707.5700) on Layer M2
violation type: Metal Spacing
	srcs: net:u_riscv_top/register_file/regfile\[11\][6] net:VDD
	bbox = (453.0500, 120.4300) - (453.1500, 120.5000) on Layer M2
violation type: Metal Spacing
	srcs: net:u_riscv_top/register_file/regfile\[2\][15] net:u_riscv_top/register_file/regfile\[6\][15]
	bbox = (456.2500, 258.0500) - (456.3500, 258.1100) on Layer M2
violation type: Metal Spacing
	srcs: net:u_riscv_top/register_file/regfile\[10\][4] net:VSS
	bbox = (457.8500, 158.2900) - (457.9500, 158.3000) on Layer M2
violation type: Metal Spacing
	srcs: net:A3_sim[2] net:u_riscv_top/register_file/regfile\[12\][25]
	bbox = (457.8500, 179.4900) - (457.9500, 179.5500) on Layer M2
violation type: Metal Spacing
	srcs: net:u_riscv_top/register_file/_07232_ net:u_riscv_top/register_file/_09964_
	bbox = (458.6500, 209.6900) - (458.7500, 209.7500) on Layer M2
violation type: Metal Spacing
	srcs: net:u_riscv_top/register_file/_10066_ net:u_riscv_top/register_file/_10068_
	bbox = (459.8500, 241.8500) - (459.9500, 241.9100) on Layer M2
violation type: Metal Spacing
	srcs: net:u_data_mem/_35572_ net:u_data_mem/_36340_
	bbox = (459.8500, 656.0500) - (459.9500, 656.1100) on Layer M2
violation type: Metal Spacing
	srcs: net:u_data_mem/_36340_ net:u_data_mem/_36341_
	bbox = (460.0500, 656.0500) - (460.1500, 656.1100) on Layer M2
violation type: Metal Spacing
	srcs: net:u_data_mem/_35601_ net:u_data_mem/_39039_
	bbox = (460.0500, 1000.2900) - (460.1500, 1000.3500) on Layer M2
violation type: Metal Spacing
	srcs: net:u_data_mem/_19342_
	bbox = (460.8500, 876.0500) - (460.9500, 876.1100) on Layer M2
violation type: Metal Spacing
	srcs: net:u_data_mem/_19342_
	bbox = (460.8500, 876.0900) - (460.9500, 876.1100) on Layer M2
violation type: Metal Spacing
	srcs: net:u_data_mem/_19342_
	bbox = (460.8500, 876.0900) - (460.9500, 876.1500) on Layer M2
violation type: Metal Spacing
	srcs: net:u_riscv_top/register_file/_07236_ net:u_riscv_top/register_file/_07643_
	bbox = (461.6500, 256.4300) - (461.7500, 256.5100) on Layer M2
violation type: Metal Spacing
	srcs: net:u_data_mem/_38448_ net:u_data_mem/bank2\[39\][14]
	bbox = (464.6500, 695.8900) - (464.7500, 695.9500) on Layer M2
violation type: Metal Spacing
	srcs: net:u_riscv_top/register_file/regfile\[11\][3] net:VSS
	bbox = (464.8500, 82.6900) - (464.9500, 82.7000) on Layer M2
violation type: Metal Spacing
	srcs: net:u_riscv_top/register_file/regfile\[12\][25] net:VSS
	bbox = (465.2500, 179.8900) - (465.3500, 179.9000) on Layer M2
violation type: Metal Spacing
	srcs: net:u_riscv_top/register_file/_09807_ net:VSS
	bbox = (465.2500, 183.4300) - (465.3500, 183.5000) on Layer M2
violation type: Metal Spacing
	srcs: net:u_data_mem/_36899_ net:u_data_mem/_36912_
	bbox = (465.2500, 674.0900) - (465.3500, 674.1500) on Layer M2
violation type: Metal Spacing
	srcs: net:u_data_mem/_36891_ net:u_data_mem/_36899_
	bbox = (465.2500, 674.2500) - (465.3500, 674.3100) on Layer M2
violation type: Metal Spacing
	srcs: net:u_data_mem/_36899_ net:u_data_mem/_36912_
	bbox = (465.4500, 674.0500) - (465.5500, 674.1100) on Layer M2
violation type: Metal Spacing
	srcs: net:u_data_mem/_36886_ net:u_data_mem/_36912_
	bbox = (465.6500, 673.8900) - (465.7500, 673.9500) on Layer M2
violation type: Metal Spacing
	srcs: net:u_data_mem/_36891_ net:u_data_mem/_36912_
	bbox = (465.6500, 674.0500) - (465.7500, 674.1100) on Layer M2
violation type: Metal Spacing
	srcs: net:u_data_mem/_35536_ net:u_data_mem/bank2\[46\][18]
	bbox = (466.2500, 562.4900) - (466.3500, 562.5500) on Layer M2
violation type: Metal Spacing
	srcs: net:u_riscv_top/register_file/regfile\[2\][4] net:u_riscv_top/register_file/regfile\[6\][4]
	bbox = (475.6500, 161.0500) - (475.7500, 161.1100) on Layer M2
violation type: Metal Spacing
	srcs: net:u_riscv_top/register_file/regfile\[2\][4] net:u_riscv_top/register_file/regfile\[6\][4]
	bbox = (475.6500, 161.0900) - (475.7500, 161.1100) on Layer M2
violation type: Metal Spacing
	srcs: net:mem_wdata[0] net:u_data_mem/_21185_
	bbox = (475.6500, 695.4500) - (475.7500, 695.5100) on Layer M2
violation type: Metal Spacing
	srcs: net:u_riscv_top/register_file/_08050_ net:u_riscv_top/register_file/_08734_
	bbox = (475.8500, 163.0900) - (475.9500, 163.1500) on Layer M2
violation type: Metal Spacing
	srcs: net:u_data_mem/_35544_ net:u_data_mem/_38897_
	bbox = (475.8500, 1001.2900) - (475.9500, 1001.3700) on Layer M2
violation type: Metal Spacing
	srcs: net:u_riscv_top/register_file/_07234_ net:u_riscv_top/register_file/_07806_
	bbox = (476.0500, 137.8900) - (476.1500, 137.9100) on Layer M2
violation type: Metal Spacing
	srcs: net:u_riscv_top/register_file/_07234_ net:u_riscv_top/register_file/_07806_
	bbox = (476.0500, 137.8900) - (476.1500, 137.9500) on Layer M2
violation type: Metal Spacing
	srcs: net:mem_addr[0] net:u_data_mem/bank2\[39\][16]
	bbox = (476.0500, 708.6500) - (476.1500, 708.7100) on Layer M2
violation type: Metal Spacing
	srcs: net:mem_addr[0] net:u_data_mem/bank2\[39\][16]
	bbox = (476.0500, 708.6900) - (476.1500, 708.7100) on Layer M2
violation type: Metal Spacing
	srcs: net:mem_addr[0] net:u_data_mem/bank2\[39\][16]
	bbox = (476.0500, 708.6900) - (476.1500, 708.7500) on Layer M2
violation type: Metal Spacing
	srcs: net:u_riscv_top/register_file/_08049_ net:u_riscv_top/register_file/regfile\[6\][4]
	bbox = (476.2500, 162.8900) - (476.3500, 162.9500) on Layer M2
violation type: Metal Spacing
	srcs: net:mem_wdata[0] net:u_data_mem/_38592_
	bbox = (476.2500, 696.0900) - (476.3500, 696.1500) on Layer M2
violation type: Metal Spacing
	srcs: net:u_riscv_top/register_file/_09457_ net:VSS
	bbox = (476.4500, 251.8900) - (476.5500, 251.9000) on Layer M2
violation type: Metal Spacing
	srcs: net:u_data_mem/_35544_ net:VSS
	bbox = (476.4500, 709.0900) - (476.5500, 709.1000) on Layer M2
violation type: Metal Spacing
	srcs: net:u_riscv_top/register_file/regfile\[2\][4] net:u_riscv_top/register_file/regfile\[6\][4]
	bbox = (476.6500, 162.8900) - (476.7500, 162.9500) on Layer M2
violation type: Metal Spacing
	srcs: net:u_riscv_top/register_file/_08734_ net:u_riscv_top/register_file/regfile\[6\][4]
	bbox = (476.6500, 163.0500) - (476.7500, 163.1100) on Layer M2
violation type: Metal Spacing
	srcs: net:u_riscv_top/_240_ net:u_riscv_top/mux8_1/_618_
	bbox = (477.6500, 279.4500) - (477.7500, 279.5100) on Layer M2
violation type: Metal Spacing
	srcs: net:u_data_mem/_21231_ net:VDD
	bbox = (478.8500, 707.5000) - (478.9500, 707.5700) on Layer M2
violation type: Metal Spacing
	srcs: net:u_riscv_top/register_file/_08049_ net:u_riscv_top/register_file/_08101_
	bbox = (479.6500, 38.2500) - (479.7500, 38.3100) on Layer M2
violation type: Metal Spacing
	srcs: net:u_riscv_top/register_file/_08050_ net:u_riscv_top/register_file/_08668_
	bbox = (479.6500, 121.4500) - (479.7500, 121.5100) on Layer M2
violation type: Metal Spacing
	srcs: net:u_riscv_top/register_file/_08050_ net:u_riscv_top/register_file/_08668_
	bbox = (479.8500, 121.4900) - (479.9500, 121.5500) on Layer M2
violation type: Metal Spacing
	srcs: net:u_riscv_top/register_file/_08668_ net:VSS
	bbox = (480.0500, 122.2900) - (480.1500, 122.3000) on Layer M2
violation type: Metal Spacing
	srcs: net:u_data_mem/_35549_ net:u_data_mem/bank2\[41\][13]
	bbox = (484.0500, 528.4900) - (484.1500, 528.5500) on Layer M2
violation type: Metal Spacing
	srcs: net:A3_sim[2] net:u_riscv_top/register_file/_07282_
	bbox = (490.2500, 15.2500) - (490.3500, 15.3100) on Layer M2
violation type: Metal Spacing
	srcs: net:u_riscv_top/register_file/regfile\[2\][26] net:u_riscv_top/register_file/regfile\[6\][26]
	bbox = (492.4500, 198.8500) - (492.5500, 198.9100) on Layer M2
violation type: Metal Spacing
	srcs: net:u_data_mem/bank3\[40\][2] net:VDD
	bbox = (492.4500, 959.5000) - (492.5500, 959.5700) on Layer M2
violation type: Metal Spacing
	srcs: net:u_riscv_top/register_file/regfile\[18\][7] net:u_riscv_top/register_file/regfile\[22\][7]
	bbox = (495.2500, 249.2500) - (495.3500, 249.3100) on Layer M2
violation type: Metal Spacing
	srcs: net:u_riscv_top/register_file/_08850_ net:u_riscv_top/register_file/regfile\[30\][7]
	bbox = (496.8500, 256.4500) - (496.9500, 256.5100) on Layer M2
violation type: Metal Spacing
	srcs: net:u_data_mem/_39389_ net:VSS
	bbox = (497.0500, 1022.5000) - (497.1500, 1022.5700) on Layer M2
violation type: Metal Spacing
	srcs: net:u_riscv_top/register_file/_07842_ net:u_riscv_top/register_file/regfile\[18\][7]
	bbox = (497.2500, 249.2500) - (497.3500, 249.3100) on Layer M2
violation type: Metal Spacing
	srcs: net:u_riscv_top/register_file/_09468_ net:VSS
	bbox = (497.2500, 255.4900) - (497.3500, 255.5000) on Layer M2
violation type: Metal Spacing
	srcs: net:u_riscv_top/FP_Mult/_0689_ net:u_riscv_top/FP_Mult/_1128_
	bbox = (497.6500, 367.8300) - (497.7500, 367.9100) on Layer M2
violation type: Metal Spacing
	srcs: net:u_data_mem/_38801_ net:VSS
	bbox = (497.8500, 644.5000) - (497.9500, 644.5700) on Layer M2
violation type: Metal Spacing
	srcs: net:u_data_mem/_37296_ net:VDD
	bbox = (498.0500, 707.5000) - (498.1500, 707.5700) on Layer M2
violation type: Metal Spacing
	srcs: net:u_data_mem/_40996_ net:VDD
	bbox = (498.2500, 811.9000) - (498.3500, 811.9100) on Layer M2
violation type: Metal Spacing
	srcs: net:u_riscv_top/register_file/_09463_ net:VSS
	bbox = (499.2500, 251.8900) - (499.3500, 251.9000) on Layer M2
violation type: Metal Spacing
	srcs: net:u_riscv_top/register_file/_07234_ net:u_riscv_top/register_file/regfile\[2\][26]
	bbox = (499.6500, 198.4500) - (499.7500, 198.5100) on Layer M2
violation type: Metal Spacing
	srcs: net:A3_sim[0] net:u_riscv_top/register_file/regfile\[2\][26]
	bbox = (499.6500, 198.6500) - (499.7500, 198.7100) on Layer M2
violation type: Metal Spacing
	srcs: net:A3_sim[0] net:u_riscv_top/register_file/regfile\[2\][26]
	bbox = (499.6500, 198.6900) - (499.7500, 198.7100) on Layer M2
violation type: Metal Spacing
	srcs: net:A2_sim[4] net:u_riscv_top/register_file/_09463_
	bbox = (499.6500, 251.2900) - (499.7500, 251.3500) on Layer M2
violation type: Metal Spacing
	srcs: net:u_riscv_top/register_file/_07810_ net:VDD
	bbox = (500.4500, 138.4900) - (500.5500, 138.5000) on Layer M2
violation type: Metal Spacing
	srcs: net:u_riscv_top/register_file/regfile\[6\][31] net:VDD
	bbox = (501.4500, 95.5000) - (501.5500, 95.5100) on Layer M2
violation type: Metal Spacing
	srcs: net:u_data_mem/bank3\[45\][2] net:VDD
	bbox = (501.4500, 959.5000) - (501.5500, 959.5700) on Layer M2
violation type: Metal Spacing
	srcs: net:u_riscv_top/register_file/regfile\[4\][31] net:VSS
	bbox = (501.6500, 104.5000) - (501.7500, 104.5100) on Layer M2
violation type: Metal Spacing
	srcs: net:A1_sim[0] net:u_riscv_top/register_file/regfile\[4\][31]
	bbox = (502.2500, 103.4900) - (502.3500, 103.5100) on Layer M2
violation type: Metal Spacing
	srcs: net:u_riscv_top/register_file/_10364_ net:u_riscv_top/register_file/_10374_
	bbox = (503.4500, 158.8500) - (503.5500, 158.9100) on Layer M2
violation type: Metal Spacing
	srcs: net:u_riscv_top/register_file/_09662_ net:u_riscv_top/register_file/_10294_
	bbox = (503.4500, 262.0300) - (503.5500, 262.0500) on Layer M2
violation type: Metal Spacing
	srcs: net:u_riscv_top/register_file/_10294_ net:u_riscv_top/register_file/_10296_
	bbox = (504.2500, 251.0500) - (504.3500, 251.1100) on Layer M2
violation type: Metal Spacing
	srcs: net:u_data_mem/_38803_ net:u_data_mem/bank3\[42\][12]
	bbox = (505.6500, 931.4900) - (505.7500, 931.5700) on Layer M2
violation type: Metal Spacing
	srcs: net:u_riscv_top/register_file/_06211_ net:u_riscv_top/register_file/_10513_
	bbox = (505.8500, 198.8900) - (505.9500, 198.9500) on Layer M2
violation type: Metal Spacing
	srcs: net:u_riscv_top/register_file/regfile\[29\][3] net:VSS
	bbox = (506.0500, 82.6900) - (506.1500, 82.7000) on Layer M2
violation type: Metal Spacing
	srcs: net:u_data_mem/_38803_ net:VSS
	bbox = (506.8500, 932.5000) - (506.9500, 932.5100) on Layer M2
violation type: Metal Spacing
	srcs: net:u_data_mem/_36352_ net:VSS
	bbox = (508.2500, 655.3000) - (508.3500, 655.3100) on Layer M2
violation type: Metal Spacing
	srcs: net:u_riscv_top/FP_Mult/_1156_ net:u_riscv_top/FP_Mult/_1157_
	bbox = (510.2500, 344.6900) - (510.3500, 344.7500) on Layer M2
violation type: Metal Spacing
	srcs: net:u_riscv_top/register_file/regfile\[29\][3] net:VSS
	bbox = (511.0500, 82.6900) - (511.1500, 82.7000) on Layer M2
violation type: Metal Spacing
	srcs: net:A2_sim[1] net:u_riscv_top/register_file/_09562_
	bbox = (512.0500, 78.0900) - (512.1500, 78.1700) on Layer M2
violation type: Metal Spacing
	srcs: net:A3_sim[0] net:u_riscv_top/register_file/_07876_
	bbox = (512.4500, 117.6500) - (512.5500, 117.7100) on Layer M2
violation type: Metal Spacing
	srcs: net:u_riscv_top/register_file/_07875_ net:u_riscv_top/register_file/_07876_
	bbox = (512.4500, 117.6500) - (512.5500, 117.7100) on Layer M2
violation type: Metal Spacing
	srcs: net:u_data_mem/_35546_ net:VDD
	bbox = (513.0500, 880.0900) - (513.1500, 880.1000) on Layer M2
violation type: Metal Spacing
	srcs: net:u_riscv_top/register_file/_07231_ net:u_riscv_top/register_file/_10230_
	bbox = (513.8500, 141.2500) - (513.9500, 141.3100) on Layer M2
violation type: Metal Spacing
	srcs: net:u_riscv_top/AluResult[12] net:VSS
	bbox = (515.0500, 309.4300) - (515.1500, 309.5000) on Layer M2
violation type: Metal Spacing
	srcs: net:u_riscv_top/FP_Mult/_1120_ net:VDD
	bbox = (515.8500, 372.4300) - (515.9500, 372.5000) on Layer M2
violation type: Metal Spacing
	srcs: net:u_riscv_top/register_file/_08972_ net:u_riscv_top/register_file/regfile\[29\][26]
	bbox = (517.0500, 203.8500) - (517.1500, 203.9100) on Layer M2
violation type: Metal Spacing
	srcs: net:u_riscv_top/register_file/_07224_ net:u_riscv_top/register_file/regfile\[26\][6]
	bbox = (517.6500, 117.6500) - (517.7500, 117.7100) on Layer M2
violation type: Metal Spacing
	srcs: net:u_riscv_top/register_file/_08050_ net:u_riscv_top/register_file/regfile\[26\][6]
	bbox = (518.0500, 117.6500) - (518.1500, 117.7100) on Layer M2
violation type: Metal Spacing
	srcs: net:u_riscv_top/register_file/_08050_ net:u_riscv_top/register_file/regfile\[30\][6]
	bbox = (518.2500, 117.4500) - (518.3500, 117.5100) on Layer M2
violation type: Metal Spacing
	srcs: net:u_riscv_top/register_file/_07236_ net:u_riscv_top/register_file/_07638_
	bbox = (518.4500, 258.2300) - (518.5500, 258.3100) on Layer M2
violation type: Metal Spacing
	srcs: net:A3_sim[0] net:u_riscv_top/register_file/regfile\[26\][25]
	bbox = (518.8500, 187.8500) - (518.9500, 187.9100) on Layer M2
violation type: Metal Spacing
	srcs: net:A3_sim[0] net:u_riscv_top/register_file/regfile\[26\][25]
	bbox = (518.8500, 187.8900) - (518.9500, 187.9100) on Layer M2
violation type: Metal Spacing
	srcs: net:A3_sim[0] net:u_riscv_top/register_file/regfile\[26\][25]
	bbox = (518.8500, 187.8900) - (518.9500, 187.9500) on Layer M2
violation type: Metal Spacing
	srcs: net:u_data_mem/_35551_ net:u_data_mem/_36245_
	bbox = (519.0500, 958.4300) - (519.1500, 958.5100) on Layer M2
violation type: Metal Spacing
	srcs: net:u_riscv_top/register_file/_09004_ net:u_riscv_top/register_file/regfile\[28\][25]
	bbox = (519.6500, 174.0900) - (519.7500, 174.1500) on Layer M2
violation type: Metal Spacing
	srcs: net:u_data_mem/bank3\[45\][27] net:VDD
	bbox = (519.8500, 959.5000) - (519.9500, 959.5700) on Layer M2
violation type: Metal Spacing
	srcs: net:A2_sim[0] net:u_riscv_top/register_file/_08850_
	bbox = (520.0500, 173.4500) - (520.1500, 173.5100) on Layer M2
violation type: Metal Spacing
	srcs: net:u_riscv_top/pipeline_reg2/_0422_ net:VSS
	bbox = (520.0500, 277.3000) - (520.1500, 277.3100) on Layer M2
violation type: Metal Spacing
	srcs: net:u_data_mem/_35546_ net:u_data_mem/bank2\[58\][17]
	bbox = (520.2500, 700.8500) - (520.3500, 700.9100) on Layer M2
violation type: Metal Spacing
	srcs: net:u_data_mem/_35544_ net:u_data_mem/bank2\[63\][29]
	bbox = (520.4500, 731.2900) - (520.5500, 731.3500) on Layer M2
violation type: Metal Spacing
	srcs: net:u_riscv_top/register_file/_09592_ net:u_riscv_top/register_file/regfile\[30\][2]
	bbox = (520.8500, 56.4500) - (520.9500, 56.5100) on Layer M2
violation type: Metal Spacing
	srcs: net:A3_sim[0] net:u_riscv_top/register_file/regfile\[24\][31]
	bbox = (520.8500, 108.4500) - (520.9500, 108.5100) on Layer M2
violation type: Metal Spacing
	srcs: net:u_riscv_top/register_file/regfile\[28\][26] net:VDD
	bbox = (521.0500, 199.6900) - (521.1500, 199.7000) on Layer M2
violation type: Metal Spacing
	srcs: net:u_data_mem/_37978_ net:VSS
	bbox = (522.2500, 896.5000) - (522.3500, 896.5700) on Layer M2
violation type: Metal Spacing
	srcs: net:u_riscv_top/register_file/_09426_ net:VSS
	bbox = (529.4500, 136.6900) - (529.5500, 136.7000) on Layer M2
violation type: Metal Spacing
	srcs: net:AluOp_sim[17] net:u_riscv_top/mux8_1/_606_
	bbox = (530.0500, 288.8900) - (530.1500, 288.9500) on Layer M2
violation type: Metal Spacing
	srcs: net:AluOp_sim[17] net:u_riscv_top/mux8_1/_606_
	bbox = (530.2500, 288.8500) - (530.3500, 288.9100) on Layer M2
violation type: Metal Spacing
	srcs: net:u_data_mem/_40557_ net:u_data_mem/bank3\[60\][2]
	bbox = (530.4500, 880.8900) - (530.5500, 880.9500) on Layer M2
violation type: Metal Spacing
	srcs: net:u_data_mem/bank3\[40\][20] net:u_data_mem/bank3\[47\][20]
	bbox = (530.8500, 938.8900) - (530.9500, 938.9500) on Layer M2
violation type: Metal Spacing
	srcs: net:u_riscv_top/register_file/regfile\[18\][15] net:VDD
	bbox = (532.6500, 250.3000) - (532.7500, 250.3100) on Layer M2
violation type: Metal Spacing
	srcs: net:u_riscv_top/register_file/_10085_ net:u_riscv_top/register_file/_10087_
	bbox = (533.2500, 259.6900) - (533.3500, 259.7500) on Layer M2
violation type: Metal Spacing
	srcs: net:u_riscv_top/register_file/_10082_ net:u_riscv_top/register_file/_10085_
	bbox = (533.2500, 259.8500) - (533.3500, 259.9100) on Layer M2
violation type: Metal Spacing
	srcs: net:u_riscv_top/register_file/_10082_ net:u_riscv_top/register_file/_10086_
	bbox = (533.2500, 260.0900) - (533.3500, 260.1500) on Layer M2
violation type: Metal Spacing
	srcs: net:VDD net:clknet_10_857__leaf_clk
	bbox = (533.6500, 729.1000) - (533.7500, 729.1100) on Layer M2
violation type: Metal Spacing
	srcs: net:u_riscv_top/register_file/_09813_ net:u_riscv_top/register_file/_09815_
	bbox = (534.2500, 183.0500) - (534.3500, 183.1100) on Layer M2
violation type: Metal Spacing
	srcs: net:u_riscv_top/register_file/_09814_ net:u_riscv_top/register_file/_09815_
	bbox = (534.2500, 183.0500) - (534.3500, 183.1100) on Layer M2
violation type: Metal Spacing
	srcs: net:u_riscv_top/register_file/_09814_ net:u_riscv_top/register_file/_09815_
	bbox = (534.2500, 183.0900) - (534.3500, 183.1100) on Layer M2
violation type: Metal Spacing
	srcs: net:u_riscv_top/register_file/_09814_ net:u_riscv_top/register_file/_09815_
	bbox = (534.2500, 183.0900) - (534.3500, 183.1500) on Layer M2
violation type: Metal Spacing
	srcs: net:u_data_mem/_19266_ net:u_data_mem/_41139_
	bbox = (536.0500, 846.8900) - (536.1500, 846.9700) on Layer M2
violation type: Metal Spacing
	srcs: net:u_riscv_top/register_file/_10223_ net:u_riscv_top/register_file/regfile\[22\][9]
	bbox = (536.8500, 144.4900) - (536.9500, 144.5500) on Layer M2
violation type: Metal Spacing
	srcs: net:u_data_mem/bank3\[43\][29] net:VDD
	bbox = (537.0500, 959.5000) - (537.1500, 959.5700) on Layer M2
violation type: Metal Spacing
	srcs: net:u_riscv_top/register_file/_09662_ net:VDD
	bbox = (537.8500, 257.5000) - (537.9500, 257.5100) on Layer M2
violation type: Metal Spacing
	srcs: net:VSS net:u_riscv_top/CSR_Register/net1105
	bbox = (538.0500, 518.5000) - (538.1500, 518.5700) on Layer M2
violation type: Metal Spacing
	srcs: net:u_riscv_top/pipeline_reg2/_0351_ net:u_riscv_top/pipeline_reg2/_0416_
	bbox = (539.2500, 432.6500) - (539.3500, 432.7100) on Layer M2
violation type: Metal Spacing
	srcs: net:u_riscv_top/register_file/_09250_ net:VSS
	bbox = (539.6500, 251.8900) - (539.7500, 251.9000) on Layer M2
violation type: Metal Spacing
	srcs: net:A2_sim[1] net:u_riscv_top/register_file/_09584_
	bbox = (541.2500, 60.4900) - (541.3500, 60.5500) on Layer M2
violation type: Metal Spacing
	srcs: net:A2_sim[1] net:u_riscv_top/register_file/_09586_
	bbox = (541.4500, 60.0900) - (541.5500, 60.1500) on Layer M2
violation type: Metal Spacing
	srcs: net:u_riscv_top/register_file/_08852_ net:u_riscv_top/register_file/_09584_
	bbox = (541.8500, 60.4900) - (541.9500, 60.5500) on Layer M2
violation type: Metal Spacing
	srcs: net:u_riscv_top/CSR_Register/_1208_ net:u_riscv_top/CSR_Register/net1251
	bbox = (542.0500, 449.0500) - (542.1500, 449.1100) on Layer M2
violation type: Metal Spacing
	srcs: net:A2_sim[1] net:u_riscv_top/register_file/_09584_
	bbox = (542.2500, 60.4900) - (542.3500, 60.5100) on Layer M2
violation type: Metal Spacing
	srcs: net:A2_sim[1] net:u_riscv_top/register_file/_09584_
	bbox = (542.2500, 60.4900) - (542.3500, 60.5500) on Layer M2
violation type: Metal Spacing
	srcs: net:A2_sim[1] net:u_riscv_top/register_file/regfile\[16\][2]
	bbox = (542.2500, 60.4900) - (542.3500, 60.5500) on Layer M2
violation type: Metal Spacing
	srcs: net:u_data_mem/bank2\[61\][26] net:VDD
	bbox = (544.4500, 707.5000) - (544.5500, 707.5700) on Layer M2
violation type: Metal Spacing
	srcs: net:u_data_mem/_18260_ net:u_data_mem/_41026_
	bbox = (549.8500, 729.4500) - (549.9500, 729.5100) on Layer M2
violation type: Metal Spacing
	srcs: net:u_data_mem/_36738_ net:VDD
	bbox = (560.8500, 678.4300) - (560.9500, 678.5000) on Layer M2
violation type: Metal Spacing
	srcs: net:u_data_mem/_35542_ net:u_data_mem/_36445_
	bbox = (561.2500, 721.0300) - (561.3500, 721.1100) on Layer M2
violation type: Metal Spacing
	srcs: net:u_data_mem/_21070_ net:VSS
	bbox = (564.8500, 737.8300) - (564.9500, 737.9000) on Layer M2
violation type: Metal Spacing
	srcs: net:u_data_mem/_36468_ net:u_data_mem/_36482_
	bbox = (565.2500, 720.4500) - (565.3500, 720.5100) on Layer M2
violation type: Metal Spacing
	srcs: net:u_riscv_top/muxB2[25] net:u_riscv_top/mux3/_0699_
	bbox = (566.8500, 433.0500) - (566.9500, 433.1100) on Layer M2
violation type: Metal Spacing
	srcs: net:u_data_mem/_36093_ net:VSS
	bbox = (568.6500, 550.6900) - (568.7500, 550.7000) on Layer M2
violation type: Metal Spacing
	srcs: net:u_data_mem/_35549_ net:u_data_mem/_39701_
	bbox = (569.8500, 945.8900) - (569.9500, 945.9700) on Layer M2
violation type: Metal Spacing
	srcs: net:u_data_mem/_21990_ net:u_data_mem/_41039_
	bbox = (571.2500, 686.8300) - (571.3500, 686.9100) on Layer M2
violation type: Metal Spacing
	srcs: net:u_data_mem/_40165_ net:VDD
	bbox = (571.8500, 984.4300) - (571.9500, 984.5000) on Layer M2
violation type: Metal Spacing
	srcs: net:u_data_mem/_41420_ net:VSS
	bbox = (577.2500, 611.8300) - (577.3500, 611.9000) on Layer M2
violation type: Metal Spacing
	srcs: net:u_riscv_top/CSR_Register/_1405_ net:VSS
	bbox = (579.4500, 478.6900) - (579.5500, 478.7000) on Layer M2
violation type: Metal Spacing
	srcs: net:u_riscv_top/ALU/alu/_2271_ net:VDD
	bbox = (588.2500, 365.2900) - (588.3500, 365.3000) on Layer M2
violation type: Metal Spacing
	srcs: net:u_data_mem/_40619_ net:VSS
	bbox = (590.2500, 687.4300) - (590.3500, 687.5000) on Layer M2
violation type: Metal Spacing
	srcs: net:u_riscv_top/u_bridge_core_to_fft/_0033_ net:VSS
	bbox = (591.4500, 104.2900) - (591.5500, 104.3000) on Layer M2
violation type: Metal Spacing
	srcs: net:u_riscv_top/AluSrcB[2] net:u_riscv_top/mux3/_0701_
	bbox = (592.0500, 438.4900) - (592.1500, 438.5500) on Layer M2
violation type: Metal Spacing
	srcs: net:u_data_mem/_35549_ net:u_data_mem/_38867_
	bbox = (592.6500, 591.2300) - (592.7500, 591.3100) on Layer M2
violation type: Metal Spacing
	srcs: net:u_data_mem/_35979_ net:VDD
	bbox = (594.0500, 581.5000) - (594.1500, 581.5700) on Layer M2
violation type: Metal Spacing
	srcs: net:u_data_mem/bank3\[38\][0] net:VSS
	bbox = (595.8500, 874.6900) - (595.9500, 874.7000) on Layer M2
violation type: Metal Spacing
	srcs: net:u_data_mem/bank2\[18\][0] net:VDD
	bbox = (600.8500, 624.4300) - (600.9500, 624.5000) on Layer M2
violation type: Metal Spacing
	srcs: net:u_riscv_top/CSR_Register/_1532_ net:u_riscv_top/CSR_Register/_1533_
	bbox = (602.6500, 506.2900) - (602.7500, 506.3500) on Layer M2
violation type: Metal Spacing
	srcs: net:u_riscv_top/mux3/_0793_ net:VSS
	bbox = (602.8500, 435.4300) - (602.9500, 435.5000) on Layer M2
violation type: Metal Spacing
	srcs: net:u_data_mem/_35544_ net:u_data_mem/_36986_
	bbox = (605.4500, 864.8300) - (605.5500, 864.9100) on Layer M2
violation type: Metal Spacing
	srcs: net:u_data_mem/_40578_ net:VDD
	bbox = (605.8500, 876.4300) - (605.9500, 876.5000) on Layer M2
violation type: Metal Spacing
	srcs: net:u_data_mem/_35559_ net:u_data_mem/_40575_
	bbox = (606.2500, 875.6900) - (606.3500, 875.7500) on Layer M2
violation type: Metal Spacing
	srcs: net:u_data_mem/_35559_ net:u_data_mem/_40578_
	bbox = (606.4500, 875.4900) - (606.5500, 875.5500) on Layer M2
violation type: Metal Spacing
	srcs: net:u_data_mem/_35559_ net:u_data_mem/_40575_
	bbox = (606.4500, 875.6500) - (606.5500, 875.7100) on Layer M2
violation type: Metal Spacing
	srcs: net:u_data_mem/_18166_ net:VDD
	bbox = (607.8500, 1013.5000) - (607.9500, 1013.5700) on Layer M2
violation type: Metal Spacing
	srcs: net:u_data_mem/bank2\[19\][0] net:VDD
	bbox = (608.8500, 624.4300) - (608.9500, 624.5000) on Layer M2
violation type: Metal Spacing
	srcs: net:u_riscv_top/divider/_1518_ net:u_riscv_top/divider/is_rem
	bbox = (610.2500, 278.4900) - (610.3500, 278.5500) on Layer M2
violation type: Metal Spacing
	srcs: net:u_riscv_top/ALU/alu/_1874_ net:u_riscv_top/ALU/alu/_1933_
	bbox = (610.4500, 407.6300) - (610.5500, 407.7100) on Layer M2
violation type: Metal Spacing
	srcs: net:u_riscv_top/ALU/alu/_1966_ net:u_riscv_top/ALU/alu/_2265_
	bbox = (610.8500, 420.2500) - (610.9500, 420.3100) on Layer M2
violation type: Metal Spacing
	srcs: net:rst net:u_riscv_top/pipeline_register3/_048_
	bbox = (614.0500, 497.6500) - (614.1500, 497.7100) on Layer M2
violation type: Metal Spacing
	srcs: net:rst net:u_riscv_top/pipeline_register3/_048_
	bbox = (614.2500, 497.6900) - (614.3500, 497.7500) on Layer M2
violation type: Metal Spacing
	srcs: net:rst net:u_riscv_top/net30
	bbox = (614.4500, 497.6900) - (614.5500, 497.7500) on Layer M2
violation type: Metal Spacing
	srcs: net:rst net:u_riscv_top/net30
	bbox = (614.6500, 497.4500) - (614.7500, 497.5100) on Layer M2
violation type: Metal Spacing
	srcs: net:u_data_mem/_37967_ net:VSS
	bbox = (617.2500, 896.5000) - (617.3500, 896.5700) on Layer M2
violation type: Metal Spacing
	srcs: net:u_data_mem/bank3\[39\][17]
	bbox = (618.0500, 896.8500) - (618.1500, 896.9100) on Layer M2
violation type: Metal Spacing
	srcs: net:u_data_mem/_35567_ net:u_data_mem/_37043_
	bbox = (620.2500, 614.6500) - (620.3500, 614.7100) on Layer M2
violation type: Metal Spacing
	srcs: net:SrcB_sim_i[3] net:u_riscv_top/ALU/alu/_2540_
	bbox = (623.4500, 367.6900) - (623.5500, 367.7500) on Layer M2
violation type: Metal Spacing
	srcs: net:SrcB_sim_i[3] net:u_riscv_top/ALU/alu/_2539_
	bbox = (623.4500, 367.8500) - (623.5500, 367.9100) on Layer M2
violation type: Metal Spacing
	srcs: net:SrcB_sim_i[3] net:u_riscv_top/ALU/alu/_2539_
	bbox = (623.6500, 368.0900) - (623.7500, 368.1500) on Layer M2
violation type: Metal Spacing
	srcs: net:u_riscv_top/ALU/alu/_1935_ net:u_riscv_top/ALU/alu/_2698_
	bbox = (625.0500, 405.6500) - (625.1500, 405.7100) on Layer M2
violation type: Metal Spacing
	srcs: net:u_riscv_top/fft/fft_core/_2615_ net:VSS
	bbox = (626.0500, 183.4300) - (626.1500, 183.5000) on Layer M2
violation type: Metal Spacing
	srcs: net:u_riscv_top/CSR_Register/_1227_
	bbox = (627.6500, 472.6300) - (627.7500, 472.7100) on Layer M2
violation type: Metal Spacing
	srcs: net:u_riscv_top/ALU/alu/_2607_ net:VDD
	bbox = (627.8500, 394.0900) - (627.9500, 394.1000) on Layer M2
violation type: Metal Spacing
	srcs: net:u_riscv_top/divider/_1602_ net:VSS
	bbox = (629.2500, 266.5000) - (629.3500, 266.5700) on Layer M2
violation type: Metal Spacing
	srcs: net:u_riscv_top/fft/fft_core/_3117_ net:u_riscv_top/fft/fft_core/_3118_
	bbox = (629.8500, 127.0300) - (629.9500, 127.1100) on Layer M2
violation type: Metal Spacing
	srcs: net:u_riscv_top/fft/fft_core/_3099_ net:u_riscv_top/fft/fft_core/_3118_
	bbox = (630.0500, 116.4900) - (630.1500, 116.5500) on Layer M2
violation type: Metal Spacing
	srcs: net:mem_addr[2] net:VSS
	bbox = (630.0500, 896.5000) - (630.1500, 896.5700) on Layer M2
violation type: Metal Spacing
	srcs: net:u_riscv_top/h2[13] net:u_riscv_top/muxB5[12]
	bbox = (632.2500, 439.6500) - (632.3500, 439.7100) on Layer M2
violation type: Metal Spacing
	srcs: net:u_riscv_top/mux3/_0696_ net:u_riscv_top/mux3/_0766_
	bbox = (633.8500, 440.4500) - (633.9500, 440.5100) on Layer M2
violation type: Metal Spacing
	srcs: net:u_data_mem/_21697_ net:VDD
	bbox = (635.2500, 707.5000) - (635.3500, 707.5700) on Layer M2
violation type: Metal Spacing
	srcs: net:u_data_mem/_35544_ net:VSS
	bbox = (638.8500, 896.5000) - (638.9500, 896.5700) on Layer M2
violation type: Metal Spacing
	srcs: net:u_riscv_top/ALU/alu/_2710_ net:VSS
	bbox = (639.2500, 349.3000) - (639.3500, 349.3100) on Layer M2
violation type: Metal Spacing
	srcs: net:u_data_mem/_18146_ net:u_data_mem/_18511_
	bbox = (639.2500, 812.8300) - (639.3500, 812.9100) on Layer M2
violation type: Metal Spacing
	srcs: net:u_riscv_top/ALU/alu/_2716_ net:VDD
	bbox = (641.2500, 412.3000) - (641.3500, 412.3100) on Layer M2
violation type: Metal Spacing
	srcs: net:u_data_mem/_35720_ net:VDD
	bbox = (641.8500, 610.0300) - (641.9500, 610.1000) on Layer M2
violation type: Metal Spacing
	srcs: net:u_data_mem/_37505_ net:VSS
	bbox = (644.2500, 953.8900) - (644.3500, 953.9000) on Layer M2
violation type: Metal Spacing
	srcs: net:u_data_mem/_38371_ net:u_data_mem/bank3\[34\][14]
	bbox = (649.6500, 908.0300) - (649.7500, 908.1100) on Layer M2
violation type: Metal Spacing
	srcs: net:u_data_mem/_39750_ net:u_data_mem/_39751_
	bbox = (653.4500, 785.4500) - (653.5500, 785.5100) on Layer M2
violation type: Metal Spacing
	srcs: net:u_data_mem/_40245_ net:VSS
	bbox = (657.6500, 939.4300) - (657.7500, 939.5000) on Layer M2
violation type: Metal Spacing
	srcs: net:u_riscv_top/pipeline_reg1/_0685_ net:VSS
	bbox = (660.0500, 435.7000) - (660.1500, 435.7100) on Layer M2
violation type: Metal Spacing
	srcs: net:u_riscv_top/muxB5[11] net:VDD
	bbox = (662.6500, 437.2900) - (662.7500, 437.3000) on Layer M2
violation type: Metal Spacing
	srcs: net:u_riscv_top/divider/_1059_ net:u_riscv_top/divider/count[1]
	bbox = (675.2500, 267.2500) - (675.3500, 267.3100) on Layer M2
violation type: Metal Spacing
	srcs: net:u_riscv_top/pipeline_reg1/_0688_ net:VSS
	bbox = (675.2500, 439.0900) - (675.3500, 439.1000) on Layer M2
violation type: Metal Spacing
	srcs: net:u_data_mem/_35539_ net:u_data_mem/bank2\[52\][10]
	bbox = (677.4500, 702.6900) - (677.5500, 702.7500) on Layer M2
violation type: Metal Spacing
	srcs: net:u_riscv_top/ALU/alu/_2271_ net:VSS
	bbox = (679.2500, 363.7000) - (679.3500, 363.7700) on Layer M2
violation type: Metal Spacing
	srcs: net:u_riscv_top/ALU/alu/_2266_ net:VSS
	bbox = (679.6500, 378.1000) - (679.7500, 378.1100) on Layer M2
violation type: Metal Spacing
	srcs: net:u_riscv_top/CSR_Register/spi_q net:VSS
	bbox = (681.2500, 503.8900) - (681.3500, 503.9000) on Layer M2
violation type: Metal Spacing
	srcs: net:u_riscv_top/muxB6[7] net:u_riscv_top/mux3/_0696_
	bbox = (688.0500, 434.4500) - (688.1500, 434.5100) on Layer M2
violation type: Metal Spacing
	srcs: net:u_riscv_top/muxB6[7] net:u_riscv_top/mux3/_0696_
	bbox = (688.0500, 434.4900) - (688.1500, 434.5100) on Layer M2
violation type: Metal Spacing
	srcs: net:u_riscv_top/divider/_1402_ net:VSS
	bbox = (696.0500, 309.4300) - (696.1500, 309.5000) on Layer M2
violation type: Metal Spacing
	srcs: net:u_riscv_top/mux3/_0701_ net:VSS
	bbox = (700.0500, 439.0900) - (700.1500, 439.1000) on Layer M2
violation type: Metal Spacing
	srcs: net:u_riscv_top/muxB2[1] net:u_riscv_top/mux3/_0699_
	bbox = (700.2500, 413.0500) - (700.3500, 413.1100) on Layer M2
violation type: Metal Spacing
	srcs: net:u_riscv_top/muxB5[0] net:u_riscv_top/mux3/_0705_
	bbox = (707.9500, 413.4500) - (708.0500, 413.5100) on Layer M2
violation type: Metal Spacing
	srcs: net:u_riscv_top/muxB5[0] net:u_riscv_top/mux3/_0705_
	bbox = (708.0500, 413.4500) - (708.0500, 413.5100) on Layer M2
violation type: Metal Spacing
	srcs: net:start_mul_sim net:VSS
	bbox = (731.4500, 435.4300) - (731.5500, 435.5000) on Layer M2
violation type: Metal Spacing
	srcs: net:u_riscv_top/controller/_0832_ net:VSS
	bbox = (733.4500, 435.4300) - (733.5500, 435.5000) on Layer M2
violation type: Metal Spacing
	srcs: net:u_riscv_top/controller/_1077_ net:u_riscv_top/controller/_1367_
	bbox = (744.8500, 435.0500) - (744.9500, 435.1100) on Layer M2
violation type: Metal Spacing
	srcs: net:u_riscv_top/controller/_1136_ net:u_riscv_top/controller/_1367_
	bbox = (745.8500, 435.0900) - (745.9500, 435.1500) on Layer M2
violation type: Metal Spacing
	srcs: net:u_riscv_top/controller/_1355_ net:u_riscv_top/controller/state[0]
	bbox = (751.8500, 427.0500) - (751.9500, 427.1100) on Layer M2
violation type: Metal Spacing
	srcs: net:u_riscv_top/controller/state[0] net:VSS
	bbox = (753.8500, 413.8900) - (753.9500, 413.9000) on Layer M2
violation type: Metal Spacing
	srcs: net:i_ex[14] net:u_riscv_top/controller/_1087_
	bbox = (773.0500, 429.2900) - (773.1500, 429.3500) on Layer M2
violation type: Metal Spacing
	srcs: net:imem/_3860_ net:imem/_3863_
	bbox = (839.0500, 412.8500) - (839.1500, 412.9100) on Layer M2
violation type: Metal Spacing
	srcs: net:imem/_2116_ net:VDD
	bbox = (846.4500, 412.3000) - (846.5500, 412.3100) on Layer M2
violation type: Metal Spacing
	srcs: net:imem/_2135_ net:VDD
	bbox = (974.8500, 412.3000) - (974.9500, 412.3100) on Layer M2
violation type: Metal Spacing
	srcs: net:imem/_4052_ net:VDD
	bbox = (977.8500, 412.3000) - (977.9500, 412.3100) on Layer M2
violation type: Metal Spacing
	srcs: net:im_wr_addr[4] net:imem/_4051_
	bbox = (978.6500, 413.0900) - (978.7500, 413.1500) on Layer M2
violation type: Metal Spacing
	srcs: net:im_wr_addr[4] net:imem/_4051_
	bbox = (979.2500, 412.8500) - (979.3500, 412.9100) on Layer M2
violation type: Metal Spacing
	srcs: net:imem/_2132_ net:imem/_4051_
	bbox = (979.4500, 412.6900) - (979.5500, 412.7500) on Layer M2
violation type: Metal Spacing
	srcs: net:im_wr_addr[5] net:imem/_4051_
	bbox = (980.2500, 413.0900) - (980.3500, 413.1700) on Layer M2
violation type: Metal Spacing
	srcs: net:i_mem[11] net:u_riscv_top/H/_145_
	bbox = (990.8500, 512.4900) - (990.9500, 512.5500) on Layer M2
violation type: Metal Spacing
	srcs: net:i_mem[7] net:VSS
	bbox = (992.2500, 511.3000) - (992.3500, 511.3100) on Layer M2
violation type: Metal Spacing
	srcs: net:VDD net:u_riscv_top/controller/net776
	bbox = (1003.0500, 523.6900) - (1003.1500, 523.7000) on Layer M2
violation type: Metal Spacing
	srcs: net:u_riscv_top/controller/_1026_ net:u_riscv_top/controller/net2326
	bbox = (1004.4500, 492.4500) - (1004.5500, 492.5100) on Layer M2
violation type: Metal Spacing
	srcs: net:u_riscv_top/controller/_0691_ net:u_riscv_top/controller/_1026_
	bbox = (1022.4500, 492.2900) - (1022.5500, 492.3700) on Layer M2
violation type: Metal Spacing
	srcs: net:u_riscv_top/controller/_0691_ net:VDD
	bbox = (1024.2500, 484.0900) - (1024.3500, 484.1000) on Layer M2
violation type: Metal Spacing
	srcs: net:u_spi/_0687_ net:u_spi/_0689_
	bbox = (84.3500, 429.7500) - (84.4100, 429.8500) on Layer M3
violation type: Metal Spacing
	srcs: net:u_data_mem/_35542_ net:u_data_mem/_35546_
	bbox = (93.7900, 954.9500) - (93.8700, 955.0500) on Layer M3
violation type: Metal Spacing
	srcs: net:apb_rdata[4] net:VSS
	bbox = (100.7600, 525.5500) - (100.8500, 525.6500) on Layer M3
violation type: Metal Spacing
	srcs: net:u_data_mem/_18182_ net:u_data_mem/_41000_
	bbox = (118.1900, 956.5500) - (118.2500, 956.6500) on Layer M3
violation type: Metal Spacing
	srcs: net:apb_rdata[28] net:u_gpio/data_out_q[18]
	bbox = (124.9300, 502.5500) - (125.0100, 502.6500) on Layer M3
violation type: Metal Spacing
	srcs: net:u_gpio/_1450_ net:u_gpio/int_status_q[25]
	bbox = (129.3300, 541.3500) - (129.4100, 541.4500) on Layer M3
violation type: Metal Spacing
	srcs: net:u_gpio/_1288_ net:u_gpio/_1407_
	bbox = (140.7500, 564.1500) - (140.8100, 564.2500) on Layer M3
violation type: Metal Spacing
	srcs: net:u_gpio/_1395_ net:u_gpio/data_out_q[7]
	bbox = (155.3900, 567.9500) - (155.4500, 568.0500) on Layer M3
violation type: Metal Spacing
	srcs: net:_1_ net:pwdata_gpio_p[23]
	bbox = (161.5500, 560.7500) - (161.5800, 560.8500) on Layer M3
violation type: Metal Spacing
	srcs: net:u_gpio/_1431_ net:u_gpio/_1440_
	bbox = (161.9300, 538.3500) - (161.9500, 538.4500) on Layer M3
violation type: Metal Spacing
	srcs: net:u_data_mem/_35549_
	bbox = (161.9900, 960.3500) - (162.0100, 960.4500) on Layer M3
violation type: Metal Spacing
	srcs: net:mem_wdata[11] net:u_data_mem/_18331_
	bbox = (162.1500, 728.5500) - (162.2100, 728.6500) on Layer M3
violation type: Metal Spacing
	srcs: net:u_riscv_top/multiplier/_07769_ net:u_riscv_top/multiplier/_08765_
	bbox = (163.9300, 330.7500) - (164.0100, 330.8500) on Layer M3
violation type: Metal Spacing
	srcs: net:u_data_mem/_35544_ net:VDD
	bbox = (175.7600, 757.7500) - (175.8500, 757.8500) on Layer M3
violation type: Metal Spacing
	srcs: net:pwdata_sim[27] net:u_gpio/_1514_
	bbox = (177.9900, 514.5500) - (178.0500, 514.6500) on Layer M3
violation type: Metal Spacing
	srcs: net:u_data_mem/_19785_ net:u_data_mem/_35533_
	bbox = (181.7900, 821.1500) - (181.8700, 821.2500) on Layer M3
violation type: Metal Spacing
	srcs: net:u_data_mem/_18301_ net:u_data_mem/_41232_
	bbox = (183.1900, 812.5500) - (183.2500, 812.6500) on Layer M3
violation type: Metal Spacing
	srcs: net:u_data_mem/_22685_ net:u_data_mem/_39677_
	bbox = (193.7900, 884.1500) - (193.8500, 884.2500) on Layer M3
violation type: Metal Spacing
	srcs: net:mem_addr[0] net:u_data_mem/_35542_
	bbox = (195.7500, 882.9500) - (195.8100, 883.0500) on Layer M3
violation type: Metal Spacing
	srcs: net:u_data_mem/_35533_ net:u_data_mem/_35536_
	bbox = (201.3500, 666.9500) - (201.4100, 667.0500) on Layer M3
violation type: Metal Spacing
	srcs: net:u_data_mem/_35611_ net:u_data_mem/_37853_
	bbox = (211.3900, 820.3500) - (211.4100, 820.4500) on Layer M3
violation type: Metal Spacing
	srcs: net:u_data_mem/_35611_ net:u_data_mem/_37853_
	bbox = (211.3900, 820.3500) - (211.4500, 820.4500) on Layer M3
violation type: Metal Spacing
	srcs: net:mem_wdata[14] net:u_data_mem/_41155_
	bbox = (218.9900, 931.5500) - (219.0100, 931.6500) on Layer M3
violation type: Metal Spacing
	srcs: net:u_data_mem/_24371_ net:VSS
	bbox = (220.1500, 712.7500) - (220.2400, 712.8500) on Layer M3
violation type: Metal Spacing
	srcs: net:u_riscv_top/multiplier/_07769_ net:u_riscv_top/multiplier/_07890_
	bbox = (220.9900, 380.3500) - (221.0500, 380.4500) on Layer M3
violation type: Metal Spacing
	srcs: net:u_data_mem/_18266_ net:u_data_mem/_40543_
	bbox = (223.9900, 916.7500) - (224.0500, 916.8500) on Layer M3
violation type: Metal Spacing
	srcs: net:clknet_10_529__leaf_clk
	bbox = (224.9300, 479.1500) - (224.9500, 479.2500) on Layer M3
violation type: Metal Spacing
	srcs: net:u_data_mem/_41208_ net:net1334
	bbox = (224.9900, 524.9500) - (225.0500, 525.0500) on Layer M3
violation type: Metal Spacing
	srcs: net:u_riscv_top/multiplier/_10211_ net:VDD
	bbox = (225.7600, 444.5500) - (225.8500, 444.6500) on Layer M3
violation type: Metal Spacing
	srcs: net:u_data_mem/_35536_ net:u_data_mem/bank1\[1\][12]
	bbox = (226.5900, 584.1500) - (226.6100, 584.2500) on Layer M3
violation type: Metal Spacing
	srcs: net:u_data_mem/_22326_ net:u_data_mem/_38394_
	bbox = (239.1900, 879.7500) - (239.2500, 879.8500) on Layer M3
violation type: Metal Spacing
	srcs: net:u_data_mem/bank1\[60\][27] net:VSS
	bbox = (240.7600, 687.5500) - (240.8500, 687.6500) on Layer M3
violation type: Metal Spacing
	srcs: net:u_data_mem/_35531_ net:u_data_mem/_39533_
	bbox = (244.5900, 540.9500) - (244.6100, 541.0500) on Layer M3
violation type: Metal Spacing
	srcs: net:u_data_mem/_41249_ net:u_data_mem/bank1\[62\][11]
	bbox = (246.3500, 673.5500) - (246.4100, 673.6500) on Layer M3
violation type: Metal Spacing
	srcs: net:mem_wdata[17] net:u_data_mem/_37113_
	bbox = (246.3500, 934.5500) - (246.4100, 934.6500) on Layer M3
violation type: Metal Spacing
	srcs: net:u_data_mem/_35582_ net:u_data_mem/_38483_
	bbox = (247.3500, 703.1500) - (247.4100, 703.2500) on Layer M3
violation type: Metal Spacing
	srcs: net:u_data_mem/_35542_ net:clknet_2_2_0_clk
	bbox = (266.4100, 609.4500) - (266.5900, 609.5500) on Layer M3
violation type: Metal Spacing
	srcs: net:u_data_mem/_35542_ net:clknet_2_2_0_clk
	bbox = (266.4500, 609.4500) - (266.5500, 609.5500) on Layer M3
violation type: Metal Spacing
	srcs: net:u_data_mem/_35542_ net:u_data_mem/bank1\[0\][4]
	bbox = (266.5500, 609.1500) - (266.6100, 609.2500) on Layer M3
violation type: Metal Spacing
	srcs: net:u_data_mem/_35544_ net:clknet_10_541__leaf_clk
	bbox = (267.1900, 522.5500) - (267.2500, 522.6500) on Layer M3
violation type: Metal Spacing
	srcs: net:mem_wdata[18] net:VSS
	bbox = (270.7600, 593.9500) - (270.8500, 594.0500) on Layer M3
violation type: Metal Spacing
	srcs: net:u_data_mem/_39638_ net:VSS
	bbox = (270.7600, 647.9500) - (270.8500, 648.0500) on Layer M3
violation type: Metal Spacing
	srcs: net:u_data_mem/_35544_ net:u_data_mem/bank0\[10\][24]
	bbox = (274.9300, 900.7500) - (274.9800, 900.8500) on Layer M3
violation type: Metal Spacing
	srcs: net:mem_wdata[27] net:u_data_mem/_41180_
	bbox = (274.9900, 737.5500) - (275.0500, 737.6500) on Layer M3
violation type: Metal Spacing
	srcs: net:mem_wdata[3] net:u_data_mem/_41003_
	bbox = (276.9900, 551.7500) - (277.0100, 551.8500) on Layer M3
violation type: Metal Spacing
	srcs: net:u_data_mem/_40945_ net:VSS
	bbox = (280.1500, 611.9500) - (280.2400, 612.0500) on Layer M3
violation type: Metal Spacing
	srcs: net:u_data_mem/_39627_ net:clknet_2_2_0_clk
	bbox = (281.0100, 609.6500) - (281.1900, 609.7500) on Layer M3
violation type: Metal Spacing
	srcs: net:u_data_mem/_39627_ net:clknet_2_2_0_clk
	bbox = (281.0500, 609.6500) - (281.1500, 609.7500) on Layer M3
violation type: Metal Spacing
	srcs: net:mem_wdata[13] net:u_data_mem/_41255_
	bbox = (287.1900, 542.7500) - (287.2100, 542.8500) on Layer M3
violation type: Metal Spacing
	srcs: net:riscv_rdata[20] net:VSS
	bbox = (290.7600, 500.3500) - (290.8500, 500.4500) on Layer M3
violation type: Metal Spacing
	srcs: net:u_riscv_top/multiplier/_07540_ net:u_riscv_top/multiplier/_07599_
	bbox = (293.9900, 344.7500) - (294.0100, 344.8500) on Layer M3
violation type: Metal Spacing
	srcs: net:u_data_mem/_41259_ net:VDD
	bbox = (295.7600, 667.7500) - (295.8500, 667.8500) on Layer M3
violation type: Metal Spacing
	srcs: net:u_data_mem/_34833_ net:u_data_mem/_35534_
	bbox = (303.3900, 927.7500) - (303.4700, 927.8500) on Layer M3
violation type: Metal Spacing
	srcs: net:u_riscv_top/register_file/_07227_ net:u_riscv_top/register_file/_09396_
	bbox = (313.3900, 78.7500) - (313.4500, 78.8500) on Layer M3
violation type: Metal Spacing
	srcs: net:u_riscv_top/register_file/_10519_ net:VDD
	bbox = (325.7600, 124.1500) - (325.8500, 124.2500) on Layer M3
violation type: Metal Spacing
	srcs: net:u_data_mem/_39619_ net:VSS
	bbox = (330.1500, 647.9500) - (330.2400, 648.0500) on Layer M3
violation type: Metal Spacing
	srcs: net:u_data_mem/_41144_ net:VSS
	bbox = (330.7600, 727.1500) - (330.8500, 727.2500) on Layer M3
violation type: Metal Spacing
	srcs: net:mem_wdata[16] net:u_data_mem/_40984_
	bbox = (330.9900, 801.7500) - (331.0500, 801.8500) on Layer M3
violation type: Metal Spacing
	srcs: net:u_data_mem/_40946_ net:VDD
	bbox = (335.7600, 804.5500) - (335.8500, 804.6500) on Layer M3
violation type: Metal Spacing
	srcs: net:u_data_mem/_41027_ net:VDD
	bbox = (335.7600, 883.7500) - (335.8500, 883.8500) on Layer M3
violation type: Metal Spacing
	srcs: net:A1_sim[1] net:u_riscv_top/register_file/_07234_
	bbox = (339.5900, 135.3500) - (339.6500, 135.4500) on Layer M3
violation type: Metal Spacing
	srcs: net:u_data_mem/_36669_ net:u_data_mem/_36673_
	bbox = (343.7900, 528.3500) - (343.8100, 528.4500) on Layer M3
violation type: Metal Spacing
	srcs: net:apb_rdata[21] net:mem_wdata[24]
	bbox = (343.7900, 528.7500) - (343.8500, 528.8500) on Layer M3
violation type: Metal Spacing
	srcs: net:u_data_mem/_37047_ net:VDD
	bbox = (345.7600, 700.1500) - (345.8500, 700.2500) on Layer M3
violation type: Metal Spacing
	srcs: net:u_riscv_top/register_file/_08049_ net:VSS
	bbox = (350.1500, 115.1500) - (350.2400, 115.2500) on Layer M3
violation type: Metal Spacing
	srcs: net:mem_wdata[13] net:u_data_mem/_41199_
	bbox = (350.1900, 807.3500) - (350.2100, 807.4500) on Layer M3
violation type: Metal Spacing
	srcs: net:u_data_mem/_40952_ net:VSS
	bbox = (350.7600, 953.9500) - (350.8500, 954.0500) on Layer M3
violation type: Metal Spacing
	srcs: net:mem_addr[1] net:mem_wdata[16]
	bbox = (351.1900, 645.7500) - (351.2100, 645.8500) on Layer M3
violation type: Metal Spacing
	srcs: net:mem_addr[1] net:mem_wdata[16]
	bbox = (351.1900, 645.7500) - (351.2500, 645.8500) on Layer M3
violation type: Metal Spacing
	srcs: net:u_data_mem/_35546_ net:u_data_mem/bank0\[50\][14]
	bbox = (353.3900, 882.3500) - (353.4500, 882.4500) on Layer M3
violation type: Metal Spacing
	srcs: net:u_riscv_top/register_file/_10091_ net:u_riscv_top/register_file/regfile\[23\][14]
	bbox = (357.1300, 37.3500) - (357.2100, 37.4500) on Layer M3
violation type: Metal Spacing
	srcs: net:u_riscv_top/register_file/_09655_ net:VSS
	bbox = (360.7600, 143.9500) - (360.8500, 144.0500) on Layer M3
violation type: Metal Spacing
	srcs: net:u_data_mem/_35549_ net:u_data_mem/_41236_
	bbox = (367.3900, 620.7500) - (367.4500, 620.8500) on Layer M3
violation type: Metal Spacing
	srcs: net:u_data_mem/_39825_ net:VSS
	bbox = (370.7600, 568.7500) - (370.8500, 568.8500) on Layer M3
violation type: Metal Spacing
	srcs: net:u_riscv_top/register_file/_08049_ net:u_riscv_top/register_file/regfile\[3\][24]
	bbox = (372.7900, 146.1500) - (372.8500, 146.2500) on Layer M3
violation type: Metal Spacing
	srcs: net:u_riscv_top/register_file/_08850_ net:u_riscv_top/register_file/_09136_
	bbox = (373.3300, 249.1500) - (373.4100, 249.2500) on Layer M3
violation type: Metal Spacing
	srcs: net:mem_wdata[4] net:u_data_mem/_35549_
	bbox = (377.0200, 520.5500) - (377.0700, 520.6500) on Layer M3
violation type: Metal Spacing
	srcs: net:riscv_rdata[25] net:u_riscv_top/mux5/_229_
	bbox = (379.1500, 494.5500) - (379.2100, 494.6500) on Layer M3
violation type: Metal Spacing
	srcs: net:mem_wdata[22] net:wb_data_sim[13]
	bbox = (379.3500, 493.7500) - (379.4100, 493.8500) on Layer M3
violation type: Metal Spacing
	srcs: net:u_riscv_top/register_file/_09021_ net:VSS
	bbox = (390.7600, 125.9500) - (390.8500, 126.0500) on Layer M3
violation type: Metal Spacing
	srcs: net:A1_sim[1] net:u_riscv_top/register_file/_07231_
	bbox = (396.1900, 258.3500) - (396.2100, 258.4500) on Layer M3
violation type: Metal Spacing
	srcs: net:mem_wdata[21] net:u_data_mem/bank2\[36\][13]
	bbox = (397.3900, 727.5500) - (397.4700, 727.6500) on Layer M3
violation type: Metal Spacing
	srcs: net:u_data_mem/_41045_ net:VSS
	bbox = (400.1500, 784.7500) - (400.2400, 784.8500) on Layer M3
violation type: Metal Spacing
	srcs: net:A1_sim[4] net:u_riscv_top/register_file/_07214_
	bbox = (404.7500, 33.5500) - (404.8100, 33.6500) on Layer M3
violation type: Metal Spacing
	srcs: net:u_riscv_top/h1[23] net:u_riscv_top/FP_Adder/_1601_
	bbox = (405.3900, 389.1500) - (405.4500, 389.2500) on Layer M3
violation type: Metal Spacing
	srcs: net:apb_rdata[18] net:u_riscv_top/pipeline_register3/net2361
	bbox = (405.5900, 513.3500) - (405.6500, 513.4500) on Layer M3
violation type: Metal Spacing
	srcs: net:u_riscv_top/register_file/_07222_ net:u_riscv_top/register_file/_07223_
	bbox = (405.7500, 25.5500) - (405.8100, 25.6500) on Layer M3
violation type: Metal Spacing
	srcs: net:u_data_mem/_41031_ net:VDD
	bbox = (405.7600, 804.5500) - (405.8500, 804.6500) on Layer M3
violation type: Metal Spacing
	srcs: net:u_data_mem/_41074_ net:VDD
	bbox = (405.7600, 919.7500) - (405.8500, 919.8500) on Layer M3
violation type: Metal Spacing
	srcs: net:mem_addr[2] net:u_data_mem/_35544_
	bbox = (409.7900, 612.1500) - (409.8500, 612.2500) on Layer M3
violation type: Metal Spacing
	srcs: net:u_riscv_top/register_file/_10501_ net:VSS
	bbox = (410.7600, 251.9500) - (410.8500, 252.0500) on Layer M3
violation type: Metal Spacing
	srcs: net:u_riscv_top/register_file/_09660_ net:u_riscv_top/register_file/_09662_
	bbox = (413.5900, 85.5500) - (413.6500, 85.6500) on Layer M3
violation type: Metal Spacing
	srcs: net:u_riscv_top/register_file/_09662_ net:u_riscv_top/register_file/_10181_
	bbox = (413.7500, 85.5500) - (413.8100, 85.6500) on Layer M3
violation type: Metal Spacing
	srcs: net:u_data_mem/_41096_
	bbox = (413.9500, 744.3500) - (414.0100, 744.4500) on Layer M3
violation type: Metal Spacing
	srcs: net:RD2_sim[23] net:u_riscv_top/register_file/_07236_
	bbox = (414.5500, 179.5500) - (414.6100, 179.6500) on Layer M3
violation type: Metal Spacing
	srcs: net:A2_sim[0] net:u_riscv_top/register_file/_10505_
	bbox = (417.9900, 64.9500) - (418.0500, 65.0500) on Layer M3
violation type: Metal Spacing
	srcs: net:u_riscv_top/h2[22] net:VSS
	bbox = (420.7600, 406.7500) - (420.8500, 406.8500) on Layer M3
violation type: Metal Spacing
	srcs: net:A3_sim[2] net:u_riscv_top/register_file/_08943_
	bbox = (423.7900, 132.1500) - (423.8500, 132.2500) on Layer M3
violation type: Metal Spacing
	srcs: net:u_data_mem/_37174_ net:VDD
	bbox = (425.7600, 844.1500) - (425.8500, 844.2500) on Layer M3
violation type: Metal Spacing
	srcs: net:u_riscv_top/mux5/_230_ net:u_riscv_top/mux5/_231_
	bbox = (430.5900, 507.9500) - (430.6700, 508.0500) on Layer M3
violation type: Metal Spacing
	srcs: net:u_data_mem/_35531_ net:u_data_mem/_41376_
	bbox = (432.1900, 801.7500) - (432.2500, 801.8500) on Layer M3
violation type: Metal Spacing
	srcs: net:u_data_mem/_35542_ net:u_data_mem/_35718_
	bbox = (432.9900, 746.1500) - (433.0100, 746.2500) on Layer M3
violation type: Metal Spacing
	srcs: net:A3_sim[2] net:u_riscv_top/register_file/_07236_
	bbox = (434.3900, 65.3500) - (434.4100, 65.4500) on Layer M3
violation type: Metal Spacing
	srcs: net:u_riscv_top/register_file/_08138_ net:u_riscv_top/register_file/_09775_
	bbox = (434.3900, 115.5500) - (434.4500, 115.6500) on Layer M3
violation type: Metal Spacing
	srcs: net:VDD net:net1281
	bbox = (435.1500, 498.5500) - (435.2400, 498.6500) on Layer M3
violation type: Metal Spacing
	srcs: net:u_data_mem/_36915_ net:VDD
	bbox = (435.1500, 674.9500) - (435.2400, 675.0500) on Layer M3
violation type: Metal Spacing
	srcs: net:RD3_sim[12] net:VDD
	bbox = (435.7600, 52.1500) - (435.8500, 52.2500) on Layer M3
violation type: Metal Spacing
	srcs: net:u_riscv_top/FP_Adder/_1285_ net:VDD
	bbox = (435.7600, 304.1500) - (435.8500, 304.2500) on Layer M3
violation type: Metal Spacing
	srcs: net:VDD net:u_riscv_top/mux5/net2440
	bbox = (435.7600, 412.1500) - (435.8500, 412.2500) on Layer M3
violation type: Metal Spacing
	srcs: net:u_data_mem/_41120_ net:VSS
	bbox = (440.1500, 604.7500) - (440.2400, 604.8500) on Layer M3
violation type: Metal Spacing
	srcs: net:u_data_mem/_41088_ net:VSS
	bbox = (440.7600, 593.9500) - (440.8500, 594.0500) on Layer M3
violation type: Metal Spacing
	srcs: net:u_data_mem/_40982_ net:VSS
	bbox = (440.7600, 809.9500) - (440.8500, 810.0500) on Layer M3
violation type: Metal Spacing
	srcs: net:u_data_mem/_20478_ net:u_data_mem/_41120_
	bbox = (448.5900, 609.7500) - (448.6100, 609.8500) on Layer M3
violation type: Metal Spacing
	srcs: net:u_data_mem/bank2\[8\][24] net:VSS
	bbox = (450.1500, 658.7500) - (450.2400, 658.8500) on Layer M3
violation type: Metal Spacing
	srcs: net:u_data_mem/bank3\[3\][30] net:VDD
	bbox = (455.7600, 908.9500) - (455.8500, 909.0500) on Layer M3
violation type: Metal Spacing
	srcs: net:u_riscv_top/register_file/_07245_ net:VSS
	bbox = (460.7600, 118.7500) - (460.8500, 118.8500) on Layer M3
violation type: Metal Spacing
	srcs: net:u_data_mem/bank3\[28\][17] net:clknet_2_3_0_clk
	bbox = (464.6100, 927.6500) - (465.1300, 927.7500) on Layer M3
violation type: Metal Spacing
	srcs: net:u_riscv_top/register_file/_10322_ net:VDD
	bbox = (465.1500, 124.1500) - (465.2400, 124.2500) on Layer M3
violation type: Metal Spacing
	srcs: net:u_data_mem/bank3\[58\][0] net:VDD
	bbox = (465.7600, 883.7500) - (465.8500, 883.8500) on Layer M3
violation type: Metal Spacing
	srcs: net:u_riscv_top/mux8_1/_607_ net:u_riscv_top/net1831
	bbox = (465.9500, 287.5500) - (466.0100, 287.6500) on Layer M3
violation type: Metal Spacing
	srcs: net:u_data_mem/_40965_ net:u_data_mem/_41051_
	bbox = (468.7900, 910.5500) - (468.8500, 910.6500) on Layer M3
violation type: Metal Spacing
	srcs: net:u_riscv_top/mult_result_core[20] net:u_riscv_top/net1828
	bbox = (471.1900, 280.9500) - (471.2500, 281.0500) on Layer M3
violation type: Metal Spacing
	srcs: net:u_riscv_top/register_file/_08941_ net:u_riscv_top/register_file/_09660_
	bbox = (474.7900, 161.5500) - (474.8500, 161.6500) on Layer M3
violation type: Metal Spacing
	srcs: net:u_data_mem/_41119_ net:VDD
	bbox = (475.1500, 656.9500) - (475.2400, 657.0500) on Layer M3
violation type: Metal Spacing
	srcs: net:u_riscv_top/register_file/_09551_ net:u_riscv_top/register_file/regfile\[2\][4]
	bbox = (475.7900, 160.9500) - (475.8700, 161.0500) on Layer M3
violation type: Metal Spacing
	srcs: net:u_riscv_top/u_bridge_core_to_fp_mul/net1740
	bbox = (476.9900, 434.3500) - (477.0100, 434.4500) on Layer M3
violation type: Metal Spacing
	srcs: net:u_riscv_top/register_file/_08049_ net:clknet_2_0_0_clk
	bbox = (477.0500, 162.4500) - (477.1500, 162.5500) on Layer M3
violation type: Metal Spacing
	srcs: net:u_riscv_top/register_file/_08049_ net:clknet_2_0_0_clk
	bbox = (477.0500, 162.4500) - (477.1900, 162.5500) on Layer M3
violation type: Metal Spacing
	srcs: net:clknet_1_0_0_clk net:clknet_10_195__leaf_clk
	bbox = (477.0900, 279.8500) - (477.2500, 279.9500) on Layer M3
violation type: Metal Spacing
	srcs: net:u_riscv_top/register_file/_10522_ net:u_riscv_top/register_file/_10524_
	bbox = (477.5500, 106.3500) - (477.6100, 106.4500) on Layer M3
violation type: Metal Spacing
	srcs: net:u_riscv_top/register_file/_07234_ net:clknet_2_0_0_clk
	bbox = (477.6100, 163.0500) - (477.7500, 163.1500) on Layer M3
violation type: Metal Spacing
	srcs: net:u_riscv_top/register_file/_07234_ net:clknet_2_0_0_clk
	bbox = (477.6500, 163.0500) - (477.7500, 163.1500) on Layer M3
violation type: Metal Spacing
	srcs: net:u_riscv_top/register_file/_10263_ net:VSS
	bbox = (480.7600, 208.7500) - (480.8500, 208.8500) on Layer M3
violation type: Metal Spacing
	srcs: net:u_data_mem/_18231_ net:u_data_mem/_41061_
	bbox = (481.3900, 748.3500) - (481.4500, 748.4500) on Layer M3
violation type: Metal Spacing
	srcs: net:u_riscv_top/mux8_1/_620_ net:clknet_1_0_0_clk
	bbox = (486.5300, 279.3500) - (486.6500, 279.4500) on Layer M3
violation type: Metal Spacing
	srcs: net:u_riscv_top/register_file/_09580_ net:VSS
	bbox = (490.7600, 79.1500) - (490.8500, 79.2500) on Layer M3
violation type: Metal Spacing
	srcs: net:u_riscv_top/register_file/_06203_ net:VSS
	bbox = (490.7600, 197.9500) - (490.8500, 198.0500) on Layer M3
violation type: Metal Spacing
	srcs: net:u_data_mem/_18136_ net:VSS
	bbox = (490.7600, 784.7500) - (490.8500, 784.8500) on Layer M3
violation type: Metal Spacing
	srcs: net:A1_sim[0] net:u_riscv_top/register_file/_07226_
	bbox = (490.9900, 249.7500) - (491.0500, 249.8500) on Layer M3
violation type: Metal Spacing
	srcs: net:u_data_mem/_35582_ net:clknet_10_835__leaf_clk
	bbox = (494.9500, 694.1500) - (495.0100, 694.2500) on Layer M3
violation type: Metal Spacing
	srcs: net:u_riscv_top/register_file/_07213_ net:u_riscv_top/register_file/_08666_
	bbox = (495.3500, 249.1500) - (495.4100, 249.2500) on Layer M3
violation type: Metal Spacing
	srcs: net:A3_sim[0] net:VDD
	bbox = (495.7600, 55.7500) - (495.8500, 55.8500) on Layer M3
violation type: Metal Spacing
	srcs: net:u_riscv_top/CSR_Data_out[29] net:u_riscv_top/mux5/_231_
	bbox = (497.9300, 526.1500) - (497.9500, 526.2500) on Layer M3
violation type: Metal Spacing
	srcs: net:u_riscv_top/register_file/_09270_ net:clknet_8_26_0_clk
	bbox = (498.1900, 254.5500) - (498.2500, 254.6500) on Layer M3
violation type: Metal Spacing
	srcs: net:clknet_2_0_0_clk net:clknet_8_24_0_clk
	bbox = (498.2500, 162.8500) - (498.3500, 162.9500) on Layer M3
violation type: Metal Spacing
	srcs: net:clknet_2_0_0_clk net:clknet_8_24_0_clk
	bbox = (498.2500, 162.8500) - (498.7500, 162.9500) on Layer M3
violation type: Metal Spacing
	srcs: net:u_riscv_top/register_file/_07236_ net:u_riscv_top/register_file/_08852_
	bbox = (498.5500, 64.1500) - (498.6100, 64.2500) on Layer M3
violation type: Metal Spacing
	srcs: net:mem_wdata[12] net:u_data_mem/_40331_
	bbox = (498.5500, 699.3500) - (498.6100, 699.4500) on Layer M3
violation type: Metal Spacing
	srcs: net:RD3_sim[19] net:u_riscv_top/register_file/regfile\[6\][26]
	bbox = (498.5900, 198.3500) - (498.6500, 198.4500) on Layer M3
violation type: Metal Spacing
	srcs: net:u_riscv_top/mux8_1/_677_ net:net1899
	bbox = (501.5500, 277.9500) - (501.6100, 278.0500) on Layer M3
violation type: Metal Spacing
	srcs: net:mem_addr[0] net:u_data_mem/bank2\[21\][26]
	bbox = (505.9900, 656.3500) - (506.0100, 656.4500) on Layer M3
violation type: Metal Spacing
	srcs: net:u_data_mem/_41222_ net:VSS
	bbox = (510.1500, 748.7500) - (510.2400, 748.8500) on Layer M3
violation type: Metal Spacing
	srcs: net:u_riscv_top/register_file/_09808_ net:VSS
	bbox = (510.7600, 179.9500) - (510.8500, 180.0500) on Layer M3
violation type: Metal Spacing
	srcs: net:A1_sim[3] net:u_riscv_top/register_file/_09660_
	bbox = (514.9900, 94.5500) - (515.0500, 94.6500) on Layer M3
violation type: Metal Spacing
	srcs: net:u_data_mem/_18154_ net:u_data_mem/_39923_
	bbox = (517.5500, 945.5500) - (517.6100, 945.6500) on Layer M3
violation type: Metal Spacing
	srcs: net:u_riscv_top/AluResult[0] net:u_riscv_top/mux8_1/_677_
	bbox = (518.7300, 277.9500) - (518.8100, 278.0500) on Layer M3
violation type: Metal Spacing
	srcs: net:u_data_mem/_35546_ net:u_data_mem/_41136_
	bbox = (519.3900, 879.9500) - (519.4500, 880.0500) on Layer M3
violation type: Metal Spacing
	srcs: net:riscv_we net:u_data_mem/_35533_
	bbox = (528.5500, 532.9500) - (528.6100, 533.0500) on Layer M3
violation type: Metal Spacing
	srcs: net:u_data_mem/_38072_ net:VSS
	bbox = (530.7600, 716.3500) - (530.8500, 716.4500) on Layer M3
violation type: Metal Spacing
	srcs: net:u_riscv_top/register_file/_10082_ net:u_riscv_top/register_file/_10083_
	bbox = (532.9300, 260.1500) - (533.0100, 260.2500) on Layer M3
violation type: Metal Spacing
	srcs: net:u_data_mem/bank3\[41\][6] net:u_data_mem/bank3\[47\][6]
	bbox = (534.5900, 972.5500) - (534.6500, 972.6500) on Layer M3
violation type: Metal Spacing
	srcs: net:VDD net:u_riscv_top/net1909
	bbox = (535.7600, 494.9500) - (535.8500, 495.0500) on Layer M3
violation type: Metal Spacing
	srcs: net:mem_wdata[0] net:u_data_mem/bank2\[6\][0]
	bbox = (539.5900, 573.7500) - (539.6500, 573.8500) on Layer M3
violation type: Metal Spacing
	srcs: net:u_riscv_top/register_file/_08049_ net:u_riscv_top/register_file/regfile\[16\][5]
	bbox = (539.9500, 37.3500) - (540.0100, 37.4500) on Layer M3
violation type: Metal Spacing
	srcs: net:u_riscv_top/pipeline_reg2/_0416_ net:VSS
	bbox = (540.1500, 431.9500) - (540.2400, 432.0500) on Layer M3
violation type: Metal Spacing
	srcs: net:VSS net:u_riscv_top/net516
	bbox = (540.1500, 485.9500) - (540.2400, 486.0500) on Layer M3
violation type: Metal Spacing
	srcs: net:u_data_mem/_39787_ net:VSS
	bbox = (540.1500, 709.1500) - (540.2400, 709.2500) on Layer M3
violation type: Metal Spacing
	srcs: net:u_riscv_top/muxB2[21] net:clknet_10_482__leaf_clk
	bbox = (540.1900, 467.1500) - (540.2500, 467.2500) on Layer M3
violation type: Metal Spacing
	srcs: net:u_data_mem/_41039_ net:u_data_mem/bank2\[57\][26]
	bbox = (540.4200, 695.1500) - (540.4500, 695.2500) on Layer M3
violation type: Metal Spacing
	srcs: net:u_riscv_top/net439 net:u_riscv_top/CSR_Register/net739
	bbox = (540.5500, 497.1500) - (540.6100, 497.2500) on Layer M3
violation type: Metal Spacing
	srcs: net:u_riscv_top/CSR_Register/net739
	bbox = (540.5900, 497.1500) - (540.6100, 497.2500) on Layer M3
violation type: Metal Spacing
	srcs: net:VSS net:u_riscv_top/net498
	bbox = (540.7600, 525.5500) - (540.8500, 525.6500) on Layer M3
violation type: Metal Spacing
	srcs: net:u_riscv_top/register_file/_09585_ net:u_riscv_top/register_file/_09586_
	bbox = (540.9500, 59.9500) - (541.0100, 60.0500) on Layer M3
violation type: Metal Spacing
	srcs: net:u_data_mem/_18260_ net:u_data_mem/_41026_
	bbox = (540.9900, 730.5500) - (541.0500, 730.6500) on Layer M3
violation type: Metal Spacing
	srcs: net:mem_addr[0] net:u_data_mem/_38538_
	bbox = (540.9900, 863.7500) - (541.0500, 863.8500) on Layer M3
violation type: Metal Spacing
	srcs: net:mem_wdata[26] net:u_data_mem/_41136_
	bbox = (541.1500, 880.7500) - (541.2100, 880.8500) on Layer M3
violation type: Metal Spacing
	srcs: net:A2_sim[1] net:u_riscv_top/register_file/_08852_
	bbox = (543.1900, 180.5500) - (543.2700, 180.6500) on Layer M3
violation type: Metal Spacing
	srcs: net:mem_wdata[7] net:VDD
	bbox = (545.7600, 610.1500) - (545.8500, 610.2500) on Layer M3
violation type: Metal Spacing
	srcs: net:u_data_mem/_36729_ net:VSS
	bbox = (550.7600, 730.7500) - (550.8500, 730.8500) on Layer M3
violation type: Metal Spacing
	srcs: net:u_data_mem/_35573_ net:u_data_mem/_37913_
	bbox = (551.9900, 693.7500) - (552.0500, 693.8500) on Layer M3
violation type: Metal Spacing
	srcs: net:u_data_mem/_18134_ net:u_data_mem/_41196_
	bbox = (551.9900, 807.7500) - (552.0500, 807.8500) on Layer M3
violation type: Metal Spacing
	srcs: net:mem_addr[2] net:u_data_mem/_40964_
	bbox = (560.9900, 776.1500) - (561.0500, 776.2500) on Layer M3
violation type: Metal Spacing
	srcs: net:u_riscv_top/TICK net:u_riscv_top/pipeline_reg1/net1014
	bbox = (564.7500, 432.3500) - (564.8100, 432.4500) on Layer M3
violation type: Metal Spacing
	srcs: net:u_riscv_top/TICK net:u_riscv_top/pipeline_reg1/net1014
	bbox = (564.7900, 432.3500) - (564.8100, 432.4500) on Layer M3
violation type: Metal Spacing
	srcs: net:u_riscv_top/mux3/_0714_ net:u_riscv_top/net577
	bbox = (564.9900, 433.1500) - (565.0100, 433.2500) on Layer M3
violation type: Metal Spacing
	srcs: net:VDD net:u_riscv_top/net330
	bbox = (575.7600, 502.1500) - (575.8500, 502.2500) on Layer M3
violation type: Metal Spacing
	srcs: net:mem_wdata[14] net:u_data_mem/_41217_
	bbox = (576.7900, 735.3500) - (576.8100, 735.4500) on Layer M3
violation type: Metal Spacing
	srcs: net:u_riscv_top/CSR_Register/spi_q net:clknet_10_486__leaf_clk
	bbox = (581.9500, 477.5500) - (582.0100, 477.6500) on Layer M3
violation type: Metal Spacing
	srcs: net:u_data_mem/_41222_ net:u_data_mem/bank2\[29\][14]
	bbox = (582.1900, 737.3500) - (582.2500, 737.4500) on Layer M3
violation type: Metal Spacing
	srcs: net:u_data_mem/_39765_ net:u_data_mem/_41142_
	bbox = (584.5500, 979.5500) - (584.6100, 979.6500) on Layer M3
violation type: Metal Spacing
	srcs: net:u_riscv_top/muxB2[30] net:u_riscv_top/CSR_Register/_1522_
	bbox = (584.9500, 503.1500) - (585.0100, 503.2500) on Layer M3
violation type: Metal Spacing
	srcs: net:u_riscv_top/mux3/_0696_ net:u_riscv_top/mux3/_0750_
	bbox = (587.1500, 438.3500) - (587.2100, 438.4500) on Layer M3
violation type: Metal Spacing
	srcs: net:u_data_mem/_35534_ net:VSS
	bbox = (590.1500, 1015.1500) - (590.2400, 1015.2500) on Layer M3
violation type: Metal Spacing
	srcs: net:u_data_mem/_19108_ net:u_data_mem/_35552_
	bbox = (591.1900, 978.7500) - (591.2500, 978.8500) on Layer M3
violation type: Metal Spacing
	srcs: net:u_data_mem/_35552_ net:u_data_mem/_40192_
	bbox = (591.3500, 978.7500) - (591.4100, 978.8500) on Layer M3
violation type: Metal Spacing
	srcs: net:u_data_mem/_38229_ net:clknet_4_6_0_clk
	bbox = (596.3900, 704.1500) - (596.4500, 704.2500) on Layer M3
violation type: Metal Spacing
	srcs: net:u_riscv_top/muxB3[11] net:u_riscv_top/mux3/_0702_
	bbox = (596.9500, 437.9500) - (597.0100, 438.0500) on Layer M3
violation type: Metal Spacing
	srcs: net:SrcB_sim_i[26] net:u_riscv_top/ALU/alu/_2422_
	bbox = (600.5900, 398.7500) - (600.6100, 398.8500) on Layer M3
violation type: Metal Spacing
	srcs: net:clk_md net:u_riscv_top/ALU/alu/_2260_
	bbox = (602.2100, 412.8500) - (602.3900, 412.9500) on Layer M3
violation type: Metal Spacing
	srcs: net:clk_md net:u_riscv_top/ALU/alu/_2260_
	bbox = (602.2500, 412.8500) - (602.3500, 412.9500) on Layer M3
violation type: Metal Spacing
	srcs: net:VSS net:u_riscv_top/net407
	bbox = (620.7600, 493.1500) - (620.8500, 493.2500) on Layer M3
violation type: Metal Spacing
	srcs: net:u_riscv_top/muxB5[12] net:u_riscv_top/mux3/_0703_
	bbox = (622.9900, 436.3500) - (623.0700, 436.4500) on Layer M3
violation type: Metal Spacing
	srcs: net:clknet_2_1_0_clk net:u_riscv_top/CSR_Register/net2295
	bbox = (623.2100, 502.6500) - (623.3900, 502.7500) on Layer M3
violation type: Metal Spacing
	srcs: net:clknet_2_1_0_clk net:u_riscv_top/CSR_Register/net2295
	bbox = (623.2500, 502.6500) - (623.3500, 502.7500) on Layer M3
violation type: Metal Spacing
	srcs: net:u_riscv_top/CSR_Register/_1411_ net:u_riscv_top/CSR_Register/net808
	bbox = (623.7900, 484.5500) - (623.8500, 484.6500) on Layer M3
violation type: Metal Spacing
	srcs: net:u_riscv_top/muxB7[14] net:u_riscv_top/pipeline_reg1/net758
	bbox = (624.1900, 445.7500) - (624.2500, 445.8500) on Layer M3
violation type: Metal Spacing
	srcs: net:u_riscv_top/ALU/alu/_2654_ net:u_riscv_top/ALU/alu/_2655_
	bbox = (633.5300, 394.7500) - (633.6100, 394.8500) on Layer M3
violation type: Metal Spacing
	srcs: net:u_riscv_top/h2[8] net:u_riscv_top/ALU/alu/_1934_
	bbox = (645.1900, 348.7500) - (645.2500, 348.8500) on Layer M3
violation type: Metal Spacing
	srcs: net:rst net:clknet_10_406__leaf_clk
	bbox = (645.1900, 528.3500) - (645.2500, 528.4500) on Layer M3
violation type: Metal Spacing
	srcs: net:u_riscv_top/u_bridge_fft_to_core/_0006_ net:VDD
	bbox = (645.7600, 178.1500) - (645.8500, 178.2500) on Layer M3
violation type: Metal Spacing
	srcs: net:u_data_mem/bank3\[9\][30] net:VSS
	bbox = (660.7600, 910.7500) - (660.8500, 910.8500) on Layer M3
violation type: Metal Spacing
	srcs: net:u_riscv_top/ALU/alu/_1808_ net:u_riscv_top/ALU/alu/_1870_
	bbox = (670.9500, 361.1500) - (671.0100, 361.2500) on Layer M3
violation type: Metal Spacing
	srcs: net:clknet_0_clk_fft
	bbox = (677.2100, 177.6500) - (677.6200, 177.7500) on Layer M3
violation type: Metal Spacing
	srcs: net:u_riscv_top/CSR_Register/mtvec2[7] net:clknet_2_1_0_clk
	bbox = (681.8100, 503.4500) - (681.9900, 503.5500) on Layer M3
violation type: Metal Spacing
	srcs: net:u_riscv_top/CSR_Register/mtvec2[7] net:clknet_2_1_0_clk
	bbox = (681.8500, 503.4500) - (681.9500, 503.5500) on Layer M3
violation type: Metal Spacing
	srcs: net:mem_addr[0] net:mem_addr[2]
	bbox = (686.7900, 634.5500) - (686.8500, 634.6500) on Layer M3
violation type: Metal Spacing
	srcs: net:u_riscv_top/mux3/_0696_ net:u_riscv_top/mux3/_0804_
	bbox = (691.7500, 413.5500) - (691.8100, 413.6500) on Layer M3
violation type: Metal Spacing
	srcs: net:u_riscv_top/muxB5[0] net:u_riscv_top/mux3/_0705_
	bbox = (705.5300, 412.5500) - (705.5800, 412.6500) on Layer M3
violation type: Metal Spacing
	srcs: net:u_riscv_top/u_bridge_fft_to_core/_0146_ net:u_riscv_top/u_bridge_fft_to_core/data_hold[44]
	bbox = (744.3500, 136.3500) - (744.4100, 136.4500) on Layer M3
violation type: Metal Spacing
	srcs: net:u_riscv_top/CSR_Register/CSR_addr_r[0] net:clknet_2_1_0_clk
	bbox = (747.4100, 503.2500) - (747.9300, 503.3500) on Layer M3
violation type: Metal Spacing
	srcs: net:u_riscv_top/controller/state[0] net:VDD
	bbox = (755.7600, 422.9500) - (755.8500, 423.0500) on Layer M3
violation type: Metal Spacing
	srcs: net:u_riscv_top/controller/_1087_ net:u_riscv_top/controller/_1165_
	bbox = (771.5500, 428.9500) - (771.6100, 429.0500) on Layer M3
violation type: Metal Spacing
	srcs: net:im_wr_inst[31] net:VDD
	bbox = (965.7600, 404.9500) - (965.8500, 405.0500) on Layer M3
violation type: Metal Spacing
	srcs: net:im_wr_inst[4] net:imem/_2127_
	bbox = (979.5900, 366.3500) - (979.6500, 366.4500) on Layer M3
violation type: Metal Spacing
	srcs: net:i_ex[29] net:u_riscv_top/controller/net486
	bbox = (1013.3900, 492.9500) - (1013.4500, 493.0500) on Layer M3
violation type: Metal Spacing
	srcs: net:i_ex[29] net:u_riscv_top/controller/_1026_
	bbox = (1022.3500, 492.7500) - (1022.4100, 492.8500) on Layer M3
violation type: Metal Spacing
	srcs: net:pwdata_gpio_p[9] net:u_gpio/data_out_q[9]
	bbox = (162.0500, 544.0900) - (162.1500, 544.1500) on Layer M4
violation type: Metal Spacing
	srcs: net:u_data_mem/_35542_ net:u_data_mem/_40233_
	bbox = (174.2500, 771.0900) - (174.3500, 771.1500) on Layer M4
violation type: Metal Spacing
	srcs: net:u_data_mem/_35542_ net:u_data_mem/_40233_
	bbox = (174.4500, 771.2500) - (174.5500, 771.3100) on Layer M4
violation type: Metal Spacing
	srcs: net:u_data_mem/_35542_ net:u_data_mem/_40233_
	bbox = (174.4500, 774.8900) - (174.5500, 774.9500) on Layer M4
violation type: Metal Spacing
	srcs: net:pwdata_gpio_p[2] net:u_gpio/_1407_
	bbox = (191.8500, 513.4900) - (191.9500, 513.5500) on Layer M4
violation type: Metal Spacing
	srcs: net:u_data_mem/_18334_ net:u_data_mem/_37121_
	bbox = (241.4500, 745.8900) - (241.5500, 745.9500) on Layer M4
violation type: Metal Spacing
	srcs: net:u_data_mem/_35536_ net:u_data_mem/_41068_
	bbox = (242.6500, 519.3200) - (242.7500, 519.3500) on Layer M4
violation type: Metal Spacing
	srcs: net:u_data_mem/_39530_ net:u_data_mem/_39533_
	bbox = (244.8500, 540.8500) - (244.9500, 540.9100) on Layer M4
violation type: Metal Spacing
	srcs: net:clknet_2_2_0_clk
	bbox = (249.7500, 731.3100) - (249.8500, 731.4500) on Layer M4
violation type: Metal Spacing
	srcs: net:u_data_mem/_18360_ net:u_data_mem/_35549_
	bbox = (251.8500, 717.2500) - (251.9500, 717.3100) on Layer M4
violation type: Metal Spacing
	srcs: net:u_data_mem/_18354_ net:u_data_mem/_41022_
	bbox = (266.0500, 742.6500) - (266.1500, 742.7100) on Layer M4
violation type: Metal Spacing
	srcs: net:mem_wdata[20] net:u_data_mem/_39848_
	bbox = (269.8500, 638.2900) - (269.9500, 638.3500) on Layer M4
violation type: Metal Spacing
	srcs: net:mem_wdata[20] net:u_data_mem/_37907_
	bbox = (271.8500, 620.2900) - (271.9500, 620.3500) on Layer M4
violation type: Metal Spacing
	srcs: net:u_data_mem/_18357_ net:u_data_mem/_41228_
	bbox = (278.0500, 791.8500) - (278.1500, 791.9100) on Layer M4
violation type: Metal Spacing
	srcs: net:u_data_mem/_40984_ net:u_data_mem/bank1\[51\][5]
	bbox = (278.2500, 771.0900) - (278.3500, 771.1500) on Layer M4
violation type: Metal Spacing
	srcs: net:mem_wdata[22] net:u_data_mem/_40966_
	bbox = (289.4500, 749.8900) - (289.5500, 749.9500) on Layer M4
violation type: Metal Spacing
	srcs: net:u_riscv_top/multiplier/_10318_ net:u_riscv_top/multiplier/_10321_
	bbox = (296.8500, 387.6900) - (296.9500, 387.7500) on Layer M4
violation type: Metal Spacing
	srcs: net:A2_sim[1] net:u_riscv_top/register_file/_07225_
	bbox = (330.8500, 162.4500) - (330.9500, 162.5100) on Layer M4
violation type: Metal Spacing
	srcs: net:u_data_mem/_41117_ net:clknet_10_625__leaf_clk
	bbox = (364.0500, 645.0500) - (364.1500, 645.1100) on Layer M4
violation type: Metal Spacing
	srcs: net:u_riscv_top/FP_Adder/_2016_ net:u_riscv_top/FP_Adder/expB[5]
	bbox = (368.4500, 386.4500) - (368.5500, 386.5100) on Layer M4
violation type: Metal Spacing
	srcs: net:wb_data_sim[16] net:u_data_mem/_18345_
	bbox = (379.2500, 526.2900) - (379.3500, 526.3500) on Layer M4
violation type: Metal Spacing
	srcs: net:u_data_mem/_35533_ net:u_data_mem/_35559_
	bbox = (386.2500, 814.4500) - (386.3500, 814.5100) on Layer M4
violation type: Metal Spacing
	srcs: net:u_data_mem/_35551_ net:u_data_mem/_35838_
	bbox = (387.4500, 771.4500) - (387.5500, 771.5100) on Layer M4
violation type: Metal Spacing
	srcs: net:u_data_mem/_41027_ net:u_data_mem/_41051_
	bbox = (389.6500, 737.2900) - (389.7500, 737.3500) on Layer M4
violation type: Metal Spacing
	srcs: net:u_data_mem/_40980_ net:u_data_mem/_41115_
	bbox = (391.4500, 624.0500) - (391.5500, 624.1100) on Layer M4
violation type: Metal Spacing
	srcs: net:u_data_mem/_18238_ net:u_data_mem/_41095_
	bbox = (401.2500, 727.4500) - (401.3500, 727.5100) on Layer M4
violation type: Metal Spacing
	srcs: net:u_riscv_top/u_bridge_core_to_fp_add/_025_ net:u_riscv_top/register_file/net2380
	bbox = (415.8500, 351.2900) - (415.9500, 351.3500) on Layer M4
violation type: Metal Spacing
	srcs: net:u_data_mem/_39713_ net:u_data_mem/_41048_
	bbox = (423.2500, 909.8900) - (423.3500, 909.9500) on Layer M4
violation type: Metal Spacing
	srcs: net:u_data_mem/_38447_ net:u_data_mem/_41425_
	bbox = (438.2500, 582.6500) - (438.3500, 582.7100) on Layer M4
violation type: Metal Spacing
	srcs: net:u_data_mem/_37222_ net:clknet_10_227__leaf_clk
	bbox = (446.8500, 497.2900) - (446.9500, 497.3500) on Layer M4
violation type: Metal Spacing
	srcs: net:u_riscv_top/register_file/_09162_ net:u_riscv_top/register_file/net2366
	bbox = (457.6500, 204.2500) - (457.7500, 204.3100) on Layer M4
violation type: Metal Spacing
	srcs: net:u_riscv_top/register_file/_09269_ net:u_riscv_top/register_file/_09270_
	bbox = (461.8500, 250.2900) - (461.9500, 250.3500) on Layer M4
violation type: Metal Spacing
	srcs: net:u_data_mem/_18246_ net:u_riscv_top/net2457
	bbox = (469.2500, 485.4500) - (469.3500, 485.5100) on Layer M4
violation type: Metal Spacing
	srcs: net:u_riscv_top/mux8_1/_618_ net:clknet_10_195__leaf_clk
	bbox = (476.9500, 279.7200) - (476.9500, 279.7500) on Layer M4
violation type: Metal Spacing
	srcs: net:u_riscv_top/register_file/_07855_ net:u_riscv_top/register_file/net2452
	bbox = (482.0500, 267.0900) - (482.1500, 267.1500) on Layer M4
violation type: Metal Spacing
	srcs: net:u_data_mem/_18207_ net:u_data_mem/_41058_
	bbox = (496.2500, 582.6500) - (496.3500, 582.7100) on Layer M4
violation type: Metal Spacing
	srcs: net:u_riscv_top/FP_Mult/_0558_ net:u_riscv_top/net2376
	bbox = (502.6500, 456.6500) - (502.7500, 456.7100) on Layer M4
violation type: Metal Spacing
	srcs: net:riscv_addr[9] net:u_riscv_top/FP_Mult/_1175_
	bbox = (528.2500, 393.6500) - (528.3500, 393.7100) on Layer M4
violation type: Metal Spacing
	srcs: net:u_data_mem/_35552_ net:u_data_mem/_38937_
	bbox = (532.8500, 727.8900) - (532.9500, 727.9500) on Layer M4
violation type: Metal Spacing
	srcs: net:mem_wdata[6] net:u_data_mem/bank3\[47\][6]
	bbox = (534.2500, 972.8900) - (534.3500, 972.9500) on Layer M4
violation type: Metal Spacing
	srcs: net:mem_wdata[6] net:u_data_mem/_39765_
	bbox = (541.2500, 855.0900) - (541.3500, 855.1500) on Layer M4
violation type: Metal Spacing
	srcs: net:u_data_mem/_35544_ net:u_data_mem/_39765_
	bbox = (541.6500, 872.8900) - (541.7500, 872.9500) on Layer M4
violation type: Metal Spacing
	srcs: net:A3_sim[0] net:u_riscv_top/register_file/_08850_
	bbox = (544.4500, 143.2500) - (544.5500, 143.3100) on Layer M4
violation type: Metal Spacing
	srcs: net:u_data_mem/_35531_ net:u_data_mem/_35573_
	bbox = (551.6500, 668.4900) - (551.7500, 668.5500) on Layer M4
violation type: Metal Spacing
	srcs: net:riscv_addr[26] net:u_riscv_top/muxA1[15]
	bbox = (551.8500, 267.6500) - (551.9500, 267.7100) on Layer M4
violation type: Metal Spacing
	srcs: net:riscv_addr[21] net:u_riscv_top/u_bridge_div_to_core/_173_
	bbox = (552.8500, 278.8500) - (552.9500, 278.9100) on Layer M4
violation type: Metal Spacing
	srcs: net:u_riscv_top/muxB2[15] net:u_riscv_top/CSR_Register/_1376_
	bbox = (617.0500, 456.6500) - (617.1500, 456.7100) on Layer M4
violation type: Metal Spacing
	srcs: net:clknet_0_clk_fft
	bbox = (677.3500, 124.9500) - (677.4500, 125.0900) on Layer M4
violation type: Metal Spacing
	srcs: net:rst net:u_riscv_top/controller/state[1]
	bbox = (739.0500, 434.4900) - (739.1500, 434.5700) on Layer M4
violation type: Metal Spacing
	srcs: net:im_wr_addr[5] net:imem/_4061_
	bbox = (969.8500, 403.8900) - (969.9500, 403.9500) on Layer M4
violation type: Metal Spacing
	srcs: net:im_wr_inst[0] net:im_wr_inst[26]
	bbox = (1037.4500, 503.4500) - (1037.5500, 503.5100) on Layer M4
violation type: Metal Spacing
	srcs: net:mem_wdata[23] net:VDD
	bbox = (140.8100, 876.0500) - (140.9900, 876.1000) on Layer M5
violation type: Metal Spacing
	srcs: net:mem_wdata[23] net:VDD
	bbox = (140.8500, 876.0500) - (140.9500, 876.1000) on Layer M5
violation type: Cut Spacing
	srcs: net:u_spi/SPICR[31] net:u_spi/SPI_TX_reg[31]
	bbox = (55.5500, 456.1500) - (55.6500, 456.2500) on Layer VIA1
violation type: Cut Spacing
	srcs: net:u_apb/_0196_ net:u_apb/net368
	bbox = (60.9500, 560.9500) - (61.0500, 561.0500) on Layer VIA1
violation type: Cut Spacing
	srcs: net:rst net:u_apb/_0193_
	bbox = (62.1500, 560.6500) - (62.2500, 560.6500) on Layer VIA1
violation type: Cut Spacing
	srcs: net:u_data_mem/_35544_ net:u_data_mem/_35546_
	bbox = (119.3500, 834.3500) - (119.4500, 834.4500) on Layer VIA1
violation type: Cut Spacing
	srcs: net:u_gpio/_1244_ net:u_gpio/int_enable_q[25]
	bbox = (126.5500, 540.7500) - (126.6500, 540.8500) on Layer VIA1
violation type: Cut Spacing
	srcs: net:pwdata_gpio_p[12] net:u_gpio/_1432_
	bbox = (129.9500, 488.7500) - (130.0500, 488.7500) on Layer VIA1
violation type: Cut Spacing
	srcs: net:u_gpio/_1450_ net:u_gpio/irq_delay_q[2]
	bbox = (131.9500, 519.3500) - (132.0500, 519.4500) on Layer VIA1
violation type: Cut Spacing
	srcs: net:u_gpio/_0912_ net:u_gpio/_1401_
	bbox = (154.9500, 567.7500) - (155.0500, 567.8500) on Layer VIA1
violation type: Cut Spacing
	srcs: net:u_gpio/_0941_ net:u_gpio/_1401_
	bbox = (169.9500, 461.5500) - (170.0500, 461.5500) on Layer VIA1
violation type: Cut Spacing
	srcs: net:u_gpio/_1363_ net:u_gpio/_1431_
	bbox = (172.9500, 558.7500) - (173.0500, 558.8500) on Layer VIA1
violation type: Cut Spacing
	srcs: net:u_gpio/_1407_ net:u_gpio/data_out_q[28]
	bbox = (187.1500, 468.9500) - (187.2500, 469.0500) on Layer VIA1
violation type: Cut Spacing
	srcs: net:u_data_mem/_35542_ net:u_data_mem/bank0\[32\][19]
	bbox = (195.7500, 882.7500) - (195.8500, 882.8500) on Layer VIA1
violation type: Cut Spacing
	srcs: net:mem_addr[0] net:u_data_mem/_35544_
	bbox = (210.5500, 846.8500) - (210.6500, 846.9500) on Layer VIA1
violation type: Cut Spacing
	srcs: net:u_data_mem/bank0\[10\][28] net:u_data_mem/bank0\[12\][28]
	bbox = (210.7500, 913.3500) - (210.8500, 913.4500) on Layer VIA1
violation type: Cut Spacing
	srcs: net:u_data_mem/_37444_ net:u_data_mem/_37454_
	bbox = (224.1500, 951.1500) - (224.2500, 951.2500) on Layer VIA1
violation type: Cut Spacing
	srcs: net:mem_addr[0] net:u_data_mem/_35544_
	bbox = (256.9500, 863.0500) - (257.0500, 863.0500) on Layer VIA1
violation type: Cut Spacing
	srcs: net:u_data_mem/_35546_ net:u_data_mem/_35551_
	bbox = (262.9500, 790.9500) - (263.0500, 791.0500) on Layer VIA1
violation type: Cut Spacing
	srcs: net:u_riscv_top/multiplier/_10339_ net:u_riscv_top/multiplier/_10375_
	bbox = (264.3500, 431.0500) - (264.4500, 431.0500) on Layer VIA1
violation type: Cut Spacing
	srcs: net:mem_wdata[22] net:u_data_mem/_41228_
	bbox = (291.1500, 749.7500) - (291.2500, 749.8500) on Layer VIA1
violation type: Cut Spacing
	srcs: net:u_riscv_top/register_file/_08852_ net:u_riscv_top/register_file/_09396_
	bbox = (313.9500, 78.1500) - (314.0500, 78.2500) on Layer VIA1
violation type: Cut Spacing
	srcs: net:u_data_mem/_36057_ net:u_data_mem/_36071_
	bbox = (314.1500, 918.8500) - (314.2500, 918.8500) on Layer VIA1
violation type: Cut Spacing
	srcs: net:u_riscv_top/register_file/_09662_ net:u_riscv_top/register_file/_10211_
	bbox = (315.5500, 78.1500) - (315.6500, 78.2500) on Layer VIA1
violation type: Cut Spacing
	srcs: net:A3_sim[2] net:u_riscv_top/register_file/regfile\[4\][1]
	bbox = (328.5500, 241.9500) - (328.6500, 242.0500) on Layer VIA1
violation type: Cut Spacing
	srcs: net:u_riscv_top/register_file/regfile\[24\][1] net:u_riscv_top/register_file/regfile\[28\][1]
	bbox = (342.3500, 231.4500) - (342.4500, 231.4500) on Layer VIA1
violation type: Cut Spacing
	srcs: net:u_data_mem/_39298_ net:u_data_mem/_39307_
	bbox = (350.1500, 692.1500) - (350.2500, 692.2500) on Layer VIA1
violation type: Cut Spacing
	srcs: net:u_riscv_top/register_file/_07212_ net:u_riscv_top/register_file/_07302_
	bbox = (350.5500, 106.9500) - (350.6500, 107.0500) on Layer VIA1
violation type: Cut Spacing
	srcs: net:A2_sim[0] net:u_riscv_top/register_file/regfile\[20\][1]
	bbox = (357.9500, 231.4500) - (358.0500, 231.4500) on Layer VIA1
violation type: Cut Spacing
	srcs: net:u_riscv_top/register_file/_10459_ net:u_riscv_top/register_file/regfile\[22\][0]
	bbox = (359.3500, 143.1500) - (359.4500, 143.2500) on Layer VIA1
violation type: Cut Spacing
	srcs: net:u_riscv_top/register_file/_08272_ net:u_riscv_top/register_file/_08275_
	bbox = (364.3500, 17.1500) - (364.4500, 17.1500) on Layer VIA1
violation type: Cut Spacing
	srcs: net:u_riscv_top/FP_Adder/expA[3] net:u_riscv_top/FP_Adder/expA[4]
	bbox = (364.5500, 364.5500) - (364.6500, 364.6500) on Layer VIA1
violation type: Cut Spacing
	srcs: net:u_riscv_top/register_file/_08049_ net:u_riscv_top/register_file/_08050_
	bbox = (377.7500, 72.8500) - (377.8500, 72.8500) on Layer VIA1
violation type: Cut Spacing
	srcs: net:u_riscv_top/register_file/regfile\[12\][12] net:u_riscv_top/register_file/regfile\[8\][12]
	bbox = (378.5500, 73.0500) - (378.6500, 73.0500) on Layer VIA1
violation type: Cut Spacing
	srcs: net:riscv_rdata[14] net:u_riscv_top/mux5/_230_
	bbox = (385.3500, 510.3500) - (385.4500, 510.4500) on Layer VIA1
violation type: Cut Spacing
	srcs: net:u_riscv_top/fp_add_req_data_b[43] net:u_riscv_top/FP_Adder/_1114_
	bbox = (394.7500, 457.9500) - (394.8500, 458.0500) on Layer VIA1
violation type: Cut Spacing
	srcs: net:A3_sim[0] net:u_riscv_top/register_file/_08304_
	bbox = (412.3500, 25.9500) - (412.4500, 26.0500) on Layer VIA1
violation type: Cut Spacing
	srcs: net:u_data_mem/_35542_ net:u_data_mem/bank2\[41\][28]
	bbox = (414.7500, 513.9500) - (414.8500, 514.0500) on Layer VIA1
violation type: Cut Spacing
	srcs: net:u_riscv_top/register_file/_08049_ net:u_riscv_top/register_file/_08152_
	bbox = (427.7500, 146.6500) - (427.8500, 146.6500) on Layer VIA1
violation type: Cut Spacing
	srcs: net:u_riscv_top/FP_Adder/_1467_ net:u_riscv_top/FP_Adder/_1975_
	bbox = (429.5500, 425.6500) - (429.6500, 425.6500) on Layer VIA1
violation type: Cut Spacing
	srcs: net:u_riscv_top/FP_Adder/_1466_ net:u_riscv_top/FP_Adder/_1975_
	bbox = (429.7500, 425.7500) - (429.8500, 425.7500) on Layer VIA1
violation type: Cut Spacing
	srcs: net:u_riscv_top/register_file/regfile\[26\][30] net:u_riscv_top/register_file/regfile\[30\][30]
	bbox = (433.3500, 45.7500) - (433.4500, 45.8500) on Layer VIA1
violation type: Cut Spacing
	srcs: net:u_data_mem/_35536_ net:u_data_mem/_35549_
	bbox = (434.1500, 484.9500) - (434.2500, 485.0500) on Layer VIA1
violation type: Cut Spacing
	srcs: net:u_riscv_top/register_file/_07225_ net:u_riscv_top/register_file/_08851_
	bbox = (444.3500, 252.7500) - (444.4500, 252.8500) on Layer VIA1
violation type: Cut Spacing
	srcs: net:u_riscv_top/register_file/_07232_ net:u_riscv_top/register_file/_09964_
	bbox = (458.7500, 209.5500) - (458.8500, 209.6500) on Layer VIA1
violation type: Cut Spacing
	srcs: net:u_data_mem/_35572_ net:u_data_mem/_36341_
	bbox = (459.9500, 656.1500) - (460.0500, 656.2500) on Layer VIA1
violation type: Cut Spacing
	srcs: net:A3_sim[2] net:u_riscv_top/register_file/regfile\[11\][3]
	bbox = (464.7500, 81.9500) - (464.8500, 82.0500) on Layer VIA1
violation type: Cut Spacing
	srcs: net:u_data_mem/_36891_ net:u_data_mem/_36899_
	bbox = (465.5500, 674.1500) - (465.6500, 674.2500) on Layer VIA1
violation type: Cut Spacing
	srcs: net:u_data_mem/bank2\[40\][18] net:u_data_mem/bank2\[46\][18]
	bbox = (466.7500, 562.5500) - (466.8500, 562.6500) on Layer VIA1
violation type: Cut Spacing
	srcs: net:u_riscv_top/register_file/regfile\[2\][4] net:u_riscv_top/register_file/regfile\[6\][4]
	bbox = (475.7500, 161.1500) - (475.8500, 161.2500) on Layer VIA1
violation type: Cut Spacing
	srcs: net:mem_addr[0] net:u_data_mem/_35544_
	bbox = (476.3500, 708.3500) - (476.4500, 708.4500) on Layer VIA1
violation type: Cut Spacing
	srcs: net:u_riscv_top/register_file/_08050_ net:u_riscv_top/register_file/_08175_
	bbox = (479.9500, 198.9500) - (480.0500, 199.0500) on Layer VIA1
violation type: Cut Spacing
	srcs: net:A3_sim[2] net:u_riscv_top/register_file/regfile\[4\][29]
	bbox = (489.9500, 15.1500) - (490.0500, 15.2500) on Layer VIA1
violation type: Cut Spacing
	srcs: net:u_riscv_top/register_file/regfile\[18\][7] net:u_riscv_top/register_file/regfile\[22\][7]
	bbox = (495.1500, 249.3500) - (495.2500, 249.4500) on Layer VIA1
violation type: Cut Spacing
	srcs: net:u_riscv_top/register_file/_07213_ net:u_riscv_top/register_file/regfile\[18\][7]
	bbox = (495.3500, 249.3500) - (495.4500, 249.4500) on Layer VIA1
violation type: Cut Spacing
	srcs: net:u_riscv_top/register_file/_08850_ net:u_riscv_top/register_file/_08852_
	bbox = (496.5500, 24.2500) - (496.6500, 24.2500) on Layer VIA1
violation type: Cut Spacing
	srcs: net:u_riscv_top/register_file/regfile\[18\][7] net:u_riscv_top/register_file/regfile\[22\][7]
	bbox = (496.7500, 249.3500) - (496.8500, 249.4500) on Layer VIA1
violation type: Cut Spacing
	srcs: net:u_riscv_top/register_file/_10294_ net:u_riscv_top/register_file/_10297_
	bbox = (504.1500, 251.1500) - (504.2500, 251.1500) on Layer VIA1
violation type: Cut Spacing
	srcs: net:u_riscv_top/register_file/_07875_ net:u_riscv_top/register_file/_07876_
	bbox = (512.5500, 117.7500) - (512.6500, 117.8500) on Layer VIA1
violation type: Cut Spacing
	srcs: net:A3_sim[2] net:u_riscv_top/register_file/regfile\[26\][29]
	bbox = (512.9500, 15.3500) - (513.0500, 15.4500) on Layer VIA1
violation type: Cut Spacing
	srcs: net:u_riscv_top/FP_Mult/_0911_ net:u_riscv_top/FP_Mult/_1169_
	bbox = (516.5500, 346.4500) - (516.6500, 346.5500) on Layer VIA1
violation type: Cut Spacing
	srcs: net:u_riscv_top/register_file/regfile\[26\][15] net:u_riscv_top/register_file/regfile\[30\][15]
	bbox = (518.5500, 254.7500) - (518.6500, 254.8500) on Layer VIA1
violation type: Cut Spacing
	srcs: net:u_riscv_top/register_file/regfile\[26\][2] net:u_riscv_top/register_file/regfile\[30\][2]
	bbox = (521.1500, 56.7500) - (521.2500, 56.7500) on Layer VIA1
violation type: Cut Spacing
	srcs: net:u_riscv_top/register_file/_09591_ net:u_riscv_top/register_file/regfile\[26\][2]
	bbox = (521.3500, 56.6500) - (521.4500, 56.7500) on Layer VIA1
violation type: Cut Spacing
	srcs: net:u_riscv_top/register_file/_08050_ net:u_riscv_top/register_file/_08594_
	bbox = (527.3500, 146.6500) - (527.4500, 146.6500) on Layer VIA1
violation type: Cut Spacing
	srcs: net:AluResultSrc[1] net:u_riscv_top/mux8_1/_606_
	bbox = (529.1500, 278.1500) - (529.2500, 278.1500) on Layer VIA1
violation type: Cut Spacing
	srcs: net:AluResultSrc[1] net:u_riscv_top/mux8_1/_606_
	bbox = (529.9500, 288.7500) - (530.0500, 288.8500) on Layer VIA1
violation type: Cut Spacing
	srcs: net:u_riscv_top/register_file/_07223_ net:u_riscv_top/register_file/_08598_
	bbox = (533.5500, 141.2500) - (533.6500, 141.2500) on Layer VIA1
violation type: Cut Spacing
	srcs: net:u_data_mem/_35544_ net:u_data_mem/bank3\[47\][6]
	bbox = (535.1500, 972.9500) - (535.2500, 973.0500) on Layer VIA1
violation type: Cut Spacing
	srcs: net:mem_addr[0] net:u_data_mem/_35549_
	bbox = (540.5500, 861.3500) - (540.6500, 861.4500) on Layer VIA1
violation type: Cut Spacing
	srcs: net:u_data_mem/_35532_ net:u_data_mem/bank3\[43\][28]
	bbox = (546.5500, 992.7500) - (546.6500, 992.7500) on Layer VIA1
violation type: Cut Spacing
	srcs: net:u_riscv_top/CSR_Register/_1516_ net:u_riscv_top/CSR_Register/_1527_
	bbox = (551.7500, 493.9500) - (551.8500, 494.0500) on Layer VIA1
violation type: Cut Spacing
	srcs: net:mem_addr[0] net:u_data_mem/_35546_
	bbox = (567.5500, 933.3500) - (567.6500, 933.4500) on Layer VIA1
violation type: Cut Spacing
	srcs: net:SrcA_sim_i[23] net:SrcA_sim_i[24]
	bbox = (569.7500, 360.9500) - (569.8500, 361.0500) on Layer VIA1
violation type: Cut Spacing
	srcs: net:mem_wdata[5] net:u_data_mem/_41015_
	bbox = (602.3500, 690.1500) - (602.4500, 690.2500) on Layer VIA1
violation type: Cut Spacing
	srcs: net:u_riscv_top/divider/_1515_ net:u_riscv_top/divider/_1519_
	bbox = (609.9500, 277.9500) - (610.0500, 278.0500) on Layer VIA1
violation type: Cut Spacing
	srcs: net:u_riscv_top/divider/_1517_ net:u_riscv_top/divider/_1518_
	bbox = (610.3500, 278.1500) - (610.4500, 278.2500) on Layer VIA1
violation type: Cut Spacing
	srcs: net:u_riscv_top/AluSrcB[0] net:u_riscv_top/mux3/_0698_
	bbox = (610.7500, 436.5500) - (610.8500, 436.6500) on Layer VIA1
violation type: Cut Spacing
	srcs: net:u_riscv_top/pipeline_register3/_048_ net:u_riscv_top/net30
	bbox = (614.3500, 497.5500) - (614.4500, 497.6500) on Layer VIA1
violation type: Cut Spacing
	srcs: net:SrcB_sim_i[3] net:u_riscv_top/ALU/alu/_2539_
	bbox = (623.7500, 367.9500) - (623.8500, 368.0500) on Layer VIA1
violation type: Cut Spacing
	srcs: net:u_riscv_top/ALU/alu/_1935_ net:u_riscv_top/ALU/alu/_2663_
	bbox = (624.9500, 405.7500) - (625.0500, 405.8500) on Layer VIA1
violation type: Cut Spacing
	srcs: net:u_riscv_top/muxB6[14] net:u_riscv_top/mux3/_0696_
	bbox = (625.7500, 438.3500) - (625.8500, 438.4500) on Layer VIA1
violation type: Cut Spacing
	srcs: net:u_data_mem/_38452_ net:u_data_mem/_38453_
	bbox = (626.5500, 657.9500) - (626.6500, 657.9500) on Layer VIA1
violation type: Cut Spacing
	srcs: net:u_data_mem/_35567_ net:u_data_mem/_35757_
	bbox = (627.3500, 960.2500) - (627.4500, 960.2500) on Layer VIA1
violation type: Cut Spacing
	srcs: net:u_riscv_top/muxB4[11] net:u_riscv_top/mux3/_0706_
	bbox = (636.3500, 440.1500) - (636.4500, 440.2500) on Layer VIA1
violation type: Cut Spacing
	srcs: net:u_riscv_top/divider/_1459_ net:u_riscv_top/divider/_1461_
	bbox = (646.3500, 312.3500) - (646.4500, 312.4500) on Layer VIA1
violation type: Cut Spacing
	srcs: net:mem_addr[0] net:mem_addr[1]
	bbox = (646.3500, 762.5500) - (646.4500, 762.5500) on Layer VIA1
violation type: Cut Spacing
	srcs: net:u_riscv_top/divider/is_rem net:u_riscv_top/divider/work[14]
	bbox = (648.1500, 312.2500) - (648.2500, 312.3500) on Layer VIA1
violation type: Cut Spacing
	srcs: net:u_data_mem/_35567_ net:u_data_mem/_40323_
	bbox = (651.7500, 711.8500) - (651.8500, 711.9500) on Layer VIA1
violation type: Cut Spacing
	srcs: net:u_riscv_top/CSR_Register/_0791_ net:u_riscv_top/CSR_Register/net1017
	bbox = (671.5500, 515.7500) - (671.6500, 515.8500) on Layer VIA1
violation type: Cut Spacing
	srcs: net:u_data_mem/_35537_ net:u_data_mem/_38576_
	bbox = (683.9500, 603.9500) - (684.0500, 604.0500) on Layer VIA1
violation type: Cut Spacing
	srcs: net:u_riscv_top/controller/_1159_ net:u_riscv_top/controller/_1359_
	bbox = (751.5500, 427.4500) - (751.6500, 427.4500) on Layer VIA1
violation type: Cut Spacing
	srcs: net:u_riscv_top/controller/_1018_ net:u_riscv_top/controller/_1034_
	bbox = (771.1500, 438.3500) - (771.2500, 438.4500) on Layer VIA1
violation type: Cut Spacing
	srcs: net:imem/_3556_ net:imem/_3621_
	bbox = (950.9500, 414.7500) - (951.0500, 414.8500) on Layer VIA1
violation type: Cut Spacing
	srcs: net:u_riscv_top/controller/_1103_ net:u_riscv_top/controller/_1115_
	bbox = (981.3500, 501.3500) - (981.4500, 501.4500) on Layer VIA1
violation type: Cut Spacing
	srcs: net:i_mem[10] net:i_mem[8]
	bbox = (990.9500, 511.9500) - (991.0500, 512.0500) on Layer VIA1
violation type: Cut Spacing
	srcs: net:mem_wdata[14] net:u_data_mem/_41155_
	bbox = (218.9500, 931.5500) - (219.0500, 931.6500) on Layer VIA2
violation type: Cut Spacing
	srcs: net:u_data_mem/_35531_ net:u_data_mem/_39533_
	bbox = (244.5500, 540.9500) - (244.6500, 541.0500) on Layer VIA2
violation type: Cut Spacing
	srcs: net:mem_wdata[3] net:u_data_mem/_41003_
	bbox = (276.9500, 551.7500) - (277.0500, 551.8500) on Layer VIA2
violation type: Cut Spacing
	srcs: net:mem_wdata[13] net:u_data_mem/_41255_
	bbox = (287.1500, 542.7500) - (287.2500, 542.8500) on Layer VIA2
violation type: Cut Spacing
	srcs: net:u_data_mem/_36669_ net:u_data_mem/_36673_
	bbox = (343.7500, 528.3500) - (343.8500, 528.4500) on Layer VIA2
violation type: Cut Spacing
	srcs: net:mem_wdata[13] net:u_data_mem/_41199_
	bbox = (350.1500, 807.3500) - (350.2500, 807.4500) on Layer VIA2
violation type: Cut Spacing
	srcs: net:riscv_rdata[13] net:u_riscv_top/mux5/_230_
	bbox = (378.6500, 494.0500) - (378.7500, 494.1500) on Layer VIA2
violation type: Cut Spacing
	srcs: net:u_data_mem/_35542_ net:u_data_mem/_35718_
	bbox = (432.9500, 746.1500) - (433.0500, 746.2500) on Layer VIA2
violation type: Cut Spacing
	srcs: net:A3_sim[2] net:u_riscv_top/register_file/_07236_
	bbox = (434.3500, 65.3500) - (434.4500, 65.4500) on Layer VIA2
violation type: Cut Spacing
	srcs: net:u_data_mem/_20478_ net:u_data_mem/_41120_
	bbox = (448.5500, 609.7500) - (448.6500, 609.8500) on Layer VIA2
violation type: Cut Spacing
	srcs: net:mem_addr[0] net:u_data_mem/bank2\[39\][16]
	bbox = (476.0500, 708.6500) - (476.1500, 708.7500) on Layer VIA2
violation type: Cut Spacing
	srcs: net:A3_sim[0] net:u_riscv_top/register_file/regfile\[2\][26]
	bbox = (499.6500, 198.6500) - (499.7500, 198.7500) on Layer VIA2
violation type: Cut Spacing
	srcs: net:mem_wdata[14] net:u_data_mem/_41217_
	bbox = (576.7500, 735.3500) - (576.8500, 735.4500) on Layer VIA2
violation type: Cut Spacing
	srcs: net:SrcB_sim_i[26] net:u_riscv_top/ALU/alu/_2422_
	bbox = (600.5500, 398.7500) - (600.6500, 398.8500) on Layer VIA2
violation type: Cut Spacing
	srcs: net:mem_wdata[14] net:u_data_mem/_41155_
	bbox = (218.9500, 931.5500) - (219.0500, 931.6500) on Layer VIA3
violation type: Cut Spacing
	srcs: net:A1_sim[1] net:u_riscv_top/register_file/_07231_
	bbox = (396.1500, 258.3500) - (396.2500, 258.4500) on Layer VIA3
violation type: Cut Spacing
	srcs: net:mem_wdata[21] net:u_data_mem/_41229_
	bbox = (498.1500, 605.5500) - (498.2500, 605.6500) on Layer VIA3
violation type: Cut Spacing
	srcs: net:mem_addr[0] net:u_data_mem/bank2\[21\][26]
	bbox = (505.9500, 656.3500) - (506.0500, 656.4500) on Layer VIA3
violation type: Short
	srcs: net:u_spi/SPICR[31] net:u_spi/_0687_
	bbox = (55.4500, 456.5500) - (55.5500, 456.6300) on Layer M2
violation type: Short
	srcs: net:u_spi/SPI_TX_reg[8] net:u_spi/_0713_
	bbox = (83.0500, 457.9500) - (83.1500, 458.0500) on Layer M2
violation type: Short
	srcs: net:u_apb/_0129_ net:VSS
	bbox = (83.6500, 518.3700) - (83.7500, 518.5000) on Layer M2
violation type: Short
	srcs: net:u_data_mem/_35536_ net:u_data_mem/_35546_
	bbox = (116.2500, 989.1100) - (116.3500, 989.2900) on Layer M2
violation type: Short
	srcs: net:u_data_mem/_35536_ net:u_data_mem/_35546_
	bbox = (116.2500, 989.1500) - (116.3500, 989.2500) on Layer M2
violation type: Short
	srcs: net:u_data_mem/_35544_ net:u_data_mem/_40392_
	bbox = (119.4500, 834.7100) - (119.5500, 834.8300) on Layer M2
violation type: Short
	srcs: net:u_data_mem/_35544_ net:u_data_mem/_40392_
	bbox = (119.4500, 834.7500) - (119.5500, 834.8300) on Layer M2
violation type: Short
	srcs: net:u_data_mem/bank0\[0\][3] net:u_data_mem/bank0\[7\][3]
	bbox = (120.4500, 834.1500) - (120.5500, 834.2500) on Layer M2
violation type: Short
	srcs: net:u_gpio/_1270_ net:u_gpio/_1387_
	bbox = (124.4500, 502.9100) - (124.5500, 503.0900) on Layer M2
violation type: Short
	srcs: net:u_gpio/_1270_ net:u_gpio/_1387_
	bbox = (124.4500, 502.9500) - (124.5500, 503.0500) on Layer M2
violation type: Short
	srcs: net:u_gpio/_1255_ net:u_gpio/rise_en_q[25]
	bbox = (126.0500, 541.3500) - (126.1500, 541.4500) on Layer M2
violation type: Short
	srcs: net:u_gpio/_1255_ net:u_gpio/rise_en_q[25]
	bbox = (126.0500, 541.3500) - (126.3500, 541.4500) on Layer M2
violation type: Short
	srcs: net:u_gpio/_1255_ net:u_gpio/rise_en_q[25]
	bbox = (126.2500, 541.3500) - (126.3500, 541.4500) on Layer M2
violation type: Short
	srcs: net:u_gpio/_1431_ net:u_gpio/int_enable_q[25]
	bbox = (126.4500, 540.7500) - (126.5500, 540.8500) on Layer M2
violation type: Short
	srcs: net:u_gpio/int_enable_q[25] net:u_gpio/rise_en_q[25]
	bbox = (126.4500, 541.3500) - (126.5500, 541.4500) on Layer M2
violation type: Short
	srcs: net:u_gpio/_1244_ net:u_gpio/_1431_
	bbox = (126.6500, 540.7500) - (126.7500, 540.8500) on Layer M2
violation type: Short
	srcs: net:u_gpio/_1431_ net:u_gpio/rise_en_q[25]
	bbox = (126.8500, 541.3500) - (126.9500, 541.4500) on Layer M2
violation type: Short
	srcs: net:u_data_mem/_24260_ net:VDD
	bbox = (129.2500, 707.3700) - (129.3500, 707.5000) on Layer M2
violation type: Short
	srcs: net:u_gpio/_1432_ net:u_gpio/int_status_q[12]
	bbox = (129.6500, 488.1500) - (129.7500, 488.2500) on Layer M2
violation type: Short
	srcs: net:pwdata_gpio_p[12] net:u_gpio/int_status_q[12]
	bbox = (130.2500, 488.1500) - (130.3500, 488.2500) on Layer M2
violation type: Short
	srcs: net:u_gpio/_1228_ net:u_gpio/int_status_q[21]
	bbox = (133.0500, 540.5500) - (133.1500, 540.6500) on Layer M2
violation type: Short
	srcs: net:u_gpio/_1244_ net:u_gpio/_1431_
	bbox = (141.4500, 452.1500) - (141.5500, 452.2500) on Layer M2
violation type: Short
	srcs: net:u_gpio/_1387_ net:u_gpio/fall_en_q[6]
	bbox = (141.4500, 461.3500) - (141.5500, 461.4500) on Layer M2
violation type: Short
	srcs: net:u_gpio/_1387_ net:u_gpio/fall_en_q[6]
	bbox = (141.4500, 461.3500) - (141.5500, 461.6500) on Layer M2
violation type: Short
	srcs: net:u_gpio/_1387_ net:u_gpio/fall_en_q[6]
	bbox = (141.4500, 461.5500) - (141.5500, 461.6500) on Layer M2
violation type: Short
	srcs: net:u_data_mem/_35536_ net:u_data_mem/bank0\[6\][20]
	bbox = (144.6500, 812.3700) - (144.7500, 812.4500) on Layer M2
violation type: Short
	srcs: net:u_data_mem/_23318_ net:u_data_mem/_39868_
	bbox = (145.2500, 873.9100) - (145.3500, 874.0900) on Layer M2
violation type: Short
	srcs: net:u_data_mem/_23318_ net:u_data_mem/_39868_
	bbox = (145.2500, 873.9500) - (145.3500, 874.0500) on Layer M2
violation type: Short
	srcs: net:u_gpio/_1407_ net:u_gpio/data_out_q[4]
	bbox = (148.2500, 537.3500) - (148.3500, 537.4500) on Layer M2
violation type: Short
	srcs: net:u_gpio/_0912_ net:u_gpio/_1401_
	bbox = (154.6500, 567.7500) - (154.7500, 567.8500) on Layer M2
violation type: Short
	srcs: net:u_gpio/_1243_ net:u_gpio/_1265_
	bbox = (161.0500, 513.9500) - (161.1500, 514.0500) on Layer M2
violation type: Short
	srcs: net:pwdata_sim[1] net:u_apb_cdc_gpio/u_req_bridge/_119_
	bbox = (162.4500, 488.7500) - (162.5500, 488.8500) on Layer M2
violation type: Short
	srcs: net:u_gpio/_1226_ net:u_gpio/_1233_
	bbox = (165.8500, 486.5500) - (165.9500, 486.6500) on Layer M2
violation type: Short
	srcs: net:u_data_mem/_18330_ net:u_data_mem/_24204_
	bbox = (165.8500, 708.5500) - (165.9500, 708.6300) on Layer M2
violation type: Short
	srcs: net:u_data_mem/_38392_ net:u_data_mem/bank0\[0\][14]
	bbox = (169.0500, 875.9500) - (169.1500, 876.0500) on Layer M2
violation type: Short
	srcs: net:u_data_mem/_38693_ net:u_data_mem/bank0\[40\][12]
	bbox = (171.8500, 959.9500) - (171.9500, 960.0500) on Layer M2
violation type: Short
	srcs: net:u_data_mem/_24261_ net:VDD
	bbox = (181.4500, 750.5000) - (181.5500, 750.6300) on Layer M2
violation type: Short
	srcs: net:u_data_mem/_19605_ net:u_data_mem/_41183_
	bbox = (182.8500, 998.1700) - (182.9500, 998.1900) on Layer M2
violation type: Short
	srcs: net:u_data_mem/_36938_ net:VSS
	bbox = (184.6500, 770.3700) - (184.7500, 770.5000) on Layer M2
violation type: Short
	srcs: net:u_gpio/_1258_ net:u_gpio/fall_en_q[24]
	bbox = (186.4500, 461.6100) - (186.5500, 461.6300) on Layer M2
violation type: Short
	srcs: net:u_gpio/_1505_ net:u_gpio/data_out_q[28]
	bbox = (186.8500, 469.1500) - (186.9500, 469.2500) on Layer M2
violation type: Short
	srcs: net:u_gpio/_1407_ net:u_gpio/data_out_q[28]
	bbox = (187.2500, 469.1500) - (187.3500, 469.2500) on Layer M2
violation type: Short
	srcs: net:u_data_mem/_35536_ net:u_data_mem/_35551_
	bbox = (194.2500, 746.1500) - (194.3500, 746.2500) on Layer M2
violation type: Short
	srcs: net:u_data_mem/_24269_ net:VDD
	bbox = (199.0500, 750.5000) - (199.1500, 750.6300) on Layer M2
violation type: Short
	srcs: net:u_data_mem/_26323_ net:VDD
	bbox = (201.8500, 1002.5000) - (201.9500, 1002.6300) on Layer M2
violation type: Short
	srcs: net:u_riscv_top/multiplier/_07549_ net:u_riscv_top/multiplier/_09517_
	bbox = (204.2500, 220.3100) - (204.3500, 220.4500) on Layer M2
violation type: Short
	srcs: net:u_riscv_top/multiplier/_07549_ net:u_riscv_top/multiplier/_09517_
	bbox = (204.2500, 220.3500) - (204.3500, 220.4500) on Layer M2
violation type: Short
	srcs: net:u_riscv_top/multiplier/_07791_ net:u_riscv_top/multiplier/_08187_
	bbox = (219.0500, 380.1500) - (219.1500, 380.2500) on Layer M2
violation type: Short
	srcs: net:u_data_mem/_37439_ net:u_data_mem/_37444_
	bbox = (224.2500, 951.5500) - (224.3500, 951.6300) on Layer M2
violation type: Short
	srcs: net:u_data_mem/_38752_ net:u_data_mem/bank1\[1\][12]
	bbox = (226.0500, 584.1500) - (226.1500, 584.2500) on Layer M2
violation type: Short
	srcs: net:u_data_mem/_35536_ net:u_data_mem/bank1\[1\][12]
	bbox = (226.4500, 584.1500) - (226.5500, 584.2500) on Layer M2
violation type: Short
	srcs: net:u_riscv_top/multiplier/_08400_ net:VSS
	bbox = (232.4500, 435.5000) - (232.5500, 435.6300) on Layer M2
violation type: Short
	srcs: net:u_data_mem/_40538_ net:u_data_mem/_40552_
	bbox = (232.6500, 853.9500) - (232.7500, 854.0500) on Layer M2
violation type: Short
	srcs: net:u_data_mem/_35544_ net:u_data_mem/bank1\[7\][27]
	bbox = (239.2500, 603.7100) - (239.3500, 603.8500) on Layer M2
violation type: Short
	srcs: net:u_data_mem/_35544_ net:u_data_mem/bank1\[7\][27]
	bbox = (239.2500, 603.7500) - (239.3500, 603.8500) on Layer M2
violation type: Short
	srcs: net:u_data_mem/_39532_ net:u_data_mem/bank1\[0\][8]
	bbox = (243.2500, 540.5100) - (243.3500, 540.6900) on Layer M2
violation type: Short
	srcs: net:u_data_mem/_39532_ net:u_data_mem/bank1\[0\][8]
	bbox = (243.2500, 540.5500) - (243.3500, 540.6500) on Layer M2
violation type: Short
	srcs: net:u_data_mem/_35549_ net:u_data_mem/_40237_
	bbox = (243.8500, 1005.5500) - (243.9500, 1005.6500) on Layer M2
violation type: Short
	srcs: net:u_data_mem/_40236_ net:u_data_mem/bank0\[30\][4]
	bbox = (245.0500, 1005.3500) - (245.1500, 1005.4500) on Layer M2
violation type: Short
	srcs: net:u_data_mem/_40237_ net:u_data_mem/bank0\[30\][4]
	bbox = (245.0500, 1005.7500) - (245.1500, 1005.8500) on Layer M2
violation type: Short
	srcs: net:mem_addr[1] net:u_data_mem/_40122_
	bbox = (248.2500, 749.5700) - (248.3500, 749.6300) on Layer M2
violation type: Short
	srcs: net:u_data_mem/_35539_ net:u_data_mem/bank0\[20\][24]
	bbox = (258.2500, 848.3500) - (258.3500, 848.4500) on Layer M2
violation type: Short
	srcs: net:u_data_mem/_22152_ net:VDD
	bbox = (260.2500, 901.7700) - (260.3500, 901.9000) on Layer M2
violation type: Short
	srcs: net:u_riscv_top/multiplier/_10405_ net:u_riscv_top/multiplier/_10514_
	bbox = (264.8500, 431.5100) - (264.9500, 431.6500) on Layer M2
violation type: Short
	srcs: net:u_riscv_top/multiplier/_10405_ net:u_riscv_top/multiplier/_10514_
	bbox = (264.8500, 431.5500) - (264.9500, 431.6500) on Layer M2
violation type: Short
	srcs: net:u_data_mem/_35538_ net:u_data_mem/bank1\[61\][24]
	bbox = (267.2500, 699.1500) - (267.3500, 699.2500) on Layer M2
violation type: Short
	srcs: net:u_data_mem/_35533_ net:u_data_mem/_39135_
	bbox = (267.8500, 623.5700) - (267.9500, 623.6900) on Layer M2
violation type: Short
	srcs: net:u_data_mem/_22185_ net:VDD
	bbox = (269.4500, 833.3700) - (269.5500, 833.5000) on Layer M2
violation type: Short
	srcs: net:u_data_mem/_36700_ net:u_data_mem/_36708_
	bbox = (271.2500, 701.0100) - (271.3500, 701.0500) on Layer M2
violation type: Short
	srcs: net:u_data_mem/_35544_ net:u_data_mem/bank0\[10\][24]
	bbox = (275.2500, 900.5500) - (275.3500, 900.6500) on Layer M2
violation type: Short
	srcs: net:u_data_mem/bank1\[12\][30] net:u_data_mem/bank1\[14\][30]
	bbox = (277.6500, 510.5100) - (277.7500, 510.6900) on Layer M2
violation type: Short
	srcs: net:u_data_mem/bank1\[12\][30] net:u_data_mem/bank1\[14\][30]
	bbox = (277.6500, 510.5500) - (277.7500, 510.6500) on Layer M2
violation type: Short
	srcs: net:mem_addr[0] net:u_data_mem/_35549_
	bbox = (278.4500, 816.1500) - (278.5500, 816.2500) on Layer M2
violation type: Short
	srcs: net:mem_addr[0] net:u_data_mem/bank0\[17\][30]
	bbox = (278.6500, 816.1500) - (278.7500, 816.2500) on Layer M2
violation type: Short
	srcs: net:u_data_mem/_39995_ net:u_data_mem/bank1\[52\][5]
	bbox = (286.6500, 771.1500) - (286.7500, 771.2500) on Layer M2
violation type: Short
	srcs: net:u_data_mem/_18268_ net:u_data_mem/_40995_
	bbox = (287.0500, 816.5500) - (287.1500, 816.6500) on Layer M2
violation type: Short
	srcs: net:u_data_mem/_18268_ net:u_data_mem/_40995_
	bbox = (287.0500, 816.5500) - (287.3500, 816.6500) on Layer M2
violation type: Short
	srcs: net:u_data_mem/_18268_ net:u_data_mem/_40995_
	bbox = (287.2500, 816.5500) - (287.3500, 816.6500) on Layer M2
violation type: Short
	srcs: net:u_data_mem/_40505_ net:u_data_mem/_40506_
	bbox = (303.6500, 620.1500) - (303.7500, 620.2500) on Layer M2
violation type: Short
	srcs: net:u_data_mem/bank0\[12\][7] net:u_data_mem/bank0\[14\][7]
	bbox = (313.2500, 918.7100) - (313.3500, 918.8900) on Layer M2
violation type: Short
	srcs: net:u_data_mem/bank0\[12\][7] net:u_data_mem/bank0\[14\][7]
	bbox = (313.2500, 918.7500) - (313.3500, 918.8500) on Layer M2
violation type: Short
	srcs: net:u_riscv_top/register_file/_07462_ net:u_riscv_top/register_file/_07463_
	bbox = (314.4500, 15.2100) - (314.5500, 15.2500) on Layer M2
violation type: Short
	srcs: net:u_riscv_top/register_file/_08852_ net:u_riscv_top/register_file/regfile\[8\][0]
	bbox = (316.4500, 162.9500) - (316.5500, 163.0500) on Layer M2
violation type: Short
	srcs: net:u_riscv_top/register_file/_08850_ net:u_riscv_top/register_file/regfile\[8\][0]
	bbox = (316.6500, 162.9500) - (316.7500, 163.0500) on Layer M2
violation type: Short
	srcs: net:u_riscv_top/register_file/regfile\[12\][0] net:u_riscv_top/register_file/regfile\[8\][0]
	bbox = (317.2500, 162.9500) - (317.3500, 163.0500) on Layer M2
violation type: Short
	srcs: net:u_riscv_top/register_file/regfile\[12\][0] net:u_riscv_top/register_file/regfile\[8\][0]
	bbox = (317.2500, 162.9500) - (317.5500, 163.0500) on Layer M2
violation type: Short
	srcs: net:u_riscv_top/register_file/regfile\[12\][0] net:u_riscv_top/register_file/regfile\[8\][0]
	bbox = (317.4500, 162.9500) - (317.5500, 163.0500) on Layer M2
violation type: Short
	srcs: net:u_riscv_top/register_file/_08818_ net:u_riscv_top/register_file/_08820_
	bbox = (317.4500, 232.7500) - (317.5500, 232.8500) on Layer M2
violation type: Short
	srcs: net:u_data_mem/_37057_ net:u_data_mem/_37058_
	bbox = (318.6500, 695.1500) - (318.7500, 695.2500) on Layer M2
violation type: Short
	srcs: net:u_data_mem/_37057_ net:u_data_mem/_37060_
	bbox = (319.2500, 695.5100) - (319.3500, 695.6300) on Layer M2
violation type: Short
	srcs: net:u_data_mem/_37057_ net:u_data_mem/_37060_
	bbox = (319.2500, 695.5500) - (319.3500, 695.6300) on Layer M2
violation type: Short
	srcs: net:u_riscv_top/register_file/regfile\[10\][13] net:u_riscv_top/register_file/regfile\[14\][13]
	bbox = (322.2500, 135.7500) - (322.3500, 135.8500) on Layer M2
violation type: Short
	srcs: net:u_riscv_top/register_file/regfile\[10\][13] net:u_riscv_top/register_file/regfile\[14\][13]
	bbox = (322.2500, 135.7500) - (322.3500, 135.8900) on Layer M2
violation type: Short
	srcs: net:u_riscv_top/register_file/_08850_ net:u_riscv_top/register_file/_09300_
	bbox = (323.2500, 136.1500) - (323.3500, 136.2500) on Layer M2
violation type: Short
	srcs: net:u_riscv_top/register_file/_10430_ net:u_riscv_top/register_file/regfile\[4\][1]
	bbox = (329.2500, 242.1500) - (329.3500, 242.2500) on Layer M2
violation type: Short
	srcs: net:u_riscv_top/multiplier/_08197_ net:u_riscv_top/multiplier/_08250_
	bbox = (329.4500, 260.5500) - (329.5500, 260.6300) on Layer M2
violation type: Short
	srcs: net:A1_sim[1] net:u_riscv_top/register_file/_09660_
	bbox = (339.4500, 135.5500) - (339.5500, 135.6500) on Layer M2
violation type: Short
	srcs: net:u_data_mem/_35544_ net:u_data_mem/_36423_
	bbox = (339.4500, 758.3500) - (339.5500, 758.4500) on Layer M2
violation type: Short
	srcs: net:u_data_mem/_38963_ net:u_data_mem/_38964_
	bbox = (340.6500, 592.7500) - (340.7500, 592.8500) on Layer M2
violation type: Short
	srcs: net:u_data_mem/_38964_ net:u_data_mem/_38965_
	bbox = (340.8500, 593.1500) - (340.9500, 593.2500) on Layer M2
violation type: Short
	srcs: net:u_data_mem/_36669_ net:u_data_mem/_36672_
	bbox = (342.4500, 528.5500) - (342.5500, 528.6500) on Layer M2
violation type: Short
	srcs: net:u_riscv_top/register_file/regfile\[26\][1] net:u_riscv_top/register_file/regfile\[30\][1]
	bbox = (344.6500, 224.5500) - (344.7500, 224.6500) on Layer M2
violation type: Short
	srcs: net:A3_sim[2] net:u_riscv_top/register_file/_07464_
	bbox = (346.6500, 15.3500) - (346.7500, 15.4500) on Layer M2
violation type: Short
	srcs: net:A3_sim[0] net:u_riscv_top/register_file/_08277_
	bbox = (348.4500, 15.7500) - (348.5500, 15.8500) on Layer M2
violation type: Short
	srcs: net:u_data_mem/_22938_ net:u_data_mem/_41037_
	bbox = (348.4500, 880.9100) - (348.5500, 881.0300) on Layer M2
violation type: Short
	srcs: net:u_riscv_top/register_file/_07212_ net:u_riscv_top/register_file/_07301_
	bbox = (350.0500, 106.5500) - (350.1500, 106.6500) on Layer M2
violation type: Short
	srcs: net:u_data_mem/_39298_ net:u_data_mem/_39307_
	bbox = (350.0500, 692.3500) - (350.1500, 692.4500) on Layer M2
violation type: Short
	srcs: net:u_riscv_top/register_file/_07302_ net:u_riscv_top/register_file/_07303_
	bbox = (350.6500, 106.9100) - (350.7500, 107.0300) on Layer M2
violation type: Short
	srcs: net:u_data_mem/_39294_ net:u_data_mem/_39320_
	bbox = (350.6500, 691.9500) - (350.7500, 692.0500) on Layer M2
violation type: Short
	srcs: net:mem_addr[1] net:mem_wdata[16]
	bbox = (351.2500, 645.7500) - (351.3500, 645.8500) on Layer M2
violation type: Short
	srcs: net:u_data_mem/_24719_ net:VDD
	bbox = (353.0500, 581.3700) - (353.1500, 581.5000) on Layer M2
violation type: Short
	srcs: net:u_data_mem/_24934_ net:u_data_mem/_41180_
	bbox = (354.0500, 758.5700) - (354.1500, 758.6300) on Layer M2
violation type: Short
	srcs: net:A2_sim[1] net:u_riscv_top/register_file/_09612_
	bbox = (356.4500, 230.7500) - (356.5500, 230.8500) on Layer M2
violation type: Short
	srcs: net:u_data_mem/_35544_ net:u_data_mem/bank1\[47\][21]
	bbox = (359.2500, 518.9500) - (359.3500, 519.0500) on Layer M2
violation type: Short
	srcs: net:u_riscv_top/register_file/_08274_ net:u_riscv_top/register_file/_08276_
	bbox = (363.6500, 16.9500) - (363.7500, 17.0500) on Layer M2
violation type: Short
	srcs: net:u_data_mem/_35546_ net:u_data_mem/_35551_
	bbox = (369.6500, 884.1500) - (369.7500, 884.2500) on Layer M2
violation type: Short
	srcs: net:u_data_mem/_18345_ net:u_data_mem/_24682_
	bbox = (370.2500, 569.1500) - (370.3500, 569.2500) on Layer M2
violation type: Short
	srcs: net:u_data_mem/_41024_ net:u_data_mem/_41210_
	bbox = (370.8500, 729.7500) - (370.9500, 729.8500) on Layer M2
violation type: Short
	srcs: net:u_riscv_top/register_file/_09137_ net:u_riscv_top/register_file/_09140_
	bbox = (371.0500, 251.5500) - (371.1500, 251.6500) on Layer M2
violation type: Short
	srcs: net:u_riscv_top/register_file/_09137_ net:u_riscv_top/register_file/_09140_
	bbox = (371.0500, 251.5500) - (371.3500, 251.6500) on Layer M2
violation type: Short
	srcs: net:u_riscv_top/register_file/_09137_ net:u_riscv_top/register_file/_09140_
	bbox = (371.2500, 251.5500) - (371.3500, 251.6500) on Layer M2
violation type: Short
	srcs: net:u_riscv_top/register_file/_07227_ net:u_riscv_top/register_file/_09140_
	bbox = (371.4500, 250.9500) - (371.5500, 251.0500) on Layer M2
violation type: Short
	srcs: net:A3_sim[0] net:u_riscv_top/register_file/regfile\[8\][12]
	bbox = (377.2500, 72.9500) - (377.3500, 73.0300) on Layer M2
violation type: Short
	srcs: net:u_riscv_top/register_file/_08050_ net:u_riscv_top/register_file/_08532_
	bbox = (377.6500, 72.3500) - (377.7500, 72.4500) on Layer M2
violation type: Short
	srcs: net:u_riscv_top/register_file/_08049_ net:u_riscv_top/register_file/regfile\[8\][12]
	bbox = (377.8500, 72.9500) - (377.9500, 72.9900) on Layer M2
violation type: Short
	srcs: net:u_riscv_top/mux5/_230_ net:u_riscv_top/mux5/_231_
	bbox = (378.4500, 493.5500) - (378.5500, 493.6500) on Layer M2
violation type: Short
	srcs: net:u_riscv_top/mux5/_230_ net:u_riscv_top/mux5/_231_
	bbox = (378.4500, 493.5500) - (378.7500, 493.6500) on Layer M2
violation type: Short
	srcs: net:u_riscv_top/mux5/_229_ net:u_riscv_top/mux5/_231_
	bbox = (378.4500, 501.3500) - (378.5500, 501.4500) on Layer M2
violation type: Short
	srcs: net:u_riscv_top/mux5/_230_ net:u_riscv_top/mux5/_231_
	bbox = (378.6500, 493.5500) - (378.7500, 493.6500) on Layer M2
violation type: Short
	srcs: net:u_riscv_top/register_file/_08049_ net:u_riscv_top/register_file/_08532_
	bbox = (378.8500, 72.5500) - (378.9500, 72.6500) on Layer M2
violation type: Short
	srcs: net:wb_data_sim[20] net:u_riscv_top/net1966
	bbox = (379.2500, 501.1500) - (379.3500, 501.2300) on Layer M2
violation type: Short
	srcs: net:u_riscv_top/mux5/_231_ net:u_riscv_top/net1966
	bbox = (379.2500, 501.3500) - (379.3500, 501.4500) on Layer M2
violation type: Short
	srcs: net:u_riscv_top/register_file/_07227_ net:u_riscv_top/register_file/_09344_
	bbox = (381.2500, 81.7500) - (381.3500, 81.8500) on Layer M2
violation type: Short
	srcs: net:u_riscv_top/register_file/_07231_ net:u_riscv_top/register_file/_09660_
	bbox = (383.2500, 159.1500) - (383.3500, 159.2500) on Layer M2
violation type: Short
	srcs: net:u_data_mem/_21393_ net:VDD
	bbox = (390.0500, 750.5000) - (390.1500, 750.6300) on Layer M2
violation type: Short
	srcs: net:u_data_mem/_37599_ net:u_data_mem/_37602_
	bbox = (392.6500, 542.9500) - (392.7500, 543.0500) on Layer M2
violation type: Short
	srcs: net:u_riscv_top/register_file/_09662_ net:u_riscv_top/register_file/_10155_
	bbox = (393.4500, 85.1500) - (393.5500, 85.2500) on Layer M2
violation type: Short
	srcs: net:u_riscv_top/register_file/_07228_ net:u_riscv_top/register_file/_09190_
	bbox = (394.0500, 257.9100) - (394.1500, 258.0900) on Layer M2
violation type: Short
	srcs: net:u_riscv_top/register_file/_07228_ net:u_riscv_top/register_file/_09190_
	bbox = (394.0500, 257.9500) - (394.1500, 258.0500) on Layer M2
violation type: Short
	srcs: net:u_data_mem/bank3\[1\][16] net:u_data_mem/bank3\[7\][16]
	bbox = (404.4500, 812.9500) - (404.5500, 813.0500) on Layer M2
violation type: Short
	srcs: net:u_riscv_top/register_file/_07235_ net:u_riscv_top/register_file/_07440_
	bbox = (405.4500, 155.1500) - (405.5500, 155.2500) on Layer M2
violation type: Short
	srcs: net:u_riscv_top/register_file/_08251_ net:u_riscv_top/register_file/_08256_
	bbox = (410.4500, 164.5500) - (410.5500, 164.6500) on Layer M2
violation type: Short
	srcs: net:A1_sim[0] net:u_riscv_top/register_file/_09662_
	bbox = (410.4500, 245.4500) - (410.5500, 245.5500) on Layer M2
violation type: Short
	srcs: net:u_data_mem/bank2\[35\][12] net:u_data_mem/bank2\[38\][12]
	bbox = (410.6500, 686.9500) - (410.7500, 687.0500) on Layer M2
violation type: Short
	srcs: net:u_riscv_top/register_file/_10181_ net:u_riscv_top/register_file/regfile\[18\][11]
	bbox = (413.6500, 85.1500) - (413.7500, 85.2500) on Layer M2
violation type: Short
	srcs: net:u_riscv_top/register_file/_10181_ net:u_riscv_top/register_file/regfile\[18\][11]
	bbox = (413.6500, 85.1500) - (413.7500, 85.6500) on Layer M2
violation type: Short
	srcs: net:u_riscv_top/register_file/_10181_ net:u_riscv_top/register_file/regfile\[18\][11]
	bbox = (413.6500, 85.5500) - (413.7500, 85.6500) on Layer M2
violation type: Short
	srcs: net:u_data_mem/_35531_ net:u_data_mem/_38133_
	bbox = (414.4500, 812.3500) - (414.5500, 812.4500) on Layer M2
violation type: Short
	srcs: net:u_data_mem/_38130_ net:u_data_mem/_38133_
	bbox = (414.6500, 812.7500) - (414.7500, 812.8500) on Layer M2
violation type: Short
	srcs: net:u_data_mem/_18140_ net:u_data_mem/_41108_
	bbox = (414.8500, 925.5500) - (414.9500, 925.6500) on Layer M2
violation type: Short
	srcs: net:u_data_mem/_18140_ net:u_data_mem/_41192_
	bbox = (414.8500, 926.5500) - (414.9500, 926.6500) on Layer M2
violation type: Short
	srcs: net:u_riscv_top/register_file/_07231_ net:u_riscv_top/register_file/_09660_
	bbox = (415.2500, 245.7500) - (415.3500, 245.8500) on Layer M2
violation type: Short
	srcs: net:u_riscv_top/FP_Adder/fracA[9] net:u_riscv_top/FP_Adder/zeroA
	bbox = (415.8500, 447.3500) - (415.9500, 447.4500) on Layer M2
violation type: Short
	srcs: net:u_riscv_top/register_file/_09662_ net:u_riscv_top/register_file/_10001_
	bbox = (416.2500, 245.3500) - (416.3500, 245.4500) on Layer M2
violation type: Short
	srcs: net:u_riscv_top/register_file/_09098_ net:VSS
	bbox = (418.0500, 14.3700) - (418.1500, 14.5000) on Layer M2
violation type: Short
	srcs: net:u_riscv_top/register_file/_08852_ net:u_riscv_top/register_file/_09349_
	bbox = (421.8500, 87.1500) - (421.9500, 87.2500) on Layer M2
violation type: Short
	srcs: net:u_riscv_top/register_file/_08852_ net:u_riscv_top/register_file/_09349_
	bbox = (421.8500, 87.1500) - (421.9500, 87.3900) on Layer M2
violation type: Short
	srcs: net:u_data_mem/bank2\[33\][30] net:clknet_10_794__leaf_clk
	bbox = (424.6500, 746.3500) - (424.7500, 746.4500) on Layer M2
violation type: Short
	srcs: net:u_riscv_top/register_file/_07515_ net:u_riscv_top/register_file/regfile\[29\][20]
	bbox = (427.0500, 272.5700) - (427.1500, 272.6500) on Layer M2
violation type: Short
	srcs: net:u_riscv_top/FP_Adder/_1757_ net:u_riscv_top/FP_Adder/_1918_
	bbox = (427.2500, 431.3500) - (427.3500, 431.4500) on Layer M2
violation type: Short
	srcs: net:u_riscv_top/FP_Adder/_1757_ net:u_riscv_top/FP_Adder/sum_reg[13]
	bbox = (427.4500, 431.3500) - (427.5500, 431.4500) on Layer M2
violation type: Short
	srcs: net:u_data_mem/_35542_ net:u_data_mem/bank2\[32\][27]
	bbox = (429.0500, 681.3100) - (429.1500, 681.8500) on Layer M2
violation type: Short
	srcs: net:u_data_mem/_35542_ net:u_data_mem/bank2\[32\][27]
	bbox = (429.0500, 681.7500) - (429.1500, 681.8500) on Layer M2
violation type: Short
	srcs: net:u_riscv_top/register_file/_09941_ net:u_riscv_top/register_file/_09944_
	bbox = (429.2500, 260.1100) - (429.3500, 260.2500) on Layer M2
violation type: Short
	srcs: net:u_riscv_top/register_file/_09941_ net:u_riscv_top/register_file/_09944_
	bbox = (429.2500, 260.1500) - (429.3500, 260.2500) on Layer M2
violation type: Short
	srcs: net:u_data_mem/_35542_ net:u_data_mem/_35551_
	bbox = (429.6500, 792.9500) - (429.7500, 793.0500) on Layer M2
violation type: Short
	srcs: net:u_data_mem/_35551_ net:u_data_mem/_41375_
	bbox = (429.8500, 793.1100) - (429.9500, 793.1200) on Layer M2
violation type: Short
	srcs: net:A3_sim[0] net:u_riscv_top/register_file/regfile\[8\][30]
	bbox = (432.4500, 60.1500) - (432.5500, 60.2500) on Layer M2
violation type: Short
	srcs: net:u_riscv_top/register_file/_09121_ net:u_riscv_top/register_file/regfile\[8\][20]
	bbox = (433.0500, 242.1500) - (433.1500, 242.2500) on Layer M2
violation type: Short
	srcs: net:u_riscv_top/FP_Adder/_1757_ net:u_riscv_top/FP_Adder/_1918_
	bbox = (433.6500, 387.9500) - (433.7500, 388.0500) on Layer M2
violation type: Short
	srcs: net:u_riscv_top/FP_Adder/_1757_ net:u_riscv_top/FP_Adder/sum_reg[5]
	bbox = (433.6500, 388.1500) - (433.7500, 388.2500) on Layer M2
violation type: Short
	srcs: net:u_riscv_top/register_file/_09660_ net:u_riscv_top/register_file/_09662_
	bbox = (434.2500, 45.5500) - (434.3500, 45.6500) on Layer M2
violation type: Short
	srcs: net:u_riscv_top/register_file/_10504_ net:u_riscv_top/register_file/net2415
	bbox = (436.6500, 53.1500) - (436.7500, 53.2500) on Layer M2
violation type: Short
	srcs: net:u_riscv_top/register_file/_09675_ net:u_riscv_top/register_file/net2415
	bbox = (436.8500, 53.5500) - (436.9500, 53.6500) on Layer M2
violation type: Short
	srcs: net:u_riscv_top/register_file/_09660_ net:u_riscv_top/register_file/regfile\[6\][3]
	bbox = (441.8500, 85.5500) - (441.9500, 85.6500) on Layer M2
violation type: Short
	srcs: net:A1_sim[0] net:u_riscv_top/register_file/regfile\[6\][3]
	bbox = (441.8500, 85.9100) - (441.9500, 86.0500) on Layer M2
violation type: Short
	srcs: net:A1_sim[0] net:u_riscv_top/register_file/regfile\[6\][3]
	bbox = (441.8500, 85.9500) - (441.9500, 86.0500) on Layer M2
violation type: Short
	srcs: net:u_riscv_top/register_file/regfile\[2\][3] net:u_riscv_top/register_file/regfile\[6\][3]
	bbox = (442.0500, 79.9500) - (442.1500, 80.0500) on Layer M2
violation type: Short
	srcs: net:A1_sim[0] net:u_riscv_top/register_file/_09660_
	bbox = (442.0500, 85.6100) - (442.1500, 85.6500) on Layer M2
violation type: Short
	srcs: net:A2_sim[2] net:u_riscv_top/register_file/regfile\[5\][20]
	bbox = (443.2500, 272.1500) - (443.3500, 272.2500) on Layer M2
violation type: Short
	srcs: net:u_riscv_top/register_file/_09681_ net:u_riscv_top/register_file/_09687_
	bbox = (443.4500, 29.3500) - (443.5500, 29.4500) on Layer M2
violation type: Short
	srcs: net:u_riscv_top/register_file/_09662_ net:u_riscv_top/register_file/regfile\[24\][19]
	bbox = (444.6500, 212.9500) - (444.7500, 213.0500) on Layer M2
violation type: Short
	srcs: net:u_riscv_top/register_file/_07234_ net:u_riscv_top/register_file/_07236_
	bbox = (446.0500, 220.3100) - (446.1500, 220.4900) on Layer M2
violation type: Short
	srcs: net:u_riscv_top/register_file/_07234_ net:u_riscv_top/register_file/_07236_
	bbox = (446.0500, 220.3500) - (446.1500, 220.4500) on Layer M2
violation type: Short
	srcs: net:u_data_mem/_35546_ net:u_data_mem/_35549_
	bbox = (451.8500, 938.9500) - (451.9500, 939.0500) on Layer M2
violation type: Short
	srcs: net:u_data_mem/_35546_ net:u_data_mem/_35549_
	bbox = (451.8500, 938.9500) - (452.5500, 939.0500) on Layer M2
violation type: Short
	srcs: net:u_data_mem/_35532_ net:u_data_mem/bank3\[27\][10]
	bbox = (451.8500, 1001.7500) - (451.9500, 1001.8500) on Layer M2
violation type: Short
	srcs: net:u_data_mem/_35546_ net:u_data_mem/_35549_
	bbox = (452.4500, 938.9500) - (452.5500, 939.0500) on Layer M2
violation type: Short
	srcs: net:u_riscv_top/register_file/_10482_ net:u_riscv_top/register_file/_10487_
	bbox = (453.0500, 99.9500) - (453.1500, 100.0500) on Layer M2
violation type: Short
	srcs: net:u_data_mem/_35528_ net:u_data_mem/_38328_
	bbox = (455.2500, 839.5100) - (455.3500, 839.6300) on Layer M2
violation type: Short
	srcs: net:u_riscv_top/register_file/regfile\[2\][15] net:u_riscv_top/register_file/regfile\[6\][15]
	bbox = (456.0500, 258.1500) - (456.1500, 258.2500) on Layer M2
violation type: Short
	srcs: net:u_riscv_top/register_file/_08465_ net:u_riscv_top/register_file/regfile\[2\][15]
	bbox = (456.4500, 257.9500) - (456.5500, 258.0500) on Layer M2
violation type: Short
	srcs: net:u_riscv_top/register_file/_08850_ net:u_riscv_top/register_file/_09536_
	bbox = (459.2500, 159.5100) - (459.3500, 159.6300) on Layer M2
violation type: Short
	srcs: net:u_data_mem/_39039_ net:u_data_mem/_39041_
	bbox = (459.6500, 1000.3500) - (459.7500, 1000.4500) on Layer M2
violation type: Short
	srcs: net:A1_sim[0] net:u_riscv_top/register_file/_10068_
	bbox = (460.2500, 241.7500) - (460.3500, 241.8500) on Layer M2
violation type: Short
	srcs: net:A1_sim[0] net:u_riscv_top/register_file/_10068_
	bbox = (460.2500, 241.7500) - (460.5500, 241.8500) on Layer M2
violation type: Short
	srcs: net:u_data_mem/_35546_ net:u_data_mem/_39039_
	bbox = (460.2500, 1000.3500) - (460.3500, 1000.4300) on Layer M2
violation type: Short
	srcs: net:A1_sim[0] net:u_riscv_top/register_file/_10068_
	bbox = (460.4500, 241.7500) - (460.5500, 241.8500) on Layer M2
violation type: Short
	srcs: net:u_riscv_top/register_file/_07229_ net:u_riscv_top/register_file/_10354_
	bbox = (463.8500, 151.9500) - (463.9500, 152.0500) on Layer M2
violation type: Short
	srcs: net:u_data_mem/_35544_ net:u_data_mem/bank2\[39\][14]
	bbox = (464.2500, 695.7500) - (464.3500, 695.8500) on Layer M2
violation type: Short
	srcs: net:u_data_mem/_38448_ net:u_data_mem/bank2\[39\][14]
	bbox = (464.4500, 695.7500) - (464.5500, 695.8500) on Layer M2
violation type: Short
	srcs: net:u_riscv_top/mux8_1/_604_ net:u_riscv_top/mux8_1/_605_
	bbox = (465.8500, 313.9100) - (465.9500, 314.0900) on Layer M2
violation type: Short
	srcs: net:u_riscv_top/mux8_1/_604_ net:u_riscv_top/mux8_1/_605_
	bbox = (465.8500, 313.9500) - (465.9500, 314.0500) on Layer M2
violation type: Short
	srcs: net:u_riscv_top/register_file/_08852_ net:u_riscv_top/register_file/_09551_
	bbox = (474.6500, 160.7500) - (474.7500, 160.8500) on Layer M2
violation type: Short
	srcs: net:u_riscv_top/register_file/_08941_ net:u_riscv_top/register_file/regfile\[6\][4]
	bbox = (474.6500, 161.5500) - (474.7500, 161.6500) on Layer M2
violation type: Short
	srcs: net:u_riscv_top/register_file/_08850_ net:u_riscv_top/register_file/regfile\[6\][4]
	bbox = (475.2500, 161.5500) - (475.3500, 161.6500) on Layer M2
violation type: Short
	srcs: net:mem_wdata[0] net:u_data_mem/_21185_
	bbox = (475.8500, 695.3500) - (475.9500, 695.4500) on Layer M2
violation type: Short
	srcs: net:u_data_mem/_35544_ net:u_data_mem/bank2\[39\][16]
	bbox = (476.4500, 708.7500) - (476.5500, 708.8500) on Layer M2
violation type: Short
	srcs: net:u_data_mem/_20456_ net:u_data_mem/_41121_
	bbox = (478.6500, 656.1700) - (478.7500, 656.1900) on Layer M2
violation type: Short
	srcs: net:u_riscv_top/register_file/_08050_ net:u_riscv_top/register_file/regfile\[7\][6]
	bbox = (479.0500, 121.3500) - (479.1500, 121.4500) on Layer M2
violation type: Short
	srcs: net:u_riscv_top/register_file/_07222_ net:u_riscv_top/register_file/_08050_
	bbox = (479.4500, 121.3500) - (479.5500, 121.4500) on Layer M2
violation type: Short
	srcs: net:u_riscv_top/register_file/_08049_ net:u_riscv_top/register_file/_08101_
	bbox = (480.0500, 38.1500) - (480.1500, 38.2500) on Layer M2
violation type: Short
	srcs: net:u_riscv_top/register_file/_08050_ net:u_riscv_top/register_file/_08177_
	bbox = (480.2500, 199.1100) - (480.3500, 199.4500) on Layer M2
violation type: Short
	srcs: net:u_riscv_top/register_file/_08050_ net:u_riscv_top/register_file/_08177_
	bbox = (480.2500, 199.3500) - (480.3500, 199.4500) on Layer M2
violation type: Short
	srcs: net:u_riscv_top/CSR_Data_out[12] net:clknet_10_229__leaf_clk
	bbox = (488.0500, 495.5500) - (488.1500, 495.6500) on Layer M2
violation type: Short
	srcs: net:u_riscv_top/register_file/_07282_ net:u_riscv_top/register_file/regfile\[4\][29]
	bbox = (489.8500, 15.1500) - (489.9500, 15.2500) on Layer M2
violation type: Short
	srcs: net:A3_sim[2] net:u_riscv_top/register_file/_07282_
	bbox = (490.0500, 15.1500) - (490.1500, 15.2500) on Layer M2
violation type: Short
	srcs: net:u_data_mem/_37565_ net:VSS
	bbox = (491.0500, 687.5000) - (491.1500, 687.6300) on Layer M2
violation type: Short
	srcs: net:u_riscv_top/register_file/regfile\[6\][26] net:u_riscv_top/register_file/regfile\[7\][26]
	bbox = (492.6500, 198.7500) - (492.7500, 198.8500) on Layer M2
violation type: Short
	srcs: net:u_riscv_top/register_file/regfile\[2\][26] net:u_riscv_top/register_file/regfile\[7\][26]
	bbox = (492.6500, 198.9500) - (492.7500, 198.9900) on Layer M2
violation type: Short
	srcs: net:u_riscv_top/register_file/regfile\[2\][26] net:u_riscv_top/register_file/regfile\[6\][26]
	bbox = (492.8500, 198.7500) - (492.9500, 198.8500) on Layer M2
violation type: Short
	srcs: net:u_riscv_top/register_file/_07213_ net:u_riscv_top/register_file/regfile\[22\][7]
	bbox = (495.4500, 249.1500) - (495.5500, 249.2500) on Layer M2
violation type: Short
	srcs: net:u_riscv_top/register_file/_07283_ net:VSS
	bbox = (496.4500, 14.3700) - (496.5500, 14.5000) on Layer M2
violation type: Short
	srcs: net:u_riscv_top/register_file/_08852_ net:u_riscv_top/register_file/regfile\[30\][7]
	bbox = (496.6500, 256.3500) - (496.7500, 256.4500) on Layer M2
violation type: Short
	srcs: net:A2_sim[0] net:u_riscv_top/register_file/regfile\[26\][5]
	bbox = (496.8500, 36.5500) - (496.9500, 36.6500) on Layer M2
violation type: Short
	srcs: net:u_riscv_top/register_file/_08648_ net:u_riscv_top/register_file/regfile\[30\][7]
	bbox = (496.8500, 259.5500) - (496.9500, 259.6500) on Layer M2
violation type: Short
	srcs: net:u_riscv_top/register_file/_07282_ net:u_riscv_top/register_file/regfile\[2\][29]
	bbox = (497.0500, 15.5500) - (497.1500, 15.6500) on Layer M2
violation type: Short
	srcs: net:u_riscv_top/register_file/_07234_ net:u_riscv_top/register_file/regfile\[18\][7]
	bbox = (497.0500, 249.1500) - (497.1500, 249.2500) on Layer M2
violation type: Short
	srcs: net:u_riscv_top/register_file/regfile\[26\][3] net:u_riscv_top/register_file/regfile\[30\][3]
	bbox = (498.8500, 77.7500) - (498.9500, 77.8500) on Layer M2
violation type: Short
	srcs: net:u_riscv_top/register_file/regfile\[26\][3] net:u_riscv_top/register_file/regfile\[30\][3]
	bbox = (499.2500, 77.9500) - (499.3500, 78.0500) on Layer M2
violation type: Short
	srcs: net:u_riscv_top/register_file/regfile\[26\][3] net:u_riscv_top/register_file/regfile\[30\][3]
	bbox = (499.2500, 77.9500) - (499.5500, 78.0500) on Layer M2
violation type: Short
	srcs: net:u_riscv_top/register_file/_08850_ net:u_riscv_top/register_file/regfile\[30\][3]
	bbox = (499.2500, 78.1500) - (499.3500, 78.2500) on Layer M2
violation type: Short
	srcs: net:u_riscv_top/register_file/regfile\[26\][3] net:u_riscv_top/register_file/regfile\[30\][3]
	bbox = (499.4500, 77.9500) - (499.5500, 78.0500) on Layer M2
violation type: Short
	srcs: net:u_riscv_top/register_file/_08850_ net:u_riscv_top/register_file/regfile\[26\][3]
	bbox = (499.4500, 78.1500) - (499.5500, 78.2500) on Layer M2
violation type: Short
	srcs: net:u_riscv_top/register_file/_10296_ net:u_riscv_top/register_file/_10297_
	bbox = (504.0500, 251.0100) - (504.1500, 251.0500) on Layer M2
violation type: Short
	srcs: net:u_data_mem/_18160_ net:u_data_mem/_41168_
	bbox = (504.0500, 990.5500) - (504.1500, 990.6500) on Layer M2
violation type: Short
	srcs: net:u_riscv_top/register_file/_10294_ net:u_riscv_top/register_file/_10297_
	bbox = (504.2500, 251.5500) - (504.3500, 251.6500) on Layer M2
violation type: Short
	srcs: net:u_riscv_top/register_file/_10293_ net:u_riscv_top/register_file/_10296_
	bbox = (504.6500, 250.9500) - (504.7500, 251.0500) on Layer M2
violation type: Short
	srcs: net:A1_sim[1] net:u_riscv_top/register_file/_09662_
	bbox = (505.6500, 78.5500) - (505.7500, 78.6500) on Layer M2
violation type: Short
	srcs: net:u_riscv_top/register_file/_06211_ net:u_riscv_top/register_file/_10513_
	bbox = (505.6500, 198.7500) - (505.7500, 198.8500) on Layer M2
violation type: Short
	srcs: net:u_data_mem/_35593_ net:u_data_mem/_38804_
	bbox = (506.2500, 933.5500) - (506.3500, 933.6500) on Layer M2
violation type: Short
	srcs: net:u_data_mem/_35593_ net:u_data_mem/_38803_
	bbox = (506.6500, 933.3500) - (506.7500, 933.4500) on Layer M2
violation type: Short
	srcs: net:u_data_mem/_35613_ net:u_data_mem/bank3\[23\][30]
	bbox = (511.6500, 827.5500) - (511.7500, 827.6500) on Layer M2
violation type: Short
	srcs: net:A3_sim[0] net:u_riscv_top/register_file/_07875_
	bbox = (512.4500, 117.7100) - (512.5500, 117.8900) on Layer M2
violation type: Short
	srcs: net:A3_sim[0] net:u_riscv_top/register_file/_07875_
	bbox = (512.4500, 117.7500) - (512.5500, 117.8500) on Layer M2
violation type: Short
	srcs: net:A2_sim[2] net:u_riscv_top/register_file/regfile\[25\][26]
	bbox = (516.2500, 204.1500) - (516.3500, 204.2500) on Layer M2
violation type: Short
	srcs: net:u_riscv_top/register_file/_08050_ net:u_riscv_top/register_file/regfile\[26\][6]
	bbox = (518.2500, 117.5500) - (518.3500, 117.6500) on Layer M2
violation type: Short
	srcs: net:u_riscv_top/mux8_1/_676_ net:u_riscv_top/mux8_1/_677_
	bbox = (518.2500, 277.9500) - (518.3500, 278.0500) on Layer M2
violation type: Short
	srcs: net:u_riscv_top/register_file/_10079_ net:u_riscv_top/register_file/regfile\[30\][15]
	bbox = (518.4500, 254.3500) - (518.5500, 254.4500) on Layer M2
violation type: Short
	srcs: net:u_data_mem/_20203_ net:u_data_mem/_41167_
	bbox = (518.8500, 544.5700) - (518.9500, 544.5900) on Layer M2
violation type: Short
	srcs: net:u_data_mem/_35546_ net:u_data_mem/_37926_
	bbox = (519.2500, 700.5500) - (519.3500, 700.6500) on Layer M2
violation type: Short
	srcs: net:u_data_mem/_35546_ net:u_data_mem/_37926_
	bbox = (519.2500, 700.5500) - (519.3500, 700.6900) on Layer M2
violation type: Short
	srcs: net:u_riscv_top/register_file/_09002_ net:u_riscv_top/register_file/_09004_
	bbox = (519.4500, 173.9500) - (519.5500, 174.0500) on Layer M2
violation type: Short
	srcs: net:u_riscv_top/register_file/_09002_ net:u_riscv_top/register_file/regfile\[28\][25]
	bbox = (519.6500, 173.9100) - (519.7500, 174.0500) on Layer M2
violation type: Short
	srcs: net:u_riscv_top/register_file/_09002_ net:u_riscv_top/register_file/regfile\[28\][25]
	bbox = (519.6500, 173.9500) - (519.7500, 174.0500) on Layer M2
violation type: Short
	srcs: net:u_data_mem/_35544_ net:u_data_mem/_41039_
	bbox = (519.8500, 731.5500) - (519.9500, 731.6500) on Layer M2
violation type: Short
	srcs: net:u_data_mem/_35544_ net:u_data_mem/bank2\[63\][29]
	bbox = (520.2500, 731.3500) - (520.3500, 731.4500) on Layer M2
violation type: Short
	srcs: net:A2_sim[0] net:u_riscv_top/register_file/_08850_
	bbox = (520.4500, 173.5500) - (520.5500, 173.6500) on Layer M2
violation type: Short
	srcs: net:u_data_mem/_40605_ net:VSS
	bbox = (524.0500, 644.3700) - (524.1500, 644.5000) on Layer M2
violation type: Short
	srcs: net:u_riscv_top/CSR_Register/_1408_ net:u_riscv_top/CSR_Register/_1416_
	bbox = (524.4500, 522.5500) - (524.5500, 522.6500) on Layer M2
violation type: Short
	srcs: net:AluOp_sim[17] net:AluResultSrc[1]
	bbox = (529.8500, 288.9500) - (529.9500, 289.0500) on Layer M2
violation type: Short
	srcs: net:u_riscv_top/u_bridge_fp_mul_to_core/data_hold[14] net:u_riscv_top/net1355
	bbox = (530.0500, 306.7500) - (530.1500, 306.8500) on Layer M2
violation type: Short
	srcs: net:u_data_mem/_35536_ net:u_data_mem/bank3\[60\][2]
	bbox = (530.2500, 881.0100) - (530.3500, 881.0500) on Layer M2
violation type: Short
	srcs: net:u_data_mem/_35536_ net:u_data_mem/bank3\[60\][2]
	bbox = (530.2500, 881.0100) - (530.3500, 881.2500) on Layer M2
violation type: Short
	srcs: net:u_data_mem/_35536_ net:u_data_mem/bank3\[60\][2]
	bbox = (530.2500, 881.1500) - (530.3500, 881.2500) on Layer M2
violation type: Short
	srcs: net:AluResultSrc[1] net:u_riscv_top/mux8_1/_606_
	bbox = (530.6500, 288.7500) - (530.7500, 288.8500) on Layer M2
violation type: Short
	srcs: net:u_data_mem/_40557_ net:u_data_mem/bank3\[60\][2]
	bbox = (530.6500, 880.9500) - (530.7500, 881.0500) on Layer M2
violation type: Short
	srcs: net:u_data_mem/bank3\[60\][2] net:u_data_mem/bank3\[62\][2]
	bbox = (530.8500, 880.9500) - (530.9500, 881.0500) on Layer M2
violation type: Short
	srcs: net:u_riscv_top/register_file/_08452_ net:u_riscv_top/register_file/_08453_
	bbox = (532.6500, 246.1500) - (532.7500, 246.2500) on Layer M2
violation type: Short
	srcs: net:u_riscv_top/register_file/_08452_ net:u_riscv_top/register_file/_08453_
	bbox = (532.6500, 246.1500) - (532.9500, 246.2500) on Layer M2
violation type: Short
	srcs: net:u_riscv_top/register_file/_10083_ net:u_riscv_top/register_file/_10086_
	bbox = (532.6500, 260.1500) - (532.7500, 260.2500) on Layer M2
violation type: Short
	srcs: net:u_riscv_top/register_file/_10083_ net:u_riscv_top/register_file/_10086_
	bbox = (532.6500, 260.1500) - (532.9500, 260.2500) on Layer M2
violation type: Short
	srcs: net:u_riscv_top/register_file/_08452_ net:u_riscv_top/register_file/_08453_
	bbox = (532.8500, 246.1500) - (532.9500, 246.2500) on Layer M2
violation type: Short
	srcs: net:u_riscv_top/register_file/_10083_ net:u_riscv_top/register_file/_10086_
	bbox = (532.8500, 260.1500) - (532.9500, 260.2500) on Layer M2
violation type: Short
	srcs: net:u_riscv_top/register_file/_10082_ net:u_riscv_top/register_file/_10086_
	bbox = (533.0500, 260.1500) - (533.1500, 260.2500) on Layer M2
violation type: Short
	srcs: net:u_riscv_top/register_file/_10087_ net:VSS
	bbox = (533.2500, 259.1700) - (533.3500, 259.3000) on Layer M2
violation type: Short
	srcs: net:u_riscv_top/register_file/_07223_ net:u_riscv_top/register_file/_08599_
	bbox = (533.4500, 141.5500) - (533.5500, 141.6300) on Layer M2
violation type: Short
	srcs: net:u_riscv_top/register_file/_07225_ net:u_riscv_top/register_file/_09414_
	bbox = (533.6500, 135.8100) - (533.7500, 135.8500) on Layer M2
violation type: Short
	srcs: net:u_riscv_top/register_file/_07234_ net:u_riscv_top/register_file/_07236_
	bbox = (533.6500, 177.3500) - (533.7500, 177.4500) on Layer M2
violation type: Short
	srcs: net:u_riscv_top/register_file/_10085_ net:u_riscv_top/register_file/_10086_
	bbox = (533.8500, 259.9500) - (533.9500, 260.0500) on Layer M2
violation type: Short
	srcs: net:u_riscv_top/register_file/_08852_ net:u_riscv_top/register_file/_08965_
	bbox = (534.0500, 202.3100) - (534.1500, 202.4300) on Layer M2
violation type: Short
	srcs: net:u_riscv_top/register_file/_09813_ net:u_riscv_top/register_file/_09814_
	bbox = (534.2500, 182.9100) - (534.3500, 183.0500) on Layer M2
violation type: Short
	srcs: net:u_riscv_top/register_file/_09813_ net:u_riscv_top/register_file/_09814_
	bbox = (534.2500, 182.9500) - (534.3500, 183.0500) on Layer M2
violation type: Short
	srcs: net:u_data_mem/_41145_ net:u_data_mem/bank3\[41\][6]
	bbox = (534.4500, 972.5500) - (534.5500, 972.6500) on Layer M2
violation type: Short
	srcs: net:u_data_mem/_41145_ net:u_data_mem/bank3\[41\][6]
	bbox = (534.4500, 972.5500) - (534.7500, 972.6500) on Layer M2
violation type: Short
	srcs: net:u_data_mem/_41145_ net:u_data_mem/bank3\[41\][6]
	bbox = (534.6500, 972.5500) - (534.7500, 972.6500) on Layer M2
violation type: Short
	srcs: net:u_data_mem/_41145_ net:u_data_mem/bank3\[47\][6]
	bbox = (534.8500, 972.5500) - (534.9500, 972.6500) on Layer M2
violation type: Short
	srcs: net:u_riscv_top/register_file/_07222_ net:u_riscv_top/register_file/_08049_
	bbox = (535.0500, 141.3100) - (535.1500, 141.3200) on Layer M2
violation type: Short
	srcs: net:u_riscv_top/register_file/_09662_ net:u_riscv_top/register_file/regfile\[22\][9]
	bbox = (536.8500, 144.6100) - (536.9500, 144.6500) on Layer M2
violation type: Short
	srcs: net:u_riscv_top/register_file/_07791_ net:u_riscv_top/register_file/regfile\[22\][9]
	bbox = (537.4500, 135.3500) - (537.5500, 135.4500) on Layer M2
violation type: Short
	srcs: net:u_riscv_top/register_file/_10223_ net:u_riscv_top/register_file/regfile\[22\][9]
	bbox = (537.4500, 144.5500) - (537.5500, 144.6500) on Layer M2
violation type: Short
	srcs: net:u_data_mem/_35546_ net:u_data_mem/bank3\[42\][6]
	bbox = (539.2500, 975.1500) - (539.3500, 975.2300) on Layer M2
violation type: Short
	srcs: net:u_riscv_top/register_file/regfile\[16\][15] net:u_riscv_top/register_file/regfile\[20\][15]
	bbox = (539.9495, 251.1100) - (539.9505, 251.1200) on Layer M2
violation type: Short
	srcs: net:u_riscv_top/register_file/_09582_ net:u_riscv_top/register_file/_09584_
	bbox = (540.2500, 60.3500) - (540.3500, 60.4500) on Layer M2
violation type: Short
	srcs: net:u_riscv_top/register_file/_09582_ net:u_riscv_top/register_file/_09585_
	bbox = (540.6500, 60.3500) - (540.7500, 60.4500) on Layer M2
violation type: Short
	srcs: net:u_riscv_top/CSR_Register/_1175_ net:u_riscv_top/CSR_Register/_1208_
	bbox = (541.6500, 448.9500) - (541.7500, 449.0500) on Layer M2
violation type: Short
	srcs: net:A2_sim[1] net:u_riscv_top/register_file/_08852_
	bbox = (541.8500, 60.1500) - (541.9500, 60.2500) on Layer M2
violation type: Short
	srcs: net:u_riscv_top/register_file/_09584_ net:u_riscv_top/register_file/regfile\[16\][2]
	bbox = (542.0500, 60.5500) - (542.1500, 60.6500) on Layer M2
violation type: Short
	srcs: net:u_riscv_top/register_file/_09584_ net:u_riscv_top/register_file/regfile\[16\][2]
	bbox = (542.0500, 60.5500) - (542.3500, 60.6500) on Layer M2
violation type: Short
	srcs: net:u_riscv_top/register_file/_09584_ net:u_riscv_top/register_file/regfile\[16\][2]
	bbox = (542.2500, 60.5500) - (542.3500, 60.6500) on Layer M2
violation type: Short
	srcs: net:u_riscv_top/register_file/_08852_ net:u_riscv_top/register_file/regfile\[16\][4]
	bbox = (543.2500, 161.1500) - (543.3500, 161.2500) on Layer M2
violation type: Short
	srcs: net:u_riscv_top/mux8_1/_587_ net:u_riscv_top/pipeline_reg2/_0501_
	bbox = (547.0500, 329.9500) - (547.1500, 330.0500) on Layer M2
violation type: Short
	srcs: net:u_data_mem/_35546_ net:u_data_mem/_35549_
	bbox = (548.6500, 808.7500) - (548.7500, 808.8500) on Layer M2
violation type: Short
	srcs: net:u_data_mem/_36473_ net:VSS
	bbox = (553.2500, 561.5000) - (553.3500, 561.6300) on Layer M2
violation type: Short
	srcs: net:mem_addr[0] net:u_data_mem/bank3\[59\][29]
	bbox = (558.6500, 879.2100) - (558.7500, 879.2500) on Layer M2
violation type: Short
	srcs: net:mem_wdata[29] net:u_data_mem/_35750_
	bbox = (559.2500, 878.9500) - (559.3500, 879.0500) on Layer M2
violation type: Short
	srcs: net:u_riscv_top/TICK net:u_riscv_top/pipeline_reg1/net1014
	bbox = (564.4500, 432.5500) - (564.5500, 432.6500) on Layer M2
violation type: Short
	srcs: net:u_riscv_top/TICK net:u_riscv_top/pipeline_reg1/net1014
	bbox = (564.6500, 432.3500) - (564.7500, 432.4500) on Layer M2
violation type: Short
	srcs: net:u_riscv_top/TICK net:u_riscv_top/pipeline_reg1/net1014
	bbox = (564.6500, 432.3500) - (564.7500, 432.4900) on Layer M2
violation type: Short
	srcs: net:u_riscv_top/pipeline_reg1/_0752_ net:u_riscv_top/net577
	bbox = (564.8500, 433.1100) - (564.9500, 433.2900) on Layer M2
violation type: Short
	srcs: net:u_riscv_top/pipeline_reg1/_0752_ net:u_riscv_top/net577
	bbox = (564.8500, 433.1500) - (564.9500, 433.2500) on Layer M2
violation type: Short
	srcs: net:u_riscv_top/mux3/_0699_ net:u_riscv_top/mux3/_0714_
	bbox = (565.6500, 432.7100) - (565.7500, 432.8900) on Layer M2
violation type: Short
	srcs: net:u_riscv_top/mux3/_0699_ net:u_riscv_top/mux3/_0714_
	bbox = (565.6500, 432.7500) - (565.7500, 432.8500) on Layer M2
violation type: Short
	srcs: net:u_data_mem/_18222_ net:u_data_mem/_20850_
	bbox = (566.6500, 654.5500) - (566.7500, 654.6500) on Layer M2
violation type: Short
	srcs: net:u_data_mem/_19296_ net:VDD
	bbox = (568.2500, 876.5000) - (568.3500, 876.6300) on Layer M2
violation type: Short
	srcs: net:u_data_mem/_35544_ net:u_data_mem/_35551_
	bbox = (572.2500, 816.1500) - (572.3500, 816.2500) on Layer M2
violation type: Short
	srcs: net:u_riscv_top/divider/_1423_ net:u_riscv_top/u_bridge_core_to_div/_006_
	bbox = (578.6500, 304.5500) - (578.7500, 304.6500) on Layer M2
violation type: Short
	srcs: net:u_riscv_top/CSR_Register/_1415_ net:u_riscv_top/CSR_Register/_1416_
	bbox = (578.8500, 477.9100) - (578.9500, 478.0900) on Layer M2
violation type: Short
	srcs: net:u_riscv_top/CSR_Register/_1415_ net:u_riscv_top/CSR_Register/_1416_
	bbox = (578.8500, 477.9500) - (578.9500, 478.0500) on Layer M2
violation type: Short
	srcs: net:u_riscv_top/AluSrcB[2] net:u_riscv_top/muxB6[16]
	bbox = (586.6500, 437.9500) - (586.7500, 438.0500) on Layer M2
violation type: Short
	srcs: net:SrcA_sim_i[20] net:u_riscv_top/ALU/alu/_1995_
	bbox = (589.4500, 364.5100) - (589.5500, 364.5300) on Layer M2
violation type: Short
	srcs: net:u_riscv_top/AluSrcB[2] net:u_riscv_top/mux3/_0701_
	bbox = (591.6500, 438.3500) - (591.7500, 438.4500) on Layer M2
violation type: Short
	srcs: net:u_riscv_top/AluSrcB[2] net:u_riscv_top/mux3/_0701_
	bbox = (591.6500, 438.3500) - (591.7500, 438.8300) on Layer M2
violation type: Short
	srcs: net:u_riscv_top/AluSrcB[2] net:u_riscv_top/mux3/_0701_
	bbox = (591.6500, 438.5500) - (591.7500, 438.6500) on Layer M2
violation type: Short
	srcs: net:u_riscv_top/AluSrcB[2] net:u_riscv_top/mux3/_0701_
	bbox = (591.6500, 438.7500) - (591.7500, 438.8300) on Layer M2
violation type: Short
	srcs: net:u_data_mem/_35559_ net:u_data_mem/_40578_
	bbox = (606.6500, 875.5500) - (606.7500, 875.6500) on Layer M2
violation type: Short
	srcs: net:u_riscv_top/divider/_1517_ net:u_riscv_top/divider/is_rem
	bbox = (610.4500, 278.5500) - (610.5500, 278.6300) on Layer M2
violation type: Short
	srcs: net:u_data_mem/_20811_ net:VDD
	bbox = (613.2500, 624.5000) - (613.3500, 624.6300) on Layer M2
violation type: Short
	srcs: net:u_riscv_top/fft/fft_core/_3168_ net:u_riscv_top/fft/fft_core/_3193_
	bbox = (617.2500, 45.7100) - (617.3500, 45.8300) on Layer M2
violation type: Short
	srcs: net:u_riscv_top/ALU/alu/_2012_ net:u_riscv_top/ALU/alu/_2662_
	bbox = (619.0500, 414.5500) - (619.1500, 414.6500) on Layer M2
violation type: Short
	srcs: net:u_riscv_top/CSR_Register/CSR_WD_r[13] net:u_riscv_top/CSR_Register/_0744_
	bbox = (622.6500, 503.3500) - (622.7500, 503.4500) on Layer M2
violation type: Short
	srcs: net:u_riscv_top/CSR_Register/_1583_ net:u_riscv_top/CSR_Register/net2295
	bbox = (623.2500, 502.5500) - (623.3500, 502.6500) on Layer M2
violation type: Short
	srcs: net:u_data_mem/_35790_ net:u_data_mem/bank2\[48\][29]
	bbox = (623.8500, 600.3700) - (623.9500, 600.3900) on Layer M2
violation type: Short
	srcs: net:u_riscv_top/ALU/alu/_2314_ net:u_riscv_top/ALU/alu/_2698_
	bbox = (625.2500, 405.5500) - (625.3500, 405.6500) on Layer M2
violation type: Short
	srcs: net:u_riscv_top/ALU/alu/_1935_ net:u_riscv_top/ALU/alu/_2314_
	bbox = (625.2500, 405.7500) - (625.3500, 405.8500) on Layer M2
violation type: Short
	srcs: net:u_riscv_top/AluSrcB[2] net:u_riscv_top/muxB6[14]
	bbox = (625.8500, 438.3500) - (625.9500, 438.4500) on Layer M2
violation type: Short
	srcs: net:u_riscv_top/AluSrcB[2] net:u_riscv_top/muxB6[14]
	bbox = (625.8500, 438.3500) - (625.9500, 438.8500) on Layer M2
violation type: Short
	srcs: net:u_riscv_top/AluSrcB[2] net:u_riscv_top/muxB6[14]
	bbox = (625.8500, 438.7500) - (625.9500, 438.8500) on Layer M2
violation type: Short
	srcs: net:u_riscv_top/fft/fft_core/_2615_ net:u_riscv_top/fft/fft_core/p2_4_i[6]
	bbox = (626.0500, 183.1500) - (626.1500, 183.2500) on Layer M2
violation type: Short
	srcs: net:u_riscv_top/ALU/alu/_2694_ net:u_riscv_top/ALU/alu/_2695_
	bbox = (630.8500, 371.3700) - (630.9500, 371.4500) on Layer M2
violation type: Short
	srcs: net:u_riscv_top/ALU/alu/_2349_ net:u_riscv_top/ALU/alu/_2694_
	bbox = (631.2500, 371.5500) - (631.3500, 371.6500) on Layer M2
violation type: Short
	srcs: net:u_riscv_top/ALU/alu/_2694_ net:u_riscv_top/ALU/alu/_2696_
	bbox = (631.4500, 371.5100) - (631.5500, 371.6300) on Layer M2
violation type: Short
	srcs: net:u_riscv_top/ALU/alu/_2694_ net:u_riscv_top/ALU/alu/_2696_
	bbox = (631.4500, 371.5500) - (631.5500, 371.6300) on Layer M2
violation type: Short
	srcs: net:u_riscv_top/h2[13] net:u_riscv_top/muxB5[12]
	bbox = (632.6500, 439.7500) - (632.7500, 439.8500) on Layer M2
violation type: Short
	srcs: net:u_riscv_top/ALU/alu/_1934_ net:u_riscv_top/ALU/alu/_2654_
	bbox = (633.0500, 394.7100) - (633.1500, 394.8900) on Layer M2
violation type: Short
	srcs: net:u_riscv_top/ALU/alu/_1934_ net:u_riscv_top/ALU/alu/_2654_
	bbox = (633.0500, 394.7500) - (633.1500, 394.8500) on Layer M2
violation type: Short
	srcs: net:u_data_mem/_40274_ net:u_data_mem/_40275_
	bbox = (638.4500, 873.3500) - (638.5500, 873.4500) on Layer M2
violation type: Short
	srcs: net:mem_addr[0] net:mem_addr[1]
	bbox = (646.2500, 762.4100) - (646.3500, 762.4500) on Layer M2
violation type: Short
	srcs: net:u_riscv_top/divider/_1292_ net:u_riscv_top/divider/_1297_
	bbox = (647.6500, 312.3500) - (647.7500, 312.4500) on Layer M2
violation type: Short
	srcs: net:u_riscv_top/divider/_1459_ net:u_riscv_top/divider/work[14]
	bbox = (648.0500, 312.3700) - (648.1500, 312.3900) on Layer M2
violation type: Short
	srcs: net:u_data_mem/_35544_ net:u_data_mem/_35551_
	bbox = (648.8500, 713.5100) - (648.9500, 713.6900) on Layer M2
violation type: Short
	srcs: net:u_data_mem/_35544_ net:u_data_mem/_35551_
	bbox = (648.8500, 713.5500) - (648.9500, 713.6500) on Layer M2
violation type: Short
	srcs: net:u_data_mem/_40323_ net:u_data_mem/_40325_
	bbox = (651.6500, 711.7500) - (651.7500, 711.8500) on Layer M2
violation type: Short
	srcs: net:u_data_mem/_35567_ net:u_data_mem/_40325_
	bbox = (651.8500, 711.8100) - (651.9500, 711.8500) on Layer M2
violation type: Short
	srcs: net:u_riscv_top/ALU/alu/_1949_ net:u_riscv_top/ALU/alu/_2765_
	bbox = (663.8500, 412.7500) - (663.9500, 412.8500) on Layer M2
violation type: Short
	srcs: net:u_riscv_top/ALU/alu/_2031_ net:u_riscv_top/ALU/alu/_2254_
	bbox = (664.0500, 413.5500) - (664.1500, 413.6500) on Layer M2
violation type: Short
	srcs: net:u_riscv_top/CSR_Register/_1461_ net:u_riscv_top/CSR_Register/net1016
	bbox = (670.2500, 515.7100) - (670.3500, 515.8900) on Layer M2
violation type: Short
	srcs: net:u_riscv_top/CSR_Register/_1461_ net:u_riscv_top/CSR_Register/net1016
	bbox = (670.2500, 515.7500) - (670.3500, 515.8500) on Layer M2
violation type: Short
	srcs: net:u_riscv_top/CSR_Register/mcycle[8] net:u_riscv_top/CSR_Register/net1016
	bbox = (670.4500, 515.7500) - (670.5500, 515.8500) on Layer M2
violation type: Short
	srcs: net:u_data_mem/_35539_ net:u_data_mem/_39066_
	bbox = (677.2500, 702.5500) - (677.3500, 702.6500) on Layer M2
violation type: Short
	srcs: net:u_riscv_top/ALU/alu/_1755_ net:u_riscv_top/ALU/alu/_2259_
	bbox = (678.4500, 395.5100) - (678.5500, 395.5300) on Layer M2
violation type: Short
	srcs: net:u_riscv_top/AluSrcB[2] net:u_riscv_top/mux3/_0804_
	bbox = (692.2500, 413.5100) - (692.3500, 413.6500) on Layer M2
violation type: Short
	srcs: net:u_riscv_top/AluSrcB[2] net:u_riscv_top/mux3/_0804_
	bbox = (692.2500, 413.5500) - (692.3500, 413.6500) on Layer M2
violation type: Short
	srcs: net:u_riscv_top/h2[3] net:u_riscv_top/muxB2[1]
	bbox = (699.8500, 412.9500) - (699.9500, 413.0500) on Layer M2
violation type: Short
	srcs: net:u_riscv_top/muxB2[1] net:u_riscv_top/mux3/_0699_
	bbox = (700.4500, 412.9500) - (700.5500, 413.0500) on Layer M2
violation type: Short
	srcs: net:u_riscv_top/mux3/_0789_ net:u_riscv_top/pipeline_reg2/_0370_
	bbox = (702.2500, 432.3500) - (702.3500, 432.4500) on Layer M2
violation type: Short
	srcs: net:u_riscv_top/AluSrcB[2] net:u_riscv_top/mux3/_0705_
	bbox = (705.2500, 413.1500) - (705.3500, 413.2500) on Layer M2
violation type: Short
	srcs: net:u_riscv_top/fft_y_all[39] net:u_riscv_top/fft/fft_core/t3_5_i[7]
	bbox = (742.0500, 182.9100) - (742.1500, 183.0500) on Layer M2
violation type: Short
	srcs: net:u_riscv_top/fft_y_all[39] net:u_riscv_top/fft/fft_core/t3_5_i[7]
	bbox = (742.0500, 182.9500) - (742.1500, 183.0500) on Layer M2
violation type: Short
	srcs: net:u_riscv_top/controller/_1018_ net:u_riscv_top/controller/_1034_
	bbox = (771.2500, 438.7500) - (771.3500, 438.8500) on Layer M2
violation type: Short
	srcs: net:u_riscv_top/controller/_1266_ net:u_riscv_top/controller/_1267_
	bbox = (771.4500, 407.6100) - (771.5500, 407.6500) on Layer M2
violation type: Short
	srcs: net:imem/_3558_ net:imem/_3580_
	bbox = (913.2500, 418.1500) - (913.3500, 418.2500) on Layer M2
violation type: Short
	srcs: net:imem_addr[5] net:imem/_3804_
	bbox = (920.6500, 297.7500) - (920.7500, 297.8500) on Layer M2
violation type: Short
	srcs: net:imem/_3556_ net:imem/_3621_
	bbox = (951.0500, 415.1500) - (951.1500, 415.2300) on Layer M2
violation type: Short
	srcs: net:imem/_2132_ net:imem/_4051_
	bbox = (978.8500, 412.7500) - (978.9500, 412.8500) on Layer M2
violation type: Short
	srcs: net:i_ex[18] net:u_riscv_top/H/_158_
	bbox = (993.8500, 511.7500) - (993.9500, 511.8500) on Layer M2
violation type: Short
	srcs: net:u_riscv_top/net841 net:u_riscv_top/controller/net2326
	bbox = (1004.4500, 492.1100) - (1004.5500, 492.2900) on Layer M2
violation type: Short
	srcs: net:u_riscv_top/net841 net:u_riscv_top/controller/net2326
	bbox = (1004.4500, 492.1500) - (1004.5500, 492.2500) on Layer M2
violation type: Short
	srcs: net:u_riscv_top/controller/_0843_ net:u_riscv_top/net364
	bbox = (1016.2500, 494.5500) - (1016.3500, 494.6500) on Layer M2
violation type: Short
	srcs: net:imem/_3557_ net:imem/_3777_
	bbox = (1017.4500, 321.3100) - (1017.5500, 321.4300) on Layer M2
violation type: Short
	srcs: net:imem/_3557_ net:imem/_3777_
	bbox = (1017.4500, 321.3500) - (1017.5500, 321.4300) on Layer M2
violation type: Short
	srcs: net:u_apb_cdc_spi/u_req_bridge/_083_ net:net140
	bbox = (29.8500, 559.9500) - (29.9500, 560.0500) on Layer M3
violation type: Short
	srcs: net:u_spi/_0678_ net:clknet_10_514__leaf_clk
	bbox = (35.6500, 497.1500) - (35.7500, 497.2500) on Layer M3
violation type: Short
	srcs: net:u_apb_cdc_spi/u_req_bridge/_338_ net:u_apb_cdc_gpio/net123
	bbox = (35.8500, 542.1500) - (35.9500, 542.2500) on Layer M3
violation type: Short
	srcs: net:net75 net:u_apb_cdc_gpio/net123
	bbox = (56.0500, 541.5500) - (56.1500, 541.6500) on Layer M3
violation type: Short
	srcs: net:u_spi/_0687_ net:u_spi/_0689_
	bbox = (60.0500, 420.7500) - (60.1500, 420.8500) on Layer M3
violation type: Short
	srcs: net:u_apb_cdc_spi/_092_ net:net6
	bbox = (60.6500, 433.7500) - (60.7500, 433.8500) on Layer M3
violation type: Short
	srcs: net:u_apb_cdc_gpio/_060_ net:net100
	bbox = (63.0500, 523.5500) - (63.1500, 523.6500) on Layer M3
violation type: Short
	srcs: net:prdata_gpio_sim[0] net:u_apb_cdc_spi/_074_
	bbox = (66.0500, 496.5500) - (66.1500, 496.6500) on Layer M3
violation type: Short
	srcs: net:u_apb_cdc_spi/p_state[3] net:u_spi/_0711_
	bbox = (67.6500, 429.9500) - (67.7500, 430.0500) on Layer M3
violation type: Short
	srcs: net:net4 net:net86
	bbox = (72.2500, 438.9500) - (72.3500, 439.0500) on Layer M3
violation type: Short
	srcs: net:wb_data_sim[26] net:net1282
	bbox = (73.6500, 502.9500) - (73.7500, 503.0500) on Layer M3
violation type: Short
	srcs: net:wb_data_sim[26] net:net1282
	bbox = (73.6500, 502.9500) - (73.7500, 503.2500) on Layer M3
violation type: Short
	srcs: net:wb_data_sim[26] net:net1282
	bbox = (73.6500, 503.1500) - (73.7500, 503.2500) on Layer M3
violation type: Short
	srcs: net:u_spi/_0612_ net:u_spi/parallel_rx_wire[7]
	bbox = (77.6500, 421.3500) - (77.7500, 421.4500) on Layer M3
violation type: Short
	srcs: net:u_spi/_0687_ net:u_spi/_0711_
	bbox = (77.9495, 430.1500) - (77.9505, 430.4500) on Layer M3
violation type: Short
	srcs: net:u_spi/_0687_ net:u_spi/_0711_
	bbox = (77.9495, 430.3500) - (77.9505, 430.4500) on Layer M3
violation type: Short
	srcs: net:clk_spi_div net:clknet_10_161__leaf_clk
	bbox = (77.9500, 427.3500) - (78.0500, 427.4500) on Layer M3
violation type: Short
	srcs: net:u_spi/_0687_ net:u_spi/_0711_
	bbox = (77.9500, 430.1500) - (78.0500, 430.2500) on Layer M3
violation type: Short
	srcs: net:apb_rdata[25] net:rst_core_n
	bbox = (77.9500, 540.5500) - (78.0500, 540.6500) on Layer M3
violation type: Short
	srcs: net:apb_rdata[25] net:rst_core_n
	bbox = (77.9500, 540.5500) - (78.3500, 540.6500) on Layer M3
violation type: Short
	srcs: net:apb_rdata[25] net:rst_core_n
	bbox = (78.2500, 540.5500) - (78.3500, 540.6500) on Layer M3
violation type: Short
	srcs: net:u_apb_cdc_gpio/u_resp_bridge/_075_ net:u_apb_cdc_gpio/u_resp_bridge/data_hold[8]
	bbox = (80.2500, 559.9500) - (80.3500, 560.0500) on Layer M3
violation type: Short
	srcs: net:u_apb/_0225_ net:net100
	bbox = (82.2500, 523.5500) - (82.3500, 523.6500) on Layer M3
violation type: Short
	srcs: net:u_data_mem/_22728_ net:u_data_mem/_41171_
	bbox = (98.0500, 892.9500) - (98.1500, 893.0500) on Layer M3
violation type: Short
	srcs: net:u_apb_cdc_gpio/u_req_bridge/_139_ net:net79
	bbox = (98.6500, 573.9500) - (98.7500, 574.0500) on Layer M3
violation type: Short
	srcs: net:mem_wdata[28] net:u_data_mem/_36073_
	bbox = (98.9500, 922.3500) - (99.0500, 922.4500) on Layer M3
violation type: Short
	srcs: net:u_apb/_0200_ net:net262
	bbox = (99.8500, 514.5500) - (99.9500, 514.6500) on Layer M3
violation type: Short
	srcs: net:apb_rdata[4] net:u_apb_cdc_gpio/net2134
	bbox = (99.8500, 525.7500) - (99.9500, 525.8500) on Layer M3
violation type: Short
	srcs: net:u_apb_cdc_gpio/resp_data_c[4] net:u_apb_cdc_gpio/u_resp_bridge/_173_
	bbox = (103.6500, 528.9500) - (103.7500, 529.0500) on Layer M3
violation type: Short
	srcs: net:u_data_mem/_22796_ net:u_data_mem/bank0\[35\][1]
	bbox = (108.4500, 883.5500) - (108.5500, 883.6500) on Layer M3
violation type: Short
	srcs: net:paddr_sim[26] net:pwdata_sim[5]
	bbox = (108.6500, 505.9500) - (108.7500, 506.0500) on Layer M3
violation type: Short
	srcs: net:prdata_gpio_p[31] net:pwdata_sim[6]
	bbox = (111.0500, 464.1500) - (111.1500, 464.2500) on Layer M3
violation type: Short
	srcs: net:u_data_mem/_35533_ net:u_data_mem/_40386_
	bbox = (115.4500, 888.9500) - (115.5500, 889.0500) on Layer M3
violation type: Short
	srcs: net:u_data_mem/_20009_ net:u_data_mem/_37096_
	bbox = (116.9500, 812.9500) - (117.0500, 813.0500) on Layer M3
violation type: Short
	srcs: net:wb_data_sim[4] net:net100
	bbox = (117.6500, 523.9500) - (117.7500, 524.0500) on Layer M3
violation type: Short
	srcs: net:u_data_mem/_18187_ net:u_data_mem/_20041_
	bbox = (119.2500, 856.5500) - (119.3500, 856.6500) on Layer M3
violation type: Short
	srcs: net:prdata_gpio_p[13] net:prdata_gpio_p[6]
	bbox = (119.8500, 459.3500) - (119.9500, 459.4500) on Layer M3
violation type: Short
	srcs: net:net405 net:net457
	bbox = (120.0500, 487.7500) - (120.1500, 487.8500) on Layer M3
violation type: Short
	srcs: net:u_data_mem/_19792_ net:u_data_mem/_41232_
	bbox = (120.4500, 811.7500) - (120.5500, 811.8500) on Layer M3
violation type: Short
	srcs: net:paddr_sim[23] net:prdata_gpio_p[27]
	bbox = (121.6500, 529.3500) - (121.7500, 529.4500) on Layer M3
violation type: Short
	srcs: net:u_data_mem/_19761_ net:u_data_mem/_41226_
	bbox = (122.8500, 820.5500) - (122.9500, 820.6500) on Layer M3
violation type: Short
	srcs: net:apb_rdata[30] net:u_gpio/_1527_
	bbox = (123.4500, 520.1500) - (123.5500, 520.2500) on Layer M3
violation type: Short
	srcs: net:u_data_mem/_38118_ net:u_data_mem/bank0\[2\][29]
	bbox = (124.6500, 813.7500) - (124.7500, 813.8500) on Layer M3
violation type: Short
	srcs: net:u_gpio/_0892_ net:u_gpio/_1407_
	bbox = (124.8500, 528.9500) - (124.9500, 529.0500) on Layer M3
violation type: Short
	srcs: net:paddr_sim[23] net:u_gpio/_0892_
	bbox = (124.8500, 529.3500) - (124.9500, 529.4500) on Layer M3
violation type: Short
	srcs: net:u_data_mem/_35539_ net:u_data_mem/_41174_
	bbox = (125.4500, 924.9500) - (125.5500, 925.0500) on Layer M3
violation type: Short
	srcs: net:u_gpio/_1496_ net:net79
	bbox = (125.6500, 550.5500) - (125.7500, 550.6500) on Layer M3
violation type: Short
	srcs: net:apb_rdata[11] net:u_gpio/_1440_
	bbox = (128.6500, 530.5500) - (128.7500, 530.6500) on Layer M3
violation type: Short
	srcs: net:u_data_mem/_18195_ net:u_data_mem/_35544_
	bbox = (128.8500, 852.7500) - (128.9500, 852.8500) on Layer M3
violation type: Short
	srcs: net:u_gpio/_1349_ net:u_gpio/_1450_
	bbox = (130.0500, 541.5500) - (130.1500, 541.6500) on Layer M3
violation type: Short
	srcs: net:u_gpio/_1244_ net:u_gpio/_1349_
	bbox = (130.0500, 541.7500) - (130.1500, 541.8500) on Layer M3
violation type: Short
	srcs: net:_1_ net:u_gpio/_1349_
	bbox = (130.0500, 541.9500) - (130.1500, 542.0500) on Layer M3
violation type: Short
	srcs: net:_1_ net:u_gpio/_1349_
	bbox = (130.0500, 541.9500) - (130.1500, 542.2500) on Layer M3
violation type: Short
	srcs: net:_1_ net:u_gpio/_1349_
	bbox = (130.0500, 542.1500) - (130.1500, 542.2500) on Layer M3
violation type: Short
	srcs: net:u_data_mem/_35539_ net:u_data_mem/_41204_
	bbox = (131.8500, 925.3500) - (131.9500, 925.4500) on Layer M3
violation type: Short
	srcs: net:u_data_mem/_35542_ net:u_data_mem/_35549_
	bbox = (132.4100, 1001.7500) - (132.9300, 1001.8500) on Layer M3
violation type: Short
	srcs: net:u_data_mem/_41050_ net:u_data_mem/_41204_
	bbox = (137.6500, 883.5500) - (137.7500, 883.6500) on Layer M3
violation type: Short
	srcs: net:apb_rdata[14] net:u_gpio/_1007_
	bbox = (139.4500, 513.1500) - (139.5500, 513.2500) on Layer M3
violation type: Short
	srcs: net:apb_rdata[18] net:u_gpio/_1293_
	bbox = (140.0500, 513.5500) - (140.1500, 513.6500) on Layer M3
violation type: Short
	srcs: net:pwdata_sim[5] net:u_gpio/_1329_
	bbox = (140.4500, 505.5500) - (140.5500, 505.6500) on Layer M3
violation type: Short
	srcs: net:u_gpio/_1236_ net:net405
	bbox = (140.6500, 487.7500) - (140.7500, 487.8500) on Layer M3
violation type: Short
	srcs: net:apb_rdata[24] net:u_gpio/rise_en_q[5]
	bbox = (140.6500, 511.5500) - (140.7500, 511.6500) on Layer M3
violation type: Short
	srcs: net:apb_rdata[24] net:u_gpio/rise_en_q[5]
	bbox = (140.6500, 511.5500) - (141.0500, 511.6500) on Layer M3
violation type: Short
	srcs: net:u_gpio/_1281_ net:u_gpio/_1288_
	bbox = (140.6500, 564.3500) - (140.7500, 564.4500) on Layer M3
violation type: Short
	srcs: net:u_data_mem/_41176_ net:u_data_mem/_41204_
	bbox = (140.6500, 883.7500) - (140.7500, 883.8500) on Layer M3
violation type: Short
	srcs: net:u_data_mem/_39677_ net:u_data_mem/_41176_
	bbox = (140.6500, 883.9500) - (140.7500, 884.0500) on Layer M3
violation type: Short
	srcs: net:u_data_mem/_18280_ net:u_data_mem/bank0\[35\][14]
	bbox = (140.8500, 920.5500) - (140.9500, 920.6500) on Layer M3
violation type: Short
	srcs: net:u_data_mem/_18280_ net:u_data_mem/bank0\[35\][14]
	bbox = (140.8500, 920.5500) - (141.0500, 920.6500) on Layer M3
violation type: Short
	srcs: net:_1_ net:u_gpio/_1387_
	bbox = (140.9500, 460.9500) - (141.0500, 461.0500) on Layer M3
violation type: Short
	srcs: net:pwdata_sim[6] net:net382
	bbox = (140.9500, 463.9500) - (141.0500, 464.0500) on Layer M3
violation type: Short
	srcs: net:prdata_gpio_p[31] net:pwdata_sim[6]
	bbox = (140.9500, 464.1500) - (141.0500, 464.2500) on Layer M3
violation type: Short
	srcs: net:u_gpio/data_out_q[6] net:net416
	bbox = (140.9500, 467.7500) - (141.0500, 467.8500) on Layer M3
violation type: Short
	srcs: net:apb_addr[26] net:u_apb/_0200_
	bbox = (140.9500, 503.7500) - (141.0500, 503.8500) on Layer M3
violation type: Short
	srcs: net:apb_rdata[24] net:u_gpio/rise_en_q[5]
	bbox = (140.9500, 511.5500) - (141.0500, 511.6500) on Layer M3
violation type: Short
	srcs: net:u_gpio/_1437_ net:u_gpio/_1438_
	bbox = (140.9500, 558.5500) - (141.0500, 558.6500) on Layer M3
violation type: Short
	srcs: net:u_data_mem/_18280_ net:u_data_mem/bank0\[35\][14]
	bbox = (140.9500, 920.5500) - (141.0500, 920.6500) on Layer M3
violation type: Short
	srcs: net:u_data_mem/_18281_ net:u_data_mem/_41204_
	bbox = (140.9500, 924.9500) - (141.0500, 925.0500) on Layer M3
violation type: Short
	srcs: net:apb_rdata[9] net:u_gpio/_1407_
	bbox = (141.0500, 531.1500) - (141.1500, 531.2500) on Layer M3
violation type: Short
	srcs: net:clk_gpio net:pwdata_sim[14]
	bbox = (141.2500, 440.1500) - (141.3500, 440.2500) on Layer M3
violation type: Short
	srcs: net:u_data_mem/_18283_ net:u_data_mem/_18287_
	bbox = (141.2500, 932.1500) - (141.3500, 932.2500) on Layer M3
violation type: Short
	srcs: net:prdata_gpio_p[24] net:u_gpio/_1292_
	bbox = (141.6100, 461.5500) - (142.1300, 461.6500) on Layer M3
violation type: Short
	srcs: net:u_gpio/_1426_ net:net416
	bbox = (141.8100, 467.5500) - (141.9900, 467.6500) on Layer M3
violation type: Short
	srcs: net:u_gpio/_1426_ net:net416
	bbox = (141.8500, 467.5500) - (141.9500, 467.6500) on Layer M3
violation type: Short
	srcs: net:wb_data_sim[4] net:net154
	bbox = (146.0500, 523.5500) - (146.1500, 523.6500) on Layer M3
violation type: Short
	srcs: net:u_data_mem/_35536_ net:u_data_mem/_41126_
	bbox = (146.2500, 811.5500) - (146.3500, 811.6500) on Layer M3
violation type: Short
	srcs: net:u_gpio/_1236_ net:net405
	bbox = (146.6500, 487.7500) - (146.7500, 487.8500) on Layer M3
violation type: Short
	srcs: net:pwdata_sim[16] net:pwdata_sim[20]
	bbox = (147.0500, 486.3500) - (147.1500, 486.4500) on Layer M3
violation type: Short
	srcs: net:pwdata_sim[8] net:u_gpio/_1557_
	bbox = (147.2500, 460.9500) - (147.3500, 461.0500) on Layer M3
violation type: Short
	srcs: net:wb_data_sim[4] net:net100
	bbox = (147.8500, 523.9500) - (147.9500, 524.0500) on Layer M3
violation type: Short
	srcs: net:u_gpio/_1402_ net:u_gpio/_1429_
	bbox = (150.4500, 568.1500) - (150.5500, 568.2500) on Layer M3
violation type: Short
	srcs: net:prdata_gpio_p[20] net:u_gpio/_1548_
	bbox = (153.2500, 514.7500) - (153.3500, 514.8500) on Layer M3
violation type: Short
	srcs: net:paddr_sim[10] net:u_gpio/_1548_
	bbox = (153.2500, 515.1500) - (153.3500, 515.2500) on Layer M3
violation type: Short
	srcs: net:paddr_sim[23] net:u_gpio/_1223_
	bbox = (154.0500, 528.9500) - (154.1500, 529.0500) on Layer M3
violation type: Short
	srcs: net:u_data_mem/_18327_ net:u_data_mem/_41235_
	bbox = (154.8500, 631.5500) - (154.9500, 631.6500) on Layer M3
violation type: Short
	srcs: net:u_data_mem/_18328_ net:u_data_mem/_39834_
	bbox = (155.2500, 673.3500) - (155.3500, 673.4500) on Layer M3
violation type: Short
	srcs: net:u_gpio/_1395_ net:net67
	bbox = (161.0100, 542.3500) - (161.5300, 542.4500) on Layer M3
violation type: Short
	srcs: net:apb_rdata[7] net:u_apb/_0328_
	bbox = (161.4500, 527.7500) - (161.5500, 527.8500) on Layer M3
violation type: Short
	srcs: net:apb_rdata[7] net:u_apb/_0328_
	bbox = (161.4500, 527.7500) - (161.7500, 527.8500) on Layer M3
violation type: Short
	srcs: net:apb_rdata[26] net:u_gpio/_1443_
	bbox = (161.4500, 545.3500) - (161.5500, 545.4500) on Layer M3
violation type: Short
	srcs: net:apb_rdata[7] net:u_apb/_0328_
	bbox = (161.6500, 527.7500) - (161.7500, 527.8500) on Layer M3
violation type: Short
	srcs: net:mem_wdata[21] net:u_data_mem/_18321_
	bbox = (161.8500, 637.5500) - (161.9500, 637.6500) on Layer M3
violation type: Short
	srcs: net:u_gpio/_1438_ net:u_gpio/int_enable_q[23]
	bbox = (161.9500, 559.9500) - (162.0500, 560.0500) on Layer M3
violation type: Short
	srcs: net:u_gpio/int_enable_q[23] net:net65
	bbox = (161.9500, 560.1500) - (162.0500, 560.2500) on Layer M3
violation type: Short
	srcs: net:rst net:u_data_mem/_18320_
	bbox = (161.9500, 627.3500) - (162.0500, 627.4500) on Layer M3
violation type: Short
	srcs: net:u_data_mem/_18326_ net:u_data_mem/_36557_
	bbox = (161.9500, 683.3500) - (162.0500, 683.4500) on Layer M3
violation type: Short
	srcs: net:u_data_mem/_37425_ net:u_data_mem/_40228_
	bbox = (161.9500, 951.9500) - (162.0500, 952.0500) on Layer M3
violation type: Short
	srcs: net:u_data_mem/_37425_ net:u_data_mem/_40228_
	bbox = (161.9500, 951.9500) - (162.5500, 952.0500) on Layer M3
violation type: Short
	srcs: net:mem_wdata[11] net:u_data_mem/_18331_
	bbox = (162.0500, 728.7500) - (162.1500, 728.8500) on Layer M3
violation type: Short
	srcs: net:pwdata_sim[2] net:u_gpio/_1244_
	bbox = (162.4500, 450.9500) - (162.5500, 451.0500) on Layer M3
violation type: Short
	srcs: net:u_data_mem/_37425_ net:u_data_mem/_40228_
	bbox = (162.4500, 951.9500) - (162.5500, 952.0500) on Layer M3
violation type: Short
	srcs: net:u_gpio/_1265_ net:u_gpio/_1440_
	bbox = (163.0500, 514.3500) - (163.1500, 514.4500) on Layer M3
violation type: Short
	srcs: net:u_data_mem/_23997_ net:u_data_mem/_41241_
	bbox = (163.8500, 600.9500) - (163.9500, 601.0500) on Layer M3
violation type: Short
	srcs: net:u_data_mem/_18195_ net:u_data_mem/_25496_
	bbox = (164.8500, 843.9500) - (164.9500, 844.0500) on Layer M3
violation type: Short
	srcs: net:pwdata_sim[16] net:u_gpio/_1234_
	bbox = (165.0100, 486.3500) - (165.1900, 486.4500) on Layer M3
violation type: Short
	srcs: net:pwdata_sim[16] net:u_gpio/_1234_
	bbox = (165.0500, 486.3500) - (165.1500, 486.4500) on Layer M3
violation type: Short
	srcs: net:u_gpio/_1226_ net:u_gpio/_1235_
	bbox = (165.8500, 486.1500) - (165.9500, 486.2500) on Layer M3
violation type: Short
	srcs: net:pwdata_sim[16] net:u_gpio/_1226_
	bbox = (165.8500, 486.3500) - (165.9500, 486.4500) on Layer M3
violation type: Short
	srcs: net:u_data_mem/_22615_ net:u_data_mem/_36604_
	bbox = (167.6500, 901.5500) - (167.7500, 901.6500) on Layer M3
violation type: Short
	srcs: net:mem_wdata[4] net:u_data_mem/_36608_
	bbox = (169.4500, 856.5500) - (169.5500, 856.6500) on Layer M3
violation type: Short
	srcs: net:prdata_gpio_p[26] net:net961
	bbox = (169.6500, 551.1500) - (169.7500, 551.2500) on Layer M3
violation type: Short
	srcs: net:u_gpio/_1431_ net:u_gpio/int_enable_q[13]
	bbox = (169.8100, 450.3500) - (169.9900, 450.4500) on Layer M3
violation type: Short
	srcs: net:u_gpio/_1431_ net:u_gpio/int_enable_q[13]
	bbox = (169.8500, 450.3500) - (169.9500, 450.4500) on Layer M3
violation type: Short
	srcs: net:u_gpio/_1244_ net:u_gpio/_1431_
	bbox = (170.2100, 450.3500) - (170.3500, 450.4500) on Layer M3
violation type: Short
	srcs: net:u_gpio/_1244_ net:u_gpio/_1431_
	bbox = (170.2500, 450.3500) - (170.3500, 450.4500) on Layer M3
violation type: Short
	srcs: net:u_data_mem/_18279_ net:u_data_mem/_37087_
	bbox = (173.6500, 933.5500) - (173.7500, 933.6500) on Layer M3
violation type: Short
	srcs: net:u_data_mem/_35864_ net:u_data_mem/_41238_
	bbox = (173.8500, 620.7500) - (173.9500, 620.8500) on Layer M3
violation type: Short
	srcs: net:mem_wdata[7] net:u_data_mem/_35539_
	bbox = (176.0500, 861.7500) - (176.1500, 861.8500) on Layer M3
violation type: Short
	srcs: net:u_data_mem/_41179_ net:u_data_mem/_41186_
	bbox = (176.2500, 756.1500) - (176.3500, 756.2500) on Layer M3
violation type: Short
	srcs: net:mem_wdata[11] net:u_data_mem/bank0\[56\][11]
	bbox = (176.6500, 775.3500) - (176.7500, 775.4500) on Layer M3
violation type: Short
	srcs: net:u_data_mem/_20008_ net:u_data_mem/_35552_
	bbox = (176.6500, 865.9500) - (176.7500, 866.0500) on Layer M3
violation type: Short
	srcs: net:u_data_mem/_20008_ net:u_data_mem/_35552_
	bbox = (176.6500, 865.9500) - (176.9500, 866.0500) on Layer M3
violation type: Short
	srcs: net:apb_rdata[20] net:pwdata_gpio_p[2]
	bbox = (176.8500, 514.3500) - (176.9500, 514.4500) on Layer M3
violation type: Short
	srcs: net:u_data_mem/_20008_ net:u_data_mem/_35552_
	bbox = (176.8500, 865.9500) - (176.9500, 866.0500) on Layer M3
violation type: Short
	srcs: net:u_data_mem/_38599_ net:clknet_10_696__leaf_clk
	bbox = (178.4500, 957.5500) - (178.5500, 957.6500) on Layer M3
violation type: Short
	srcs: net:u_data_mem/_39262_ net:u_data_mem/_40786_
	bbox = (180.2500, 916.1500) - (180.3500, 916.2500) on Layer M3
violation type: Short
	srcs: net:paddr_sim[8] net:u_gpio/_0879_
	bbox = (181.0500, 514.9500) - (181.1500, 515.0500) on Layer M3
violation type: Short
	srcs: net:clknet_10_568__leaf_clk net:net1384
	bbox = (181.4500, 586.7500) - (181.5500, 586.8500) on Layer M3
violation type: Short
	srcs: net:u_data_mem/_35551_ net:u_data_mem/_41157_
	bbox = (182.0500, 727.3500) - (182.1500, 727.4500) on Layer M3
violation type: Short
	srcs: net:mem_wdata[30] net:u_data_mem/_35674_
	bbox = (182.2500, 612.3500) - (182.3500, 612.4500) on Layer M3
violation type: Short
	srcs: net:mem_wdata[22] net:u_data_mem/_38483_
	bbox = (182.6500, 703.9500) - (182.7500, 704.0500) on Layer M3
violation type: Short
	srcs: net:u_data_mem/_37812_ net:clknet_10_665__leaf_clk
	bbox = (182.6500, 820.9500) - (182.7500, 821.0500) on Layer M3
violation type: Short
	srcs: net:u_riscv_top/multiplier/_08471_ net:u_riscv_top/multiplier/_09452_
	bbox = (182.8500, 371.1500) - (182.9500, 371.2500) on Layer M3
violation type: Short
	srcs: net:u_data_mem/_35542_ net:u_data_mem/_41249_
	bbox = (182.8500, 604.9500) - (182.9500, 605.0500) on Layer M3
violation type: Short
	srcs: net:mem_wdata[17] net:u_data_mem/_18279_
	bbox = (182.8500, 934.3500) - (182.9500, 934.4500) on Layer M3
violation type: Short
	srcs: net:pwdata_sim[5] net:u_gpio/_1314_
	bbox = (182.9500, 505.5500) - (183.0500, 505.6500) on Layer M3
violation type: Short
	srcs: net:apb_rdata[14] net:clk_gpio
	bbox = (182.9500, 513.1500) - (183.0500, 513.2500) on Layer M3
violation type: Short
	srcs: net:apb_rdata[18] net:clk_gpio
	bbox = (182.9500, 513.3500) - (183.0500, 513.4500) on Layer M3
violation type: Short
	srcs: net:clk_gpio net:net81
	bbox = (182.9500, 513.5500) - (183.0500, 513.6500) on Layer M3
violation type: Short
	srcs: net:apb_rdata[20] net:pwdata_sim[27]
	bbox = (182.9500, 514.3500) - (183.0500, 514.4500) on Layer M3
violation type: Short
	srcs: net:u_gpio/_1384_ net:u_gpio/_1395_
	bbox = (182.9500, 544.9500) - (183.0500, 545.0500) on Layer M3
violation type: Short
	srcs: net:u_gpio/_1384_ net:u_gpio/_1395_
	bbox = (182.9500, 544.9500) - (183.0500, 545.2500) on Layer M3
violation type: Short
	srcs: net:u_gpio/_1384_ net:u_gpio/_1395_
	bbox = (182.9500, 545.1500) - (183.0500, 545.2500) on Layer M3
violation type: Short
	srcs: net:u_data_mem/_35536_ net:u_data_mem/_41249_
	bbox = (182.9500, 682.7500) - (183.0500, 682.8500) on Layer M3
violation type: Short
	srcs: net:u_data_mem/_35546_ net:u_data_mem/_41249_
	bbox = (182.9500, 683.1500) - (183.0500, 683.2500) on Layer M3
violation type: Short
	srcs: net:u_data_mem/_36600_ net:u_data_mem/_41182_
	bbox = (182.9500, 856.9500) - (183.0500, 857.0500) on Layer M3
violation type: Short
	srcs: net:mem_wdata[28] net:u_data_mem/_40224_
	bbox = (182.9500, 860.1500) - (183.0500, 860.2500) on Layer M3
violation type: Short
	srcs: net:u_data_mem/_22882_ net:u_data_mem/_39979_
	bbox = (182.9500, 928.5500) - (183.0500, 928.6500) on Layer M3
violation type: Short
	srcs: net:u_data_mem/_18178_ net:u_data_mem/_18299_
	bbox = (183.0495, 787.3500) - (183.0505, 787.4500) on Layer M3
violation type: Short
	srcs: net:mem_wdata[28] net:u_data_mem/_40224_
	bbox = (183.0495, 859.9500) - (183.0505, 860.0500) on Layer M3
violation type: Short
	srcs: net:mem_wdata[28] net:u_data_mem/_40224_
	bbox = (183.0495, 859.9500) - (183.0505, 860.2500) on Layer M3
violation type: Short
	srcs: net:u_data_mem/_18178_ net:u_data_mem/_41177_
	bbox = (183.0500, 787.1500) - (183.1500, 787.2500) on Layer M3
violation type: Short
	srcs: net:mem_wdata[29] net:u_data_mem/_40960_
	bbox = (183.0500, 806.1500) - (183.1500, 806.2500) on Layer M3
violation type: Short
	srcs: net:u_riscv_top/h2[28] net:u_riscv_top/u_bridge_core_to_mult/_102_
	bbox = (183.2500, 388.5500) - (183.3500, 388.6500) on Layer M3
violation type: Short
	srcs: net:u_data_mem/_35531_ net:u_data_mem/_41232_
	bbox = (183.2500, 812.3500) - (183.3500, 812.4500) on Layer M3
violation type: Short
	srcs: net:mem_wdata[20] net:u_gpio/sync_ff2[3]
	bbox = (183.6500, 519.9500) - (183.7500, 520.0500) on Layer M3
violation type: Short
	srcs: net:paddr_sim[10] net:paddr_sim[8]
	bbox = (184.2500, 515.3500) - (184.3500, 515.4500) on Layer M3
violation type: Short
	srcs: net:u_data_mem/_22810_ net:u_data_mem/_41176_
	bbox = (184.2500, 910.9500) - (184.3500, 911.0500) on Layer M3
violation type: Short
	srcs: net:u_data_mem/_18284_ net:u_data_mem/_35532_
	bbox = (184.8500, 883.3500) - (184.9500, 883.4500) on Layer M3
violation type: Short
	srcs: net:u_data_mem/_26065_ net:u_data_mem/_35549_
	bbox = (189.6500, 645.9500) - (189.7500, 646.0500) on Layer M3
violation type: Short
	srcs: net:u_data_mem/_41128_ net:u_data_mem/_41242_
	bbox = (191.0500, 820.5500) - (191.1500, 820.6500) on Layer M3
violation type: Short
	srcs: net:mem_wdata[4] net:u_data_mem/_36608_
	bbox = (191.0500, 856.5500) - (191.1500, 856.6500) on Layer M3
violation type: Short
	srcs: net:u_data_mem/_23288_ net:u_data_mem/_39254_
	bbox = (192.6500, 813.7500) - (192.7500, 813.8500) on Layer M3
violation type: Short
	srcs: net:u_data_mem/_22685_ net:u_data_mem/_39677_
	bbox = (193.6500, 883.9500) - (193.7500, 884.0500) on Layer M3
violation type: Short
	srcs: net:u_data_mem/_36075_ net:u_data_mem/_40788_
	bbox = (194.2500, 918.3500) - (194.3500, 918.4500) on Layer M3
violation type: Short
	srcs: net:u_data_mem/_35601_ net:u_data_mem/_38736_
	bbox = (194.6500, 672.9500) - (194.7500, 673.0500) on Layer M3
violation type: Short
	srcs: net:u_data_mem/_36600_ net:u_data_mem/_36608_
	bbox = (194.6500, 856.9500) - (194.7500, 857.0500) on Layer M3
violation type: Short
	srcs: net:u_data_mem/_37091_ net:u_data_mem/_41193_
	bbox = (197.2500, 810.9500) - (197.3500, 811.0500) on Layer M3
violation type: Short
	srcs: net:u_data_mem/_38670_ net:u_data_mem/_41174_
	bbox = (197.2500, 888.9500) - (197.3500, 889.0500) on Layer M3
violation type: Short
	srcs: net:u_data_mem/_41242_ net:u_data_mem/bank0\[4\][18]
	bbox = (197.4500, 820.5500) - (197.5500, 820.6500) on Layer M3
violation type: Short
	srcs: net:u_data_mem/_41242_ net:u_data_mem/bank0\[4\][18]
	bbox = (197.4500, 820.5500) - (197.9500, 820.6500) on Layer M3
violation type: Short
	srcs: net:u_data_mem/_41242_ net:u_data_mem/bank0\[4\][18]
	bbox = (197.8500, 820.5500) - (197.9500, 820.6500) on Layer M3
violation type: Short
	srcs: net:mem_wdata[30] net:u_data_mem/_41216_
	bbox = (199.6500, 775.7500) - (199.7500, 775.8500) on Layer M3
violation type: Short
	srcs: net:mem_wdata[1] net:u_data_mem/_41243_
	bbox = (203.6500, 649.9500) - (203.7500, 650.0500) on Layer M3
violation type: Short
	srcs: net:mem_wdata[24] net:u_data_mem/_36632_
	bbox = (203.8500, 837.9500) - (203.9500, 838.0500) on Layer M3
violation type: Short
	srcs: net:u_data_mem/_35531_ net:u_data_mem/_36632_
	bbox = (203.8500, 838.1500) - (203.9500, 838.2500) on Layer M3
violation type: Short
	srcs: net:u_data_mem/_23293_ net:u_data_mem/_36928_
	bbox = (203.9500, 829.5500) - (204.0500, 829.6500) on Layer M3
violation type: Short
	srcs: net:mem_addr[2] net:u_data_mem/_23293_
	bbox = (204.0100, 829.3500) - (204.0500, 829.4500) on Layer M3
violation type: Short
	srcs: net:u_data_mem/_18327_ net:u_data_mem/_37074_
	bbox = (204.0500, 688.7500) - (204.1500, 688.8500) on Layer M3
violation type: Short
	srcs: net:mem_addr[0] net:u_data_mem/_23610_
	bbox = (204.4100, 583.9500) - (204.9300, 584.0500) on Layer M3
violation type: Short
	srcs: net:u_data_mem/_36941_ net:u_data_mem/_40796_
	bbox = (205.2500, 827.7500) - (205.3500, 827.8500) on Layer M3
violation type: Short
	srcs: net:u_data_mem/_35532_ net:u_data_mem/bank1\[16\][4]
	bbox = (205.6500, 658.5500) - (205.7500, 658.6500) on Layer M3
violation type: Short
	srcs: net:u_data_mem/_36075_ net:u_data_mem/_40788_
	bbox = (206.2500, 918.1500) - (206.3500, 918.2500) on Layer M3
violation type: Short
	srcs: net:u_data_mem/_36075_ net:u_data_mem/_40788_
	bbox = (206.2500, 918.1500) - (206.5500, 918.2500) on Layer M3
violation type: Short
	srcs: net:u_data_mem/_36075_ net:u_data_mem/_40788_
	bbox = (206.4500, 918.1500) - (206.5500, 918.2500) on Layer M3
violation type: Short
	srcs: net:u_data_mem/_36075_ net:u_data_mem/_40788_
	bbox = (208.0500, 918.3500) - (208.1500, 918.4500) on Layer M3
violation type: Short
	srcs: net:u_data_mem/_23331_ net:u_data_mem/_35539_
	bbox = (208.4500, 838.5500) - (208.5500, 838.6500) on Layer M3
violation type: Short
	srcs: net:u_data_mem/_19771_ net:u_data_mem/_40538_
	bbox = (209.2100, 854.5500) - (209.3900, 854.6500) on Layer M3
violation type: Short
	srcs: net:u_data_mem/_19771_ net:u_data_mem/_40538_
	bbox = (209.2500, 854.5500) - (209.3500, 854.6500) on Layer M3
violation type: Short
	srcs: net:u_data_mem/_35543_ net:u_data_mem/_35552_
	bbox = (210.6500, 777.9500) - (210.7500, 778.0500) on Layer M3
violation type: Short
	srcs: net:rst net:net420
	bbox = (211.0500, 466.3500) - (211.1500, 466.4500) on Layer M3
violation type: Short
	srcs: net:u_data_mem/_35542_ net:u_data_mem/_41163_
	bbox = (211.6500, 604.5500) - (211.7500, 604.6500) on Layer M3
violation type: Short
	srcs: net:u_data_mem/_36075_ net:u_data_mem/_40788_
	bbox = (211.8500, 918.1500) - (211.9500, 918.2500) on Layer M3
violation type: Short
	srcs: net:u_data_mem/_24093_ net:u_data_mem/_35532_
	bbox = (212.6500, 658.5500) - (212.7500, 658.6500) on Layer M3
violation type: Short
	srcs: net:u_data_mem/_38385_ net:u_data_mem/_38394_
	bbox = (213.0500, 879.9500) - (213.1500, 880.0500) on Layer M3
violation type: Short
	srcs: net:mem_wdata[18] net:u_data_mem/_37425_
	bbox = (213.0500, 951.9500) - (213.1500, 952.0500) on Layer M3
violation type: Short
	srcs: net:mem_wdata[15] net:u_data_mem/_35549_
	bbox = (214.2500, 613.9500) - (214.3500, 614.0500) on Layer M3
violation type: Short
	srcs: net:pwdata_sim[2] net:u_riscv_top/rst_md_n
	bbox = (215.8500, 451.1500) - (215.9500, 451.2500) on Layer M3
violation type: Short
	srcs: net:apb_wdata[15] net:net1192
	bbox = (217.8500, 460.5500) - (217.9500, 460.6500) on Layer M3
violation type: Short
	srcs: net:mem_wdata[10] net:u_data_mem/_39677_
	bbox = (217.8500, 883.7500) - (217.9500, 883.8500) on Layer M3
violation type: Short
	srcs: net:u_data_mem/_18306_ net:u_data_mem/_36705_
	bbox = (218.2100, 605.1500) - (218.3900, 605.2500) on Layer M3
violation type: Short
	srcs: net:u_data_mem/_18306_ net:u_data_mem/_36705_
	bbox = (218.2500, 605.1500) - (218.3500, 605.2500) on Layer M3
violation type: Short
	srcs: net:u_data_mem/_36075_ net:u_data_mem/_40788_
	bbox = (218.8500, 918.1500) - (218.9500, 918.2500) on Layer M3
violation type: Short
	srcs: net:u_riscv_top/multiplier/_08187_ net:u_riscv_top/multiplier/_08786_
	bbox = (219.8500, 348.9500) - (219.9500, 349.0500) on Layer M3
violation type: Short
	srcs: net:u_data_mem/_18190_ net:u_data_mem/_37704_
	bbox = (219.8500, 948.7500) - (219.9500, 948.8500) on Layer M3
violation type: Short
	srcs: net:u_data_mem/_35538_ net:u_data_mem/_37096_
	bbox = (220.8500, 812.1500) - (220.9500, 812.2500) on Layer M3
violation type: Short
	srcs: net:u_riscv_top/multiplier/_07769_ net:clknet_10_139__leaf_clk
	bbox = (221.0500, 380.5500) - (221.1500, 380.6500) on Layer M3
violation type: Short
	srcs: net:u_data_mem/_35539_ net:u_data_mem/_41086_
	bbox = (224.2500, 927.5500) - (224.3500, 927.6500) on Layer M3
violation type: Short
	srcs: net:u_data_mem/_35546_ net:u_data_mem/_37417_
	bbox = (224.6500, 646.9500) - (224.7500, 647.0500) on Layer M3
violation type: Short
	srcs: net:mem_wdata[17] net:u_data_mem/_41133_
	bbox = (224.8500, 934.3500) - (224.9500, 934.4500) on Layer M3
violation type: Short
	srcs: net:u_data_mem/_37087_ net:u_data_mem/_41133_
	bbox = (224.9495, 934.1500) - (224.9505, 934.2500) on Layer M3
violation type: Short
	srcs: net:u_data_mem/_37087_ net:u_data_mem/_41133_
	bbox = (224.9495, 934.1500) - (224.9505, 934.6500) on Layer M3
violation type: Short
	srcs: net:u_riscv_top/multiplier/_07791_ net:u_riscv_top/multiplier/_09509_
	bbox = (224.9500, 216.3500) - (225.0500, 216.4500) on Layer M3
violation type: Short
	srcs: net:u_riscv_top/multiplier/_09509_ net:u_riscv_top/multiplier/_10295_
	bbox = (224.9500, 216.5500) - (225.0500, 216.6500) on Layer M3
violation type: Short
	srcs: net:mem_wdata[15] net:rst
	bbox = (224.9500, 460.7500) - (225.0500, 460.8500) on Layer M3
violation type: Short
	srcs: net:u_data_mem/_35549_ net:u_data_mem/_41166_
	bbox = (224.9500, 475.9500) - (225.0500, 476.0500) on Layer M3
violation type: Short
	srcs: net:u_data_mem/_35546_ net:u_data_mem/_41166_
	bbox = (224.9500, 476.1500) - (225.0500, 476.2500) on Layer M3
violation type: Short
	srcs: net:u_data_mem/_18306_ net:u_data_mem/_41163_
	bbox = (224.9500, 479.7500) - (225.0500, 479.8500) on Layer M3
violation type: Short
	srcs: net:apb_addr[17] net:paddr_sim[1]
	bbox = (224.9500, 496.3500) - (225.0500, 496.4500) on Layer M3
violation type: Short
	srcs: net:mem_addr[2] net:net1992
	bbox = (224.9500, 582.7500) - (225.0500, 582.8500) on Layer M3
violation type: Short
	srcs: net:u_data_mem/_37091_ net:u_data_mem/_41067_
	bbox = (224.9500, 811.3500) - (225.0500, 811.4500) on Layer M3
violation type: Short
	srcs: net:u_data_mem/_41006_ net:u_data_mem/_41067_
	bbox = (224.9500, 811.5500) - (225.0500, 811.6500) on Layer M3
violation type: Short
	srcs: net:mem_wdata[17] net:u_data_mem/_37087_
	bbox = (224.9500, 934.3500) - (225.0500, 934.4500) on Layer M3
violation type: Short
	srcs: net:u_data_mem/_37087_ net:u_data_mem/_41133_
	bbox = (224.9500, 934.5500) - (225.0500, 934.6500) on Layer M3
violation type: Short
	srcs: net:u_data_mem/_40939_ net:u_data_mem/_41084_
	bbox = (224.9500, 955.5500) - (225.0500, 955.6500) on Layer M3
violation type: Short
	srcs: net:apb_addr[19] net:u_data_mem/_18311_
	bbox = (225.2500, 525.3500) - (225.3500, 525.4500) on Layer M3
violation type: Short
	srcs: net:apb_addr[19] net:apb_rdata[4]
	bbox = (225.2500, 525.7500) - (225.3500, 525.8500) on Layer M3
violation type: Short
	srcs: net:u_data_mem/_40992_ net:u_data_mem/_41042_
	bbox = (225.2500, 756.1500) - (225.3500, 756.2500) on Layer M3
violation type: Short
	srcs: net:u_data_mem/_35592_ net:u_data_mem/_41042_
	bbox = (225.2500, 756.3500) - (225.3500, 756.4500) on Layer M3
violation type: Short
	srcs: net:u_data_mem/_41092_ net:u_data_mem/_41237_
	bbox = (225.2500, 926.5500) - (225.3500, 926.6500) on Layer M3
violation type: Short
	srcs: net:u_data_mem/_35538_ net:u_data_mem/_37096_
	bbox = (225.6500, 812.1500) - (225.7500, 812.2500) on Layer M3
violation type: Short
	srcs: net:mem_addr[2] net:paddr_sim[16]
	bbox = (225.8500, 582.7500) - (225.9500, 582.8500) on Layer M3
violation type: Short
	srcs: net:u_data_mem/_35536_ net:u_data_mem/_38752_
	bbox = (226.0700, 584.1500) - (226.1500, 584.2500) on Layer M3
violation type: Short
	srcs: net:u_data_mem/_35536_ net:u_data_mem/_38752_
	bbox = (226.0700, 584.1500) - (226.1900, 584.2500) on Layer M3
violation type: Short
	srcs: net:u_data_mem/_41216_ net:u_data_mem/bank0\[57\][20]
	bbox = (227.2500, 762.9500) - (227.3500, 763.0500) on Layer M3
violation type: Short
	srcs: net:u_data_mem/_35674_ net:u_data_mem/_35692_
	bbox = (228.2500, 613.3500) - (228.3500, 613.4500) on Layer M3
violation type: Short
	srcs: net:u_riscv_top/multiplier/_09452_ net:u_riscv_top/multiplier/_10281_
	bbox = (229.8500, 323.7500) - (229.9500, 323.8500) on Layer M3
violation type: Short
	srcs: net:mem_wdata[19] net:u_data_mem/_18269_
	bbox = (230.9500, 852.9500) - (231.0500, 853.0500) on Layer M3
violation type: Short
	srcs: net:u_data_mem/_35544_ net:u_data_mem/_37460_
	bbox = (233.0500, 820.3500) - (233.1500, 820.4500) on Layer M3
violation type: Short
	srcs: net:mem_wdata[0] net:u_data_mem/_41188_
	bbox = (233.6100, 646.9500) - (234.1300, 647.0500) on Layer M3
violation type: Short
	srcs: net:u_data_mem/_40524_ net:u_data_mem/_40552_
	bbox = (233.6500, 853.7500) - (233.7500, 853.8500) on Layer M3
violation type: Short
	srcs: net:u_data_mem/_25208_ net:u_data_mem/_35532_
	bbox = (234.4500, 658.5500) - (234.5500, 658.6500) on Layer M3
violation type: Short
	srcs: net:u_data_mem/_22243_ net:u_data_mem/_40985_
	bbox = (234.8500, 871.3500) - (234.9500, 871.4500) on Layer M3
violation type: Short
	srcs: net:mem_addr[0] net:u_data_mem/_41225_
	bbox = (237.0500, 665.5500) - (237.1500, 665.6500) on Layer M3
violation type: Short
	srcs: net:u_data_mem/_22326_ net:u_data_mem/_38394_
	bbox = (239.0500, 879.9500) - (239.1500, 880.0500) on Layer M3
violation type: Short
	srcs: net:u_data_mem/_34915_ net:u_data_mem/_40976_
	bbox = (239.8500, 694.5500) - (239.9500, 694.6500) on Layer M3
violation type: Short
	srcs: net:u_data_mem/_37091_ net:u_data_mem/_37096_
	bbox = (239.8500, 811.9500) - (239.9500, 812.0500) on Layer M3
violation type: Short
	srcs: net:u_data_mem/_40982_ net:u_data_mem/_41262_
	bbox = (240.0500, 595.1500) - (240.1500, 595.2500) on Layer M3
violation type: Short
	srcs: net:u_data_mem/_40982_ net:u_data_mem/_41262_
	bbox = (240.0500, 595.1500) - (240.3500, 595.2500) on Layer M3
violation type: Short
	srcs: net:u_riscv_top/multiplier/_07890_ net:u_riscv_top/multiplier/_10362_
	bbox = (240.2500, 367.5500) - (240.3500, 367.6500) on Layer M3
violation type: Short
	srcs: net:u_data_mem/_40982_ net:u_data_mem/_41262_
	bbox = (240.2500, 595.1500) - (240.3500, 595.2500) on Layer M3
violation type: Short
	srcs: net:u_data_mem/_36138_ net:u_data_mem/bank1\[60\][27]
	bbox = (240.4500, 687.1500) - (240.5500, 687.2500) on Layer M3
violation type: Short
	srcs: net:riscv_addr[10] net:u_riscv_top/u_bridge_core_to_mult/_348_
	bbox = (240.6500, 456.7500) - (240.7500, 456.8500) on Layer M3
violation type: Short
	srcs: net:mem_wdata[0] net:u_data_mem/_38754_
	bbox = (241.0500, 645.9500) - (241.1500, 646.0500) on Layer M3
violation type: Short
	srcs: net:u_data_mem/_25176_ net:u_data_mem/_38650_
	bbox = (241.0500, 712.9500) - (241.1500, 713.0500) on Layer M3
violation type: Short
	srcs: net:u_riscv_top/multiplier/_09947_ net:u_riscv_top/multiplier/_10281_
	bbox = (241.2500, 322.3500) - (241.3500, 322.4500) on Layer M3
violation type: Short
	srcs: net:u_data_mem/_34916_ net:u_data_mem/_40976_
	bbox = (241.4500, 694.5500) - (241.5500, 694.6500) on Layer M3
violation type: Short
	srcs: net:u_data_mem/_38394_ net:clknet_10_744__leaf_clk
	bbox = (241.4500, 880.1500) - (241.5500, 880.2500) on Layer M3
violation type: Short
	srcs: net:u_data_mem/_38185_ net:u_data_mem/_39882_
	bbox = (241.4500, 881.7500) - (241.5500, 881.8500) on Layer M3
violation type: Short
	srcs: net:u_data_mem/_41235_ net:u_data_mem/_41249_
	bbox = (241.6500, 673.3500) - (241.7500, 673.4500) on Layer M3
violation type: Short
	srcs: net:mem_wdata[16] net:u_data_mem/_38007_
	bbox = (243.2500, 748.5500) - (243.3500, 748.6500) on Layer M3
violation type: Short
	srcs: net:mem_addr[2] net:u_data_mem/_18311_
	bbox = (243.8500, 582.7500) - (243.9500, 582.8500) on Layer M3
violation type: Short
	srcs: net:mem_wdata[1] net:u_data_mem/_18362_
	bbox = (244.6500, 649.5500) - (244.7500, 649.6500) on Layer M3
violation type: Short
	srcs: net:u_data_mem/_18194_ net:u_data_mem/_35536_
	bbox = (245.2500, 764.1500) - (245.3500, 764.2500) on Layer M3
violation type: Short
	srcs: net:u_data_mem/_35534_ net:u_data_mem/_35894_
	bbox = (245.4500, 943.5500) - (245.5500, 943.6500) on Layer M3
violation type: Short
	srcs: net:u_data_mem/_35544_ net:u_data_mem/_35546_
	bbox = (245.6500, 476.3500) - (245.7500, 476.4500) on Layer M3
violation type: Short
	srcs: net:apb_addr[29] net:mem_wdata[21]
	bbox = (245.6500, 535.7500) - (245.7500, 535.8500) on Layer M3
violation type: Short
	srcs: net:u_data_mem/_35532_ net:u_data_mem/_39632_
	bbox = (245.6500, 658.5500) - (245.7500, 658.6500) on Layer M3
violation type: Short
	srcs: net:u_data_mem/_41225_ net:u_data_mem/bank1\[57\][7]
	bbox = (245.6500, 665.7500) - (245.7500, 665.8500) on Layer M3
violation type: Short
	srcs: net:u_data_mem/_35635_ net:u_data_mem/_40979_
	bbox = (245.6500, 864.3500) - (245.7500, 864.4500) on Layer M3
violation type: Short
	srcs: net:u_data_mem/_35539_ net:u_data_mem/_38717_
	bbox = (245.8500, 847.3500) - (245.9500, 847.4500) on Layer M3
violation type: Short
	srcs: net:u_riscv_top/multiplier/_08099_ net:u_riscv_top/multiplier/_08132_
	bbox = (245.9495, 244.1500) - (245.9505, 244.2500) on Layer M3
violation type: Short
	srcs: net:u_riscv_top/multiplier/_10334_ net:u_riscv_top/multiplier/_10375_
	bbox = (245.9500, 243.3500) - (246.0500, 243.4500) on Layer M3
violation type: Short
	srcs: net:u_riscv_top/multiplier/_08187_ net:u_riscv_top/multiplier/_10362_
	bbox = (245.9500, 367.5500) - (246.0500, 367.6500) on Layer M3
violation type: Short
	srcs: net:u_data_mem/_35533_ net:u_data_mem/_40971_
	bbox = (245.9500, 768.7500) - (246.0500, 768.8500) on Layer M3
violation type: Short
	srcs: net:u_data_mem/_18199_ net:u_data_mem/_35544_
	bbox = (245.9500, 1014.9500) - (246.0500, 1015.0500) on Layer M3
violation type: Short
	srcs: net:u_riscv_top/multiplier/_10346_ net:u_riscv_top/multiplier/_10350_
	bbox = (246.0500, 214.3500) - (246.1500, 214.4500) on Layer M3
violation type: Short
	srcs: net:u_riscv_top/multiplier/_07148_ net:u_riscv_top/multiplier/_10011_
	bbox = (246.0500, 276.7500) - (246.1500, 276.8500) on Layer M3
violation type: Short
	srcs: net:u_riscv_top/multiplier/_06890_ net:u_riscv_top/multiplier/_09947_
	bbox = (246.0500, 322.3500) - (246.1500, 322.4500) on Layer M3
violation type: Short
	srcs: net:u_data_mem/_36679_ net:u_data_mem/_36708_
	bbox = (246.0500, 701.5500) - (246.1500, 701.6500) on Layer M3
violation type: Short
	srcs: net:u_riscv_top/multiplier/_08187_ net:u_riscv_top/multiplier/_10362_
	bbox = (246.2500, 367.3500) - (246.3500, 367.4500) on Layer M3
violation type: Short
	srcs: net:u_data_mem/_38271_ net:u_data_mem/_40982_
	bbox = (246.2500, 595.7500) - (246.3500, 595.8500) on Layer M3
violation type: Short
	srcs: net:u_data_mem/_25380_ net:u_data_mem/_41218_
	bbox = (246.2500, 781.3500) - (246.3500, 781.4500) on Layer M3
violation type: Short
	srcs: net:u_data_mem/_35894_ net:u_data_mem/_41237_
	bbox = (247.4500, 942.7500) - (247.5500, 942.8500) on Layer M3
violation type: Short
	srcs: net:u_riscv_top/multiplier/_08264_ net:u_riscv_top/multiplier/_08471_
	bbox = (247.8500, 286.1500) - (247.9500, 286.2500) on Layer M3
violation type: Short
	srcs: net:u_data_mem/_35533_ net:u_data_mem/_35544_
	bbox = (250.0100, 603.9500) - (250.5300, 604.0500) on Layer M3
violation type: Short
	srcs: net:u_data_mem/_18306_ net:u_data_mem/_39141_
	bbox = (250.6500, 505.5500) - (250.7500, 505.6500) on Layer M3
violation type: Short
	srcs: net:u_data_mem/_37643_ net:u_data_mem/_41227_
	bbox = (250.6500, 663.7500) - (250.7500, 663.8500) on Layer M3
violation type: Short
	srcs: net:mem_wdata[8] net:u_riscv_top/h2[9]
	bbox = (251.0500, 474.9500) - (251.1500, 475.0500) on Layer M3
violation type: Short
	srcs: net:u_data_mem/_41002_ net:u_data_mem/bank0\[14\][2]
	bbox = (251.0500, 919.5500) - (251.1500, 919.6500) on Layer M3
violation type: Short
	srcs: net:u_data_mem/_35544_ net:u_data_mem/bank0\[14\][2]
	bbox = (251.0500, 919.9500) - (251.1500, 920.0500) on Layer M3
violation type: Short
	srcs: net:u_data_mem/_36016_ net:u_data_mem/bank1\[3\][7]
	bbox = (251.2500, 602.7500) - (251.3500, 602.8500) on Layer M3
violation type: Short
	srcs: net:u_data_mem/_35544_ net:u_data_mem/_41002_
	bbox = (251.4500, 919.5500) - (251.5500, 919.6500) on Layer M3
violation type: Short
	srcs: net:apb_addr[25] net:u_data_mem/_38488_
	bbox = (254.8500, 495.1500) - (254.9500, 495.2500) on Layer M3
violation type: Short
	srcs: net:mem_addr[2] net:u_data_mem/_36928_
	bbox = (254.8500, 829.3500) - (254.9500, 829.4500) on Layer M3
violation type: Short
	srcs: net:u_data_mem/_38007_ net:u_data_mem/_40121_
	bbox = (255.0500, 748.5500) - (255.1500, 748.6500) on Layer M3
violation type: Short
	srcs: net:u_riscv_top/multiplier/_10321_ net:u_riscv_top/multiplier/_10350_
	bbox = (256.2500, 446.3500) - (256.3500, 446.4500) on Layer M3
violation type: Short
	srcs: net:u_data_mem/_35537_ net:u_data_mem/_40378_
	bbox = (256.4500, 694.9500) - (256.5500, 695.0500) on Layer M3
violation type: Short
	srcs: net:u_data_mem/_18306_ net:u_data_mem/_39141_
	bbox = (256.6500, 505.5500) - (256.7500, 505.6500) on Layer M3
violation type: Short
	srcs: net:u_data_mem/_40952_ net:u_data_mem/bank0\[14\][18]
	bbox = (257.8500, 951.9500) - (257.9500, 952.0500) on Layer M3
violation type: Short
	srcs: net:u_data_mem/_40211_ net:u_data_mem/_40952_
	bbox = (259.8500, 951.9500) - (259.9500, 952.0500) on Layer M3
violation type: Short
	srcs: net:u_data_mem/_25393_ net:u_data_mem/_35546_
	bbox = (260.2500, 790.3500) - (260.3500, 790.4500) on Layer M3
violation type: Short
	srcs: net:mem_wdata[7] net:u_data_mem/_38394_
	bbox = (260.6500, 880.5500) - (260.7500, 880.6500) on Layer M3
violation type: Short
	srcs: net:u_data_mem/_20132_ net:u_data_mem/_35546_
	bbox = (260.8500, 1005.9500) - (260.9500, 1006.0500) on Layer M3
violation type: Short
	srcs: net:u_riscv_top/multiplier/_07006_ net:u_riscv_top/multiplier/_09761_
	bbox = (261.0500, 250.3500) - (261.1500, 250.4500) on Layer M3
violation type: Short
	srcs: net:u_data_mem/_36679_ net:u_data_mem/_36708_
	bbox = (261.0500, 701.7500) - (261.1500, 701.8500) on Layer M3
violation type: Short
	srcs: net:u_riscv_top/multiplier/_07268_ net:u_riscv_top/multiplier/_09672_
	bbox = (261.4500, 285.7500) - (261.5500, 285.8500) on Layer M3
violation type: Short
	srcs: net:u_data_mem/_35539_ net:u_data_mem/_40963_
	bbox = (261.4500, 674.5500) - (261.5500, 674.6500) on Layer M3
violation type: Short
	srcs: net:u_data_mem/_35533_ net:u_data_mem/_41133_
	bbox = (261.4500, 888.7500) - (261.5500, 888.8500) on Layer M3
violation type: Short
	srcs: net:u_data_mem/_36175_ net:u_data_mem/_39293_
	bbox = (263.2500, 690.9500) - (263.3500, 691.0500) on Layer M3
violation type: Short
	srcs: net:u_data_mem/_35539_ net:u_data_mem/_35546_
	bbox = (264.2500, 740.5500) - (264.3500, 740.6500) on Layer M3
violation type: Short
	srcs: net:u_data_mem/_35533_ net:u_data_mem/_41133_
	bbox = (264.4500, 888.9500) - (264.5500, 889.0500) on Layer M3
violation type: Short
	srcs: net:u_riscv_top/multiplier/_08170_ net:u_riscv_top/multiplier/_10375_
	bbox = (264.6500, 430.3500) - (264.7500, 430.4500) on Layer M3
violation type: Short
	srcs: net:apb_rdata[25] net:u_data_mem/_39847_
	bbox = (265.2500, 540.3500) - (265.3500, 540.4500) on Layer M3
violation type: Short
	srcs: net:u_data_mem/_22222_ net:u_data_mem/_41108_
	bbox = (265.2500, 925.3500) - (265.3500, 925.4500) on Layer M3
violation type: Short
	srcs: net:u_data_mem/_35538_ net:u_data_mem/_41227_
	bbox = (265.8500, 666.1500) - (265.9500, 666.2500) on Layer M3
violation type: Short
	srcs: net:u_data_mem/_18269_ net:u_data_mem/_35532_
	bbox = (266.0500, 869.9500) - (266.1500, 870.0500) on Layer M3
violation type: Short
	srcs: net:u_data_mem/_24943_ net:u_data_mem/_41244_
	bbox = (266.4500, 736.1500) - (266.5500, 736.2500) on Layer M3
violation type: Short
	srcs: net:u_data_mem/_18180_ net:u_data_mem/_18197_
	bbox = (266.6500, 888.1500) - (266.7500, 888.2500) on Layer M3
violation type: Short
	srcs: net:u_data_mem/_39134_ net:u_data_mem/_41005_
	bbox = (266.8100, 632.5500) - (266.9900, 632.6500) on Layer M3
violation type: Short
	srcs: net:u_riscv_top/multiplier/_07025_ net:u_riscv_top/multiplier/_07028_
	bbox = (266.8500, 312.1500) - (266.9500, 312.2500) on Layer M3
violation type: Short
	srcs: net:u_data_mem/_39134_ net:u_data_mem/_41005_
	bbox = (266.8500, 632.5500) - (266.9500, 632.6500) on Layer M3
violation type: Short
	srcs: net:u_data_mem/_22364_ net:u_data_mem/_35620_
	bbox = (266.8500, 817.5500) - (266.9300, 817.6500) on Layer M3
violation type: Short
	srcs: net:u_data_mem/_35546_ net:u_data_mem/_40989_
	bbox = (266.8500, 829.5500) - (266.9500, 829.6500) on Layer M3
violation type: Short
	srcs: net:mem_wdata[4] net:u_data_mem/_40944_
	bbox = (266.9500, 595.3500) - (267.0500, 595.4500) on Layer M3
violation type: Short
	srcs: net:u_data_mem/_40944_ net:u_data_mem/_41067_
	bbox = (266.9500, 595.5500) - (267.0500, 595.6500) on Layer M3
violation type: Short
	srcs: net:mem_wdata[1] net:u_data_mem/_41223_
	bbox = (266.9500, 650.5500) - (267.0500, 650.6500) on Layer M3
violation type: Short
	srcs: net:mem_wdata[1] net:u_data_mem/_41223_
	bbox = (266.9500, 650.5500) - (267.0500, 650.8500) on Layer M3
violation type: Short
	srcs: net:mem_wdata[1] net:u_data_mem/_41223_
	bbox = (266.9500, 650.7500) - (267.0500, 650.8500) on Layer M3
violation type: Short
	srcs: net:mem_addr[0] net:u_data_mem/_35543_
	bbox = (266.9500, 942.9500) - (267.0500, 943.0500) on Layer M3
violation type: Short
	srcs: net:u_data_mem/_18191_ net:u_data_mem/_41296_
	bbox = (266.9500, 946.5500) - (267.0500, 946.6500) on Layer M3
violation type: Short
	srcs: net:mem_addr[0] net:u_data_mem/_35543_
	bbox = (267.0495, 942.9500) - (267.0505, 943.2500) on Layer M3
violation type: Short
	srcs: net:mem_addr[0] net:u_data_mem/_35543_
	bbox = (267.0495, 943.1500) - (267.0505, 943.2500) on Layer M3
violation type: Short
	srcs: net:u_data_mem/_35543_ net:u_data_mem/_37835_
	bbox = (267.0495, 943.3500) - (267.0505, 943.4500) on Layer M3
violation type: Short
	srcs: net:u_data_mem/_35544_ net:clknet_10_541__leaf_clk
	bbox = (267.2100, 522.3500) - (267.3500, 522.4500) on Layer M3
violation type: Short
	srcs: net:pwdata_sim[0] net:riscv_addr[9]
	bbox = (267.2500, 457.5500) - (267.3500, 457.6500) on Layer M3
violation type: Short
	srcs: net:u_data_mem/_35544_ net:clknet_10_541__leaf_clk
	bbox = (267.2500, 522.3500) - (267.3500, 522.4500) on Layer M3
violation type: Short
	srcs: net:u_data_mem/_37396_ net:u_data_mem/_38953_
	bbox = (267.2500, 650.1500) - (267.3500, 650.2500) on Layer M3
violation type: Short
	srcs: net:u_data_mem/_39321_ net:u_data_mem/_41350_
	bbox = (267.2500, 675.1500) - (267.3500, 675.2500) on Layer M3
violation type: Short
	srcs: net:u_data_mem/_18363_ net:u_data_mem/_38496_
	bbox = (267.2500, 704.5500) - (267.3500, 704.6500) on Layer M3
violation type: Short
	srcs: net:u_data_mem/_35196_ net:u_data_mem/_40989_
	bbox = (267.2500, 870.9500) - (267.3500, 871.0500) on Layer M3
violation type: Short
	srcs: net:u_data_mem/_40961_ net:u_data_mem/_41086_
	bbox = (267.4500, 926.9500) - (267.5500, 927.0500) on Layer M3
violation type: Short
	srcs: net:u_data_mem/_39134_ net:u_data_mem/_39135_
	bbox = (267.6100, 620.3500) - (267.7300, 620.4500) on Layer M3
violation type: Short
	srcs: net:u_data_mem/_39134_ net:u_data_mem/_41225_
	bbox = (267.6500, 620.3500) - (267.7300, 620.4500) on Layer M3
violation type: Short
	srcs: net:u_data_mem/_39135_ net:u_data_mem/_41225_
	bbox = (267.6500, 620.3500) - (267.7500, 620.4500) on Layer M3
violation type: Short
	srcs: net:u_data_mem/_40944_ net:clknet_10_617__leaf_clk
	bbox = (267.6500, 673.7500) - (267.7500, 673.8500) on Layer M3
violation type: Short
	srcs: net:u_data_mem/_35533_ net:u_data_mem/_40944_
	bbox = (267.6500, 673.9500) - (267.7500, 674.0500) on Layer M3
violation type: Short
	srcs: net:u_data_mem/_26295_ net:u_data_mem/_35549_
	bbox = (267.8500, 775.5500) - (267.9500, 775.6500) on Layer M3
violation type: Short
	srcs: net:apb_rdata[11] net:riscv_we
	bbox = (268.0500, 530.5500) - (268.1500, 530.6500) on Layer M3
violation type: Short
	srcs: net:u_data_mem/_36042_ net:u_data_mem/_38718_
	bbox = (269.6500, 672.9500) - (269.7500, 673.0500) on Layer M3
violation type: Short
	srcs: net:u_data_mem/_25023_ net:u_data_mem/_38007_
	bbox = (269.8500, 748.5500) - (269.9500, 748.6500) on Layer M3
violation type: Short
	srcs: net:u_data_mem/_18274_ net:u_data_mem/_34842_
	bbox = (271.0500, 1000.9500) - (271.1500, 1001.0500) on Layer M3
violation type: Short
	srcs: net:u_data_mem/_26182_ net:u_data_mem/_41067_
	bbox = (271.4500, 595.3500) - (271.5500, 595.4500) on Layer M3
violation type: Short
	srcs: net:u_data_mem/_26182_ net:u_data_mem/_41067_
	bbox = (271.4500, 595.3500) - (271.7900, 595.4500) on Layer M3
violation type: Short
	srcs: net:u_data_mem/_26182_ net:u_data_mem/_40944_
	bbox = (271.4500, 595.5500) - (271.5500, 595.6500) on Layer M3
violation type: Short
	srcs: net:u_data_mem/_35531_ net:clknet_10_543__leaf_clk
	bbox = (272.2500, 550.9500) - (272.3500, 551.0500) on Layer M3
violation type: Short
	srcs: net:u_data_mem/_38170_ net:u_data_mem/_40974_
	bbox = (272.6500, 872.7500) - (272.7500, 872.8500) on Layer M3
violation type: Short
	srcs: net:u_data_mem/_35539_ net:u_data_mem/_40944_
	bbox = (273.4500, 674.5500) - (273.5500, 674.6500) on Layer M3
violation type: Short
	srcs: net:u_data_mem/_18364_ net:u_data_mem/_36611_
	bbox = (273.6500, 640.9500) - (273.7500, 641.0500) on Layer M3
violation type: Short
	srcs: net:riscv_addr[13] net:u_apb/net91
	bbox = (274.2500, 466.1500) - (274.3500, 466.2500) on Layer M3
violation type: Short
	srcs: net:mem_wdata[10] net:u_data_mem/_37400_
	bbox = (275.6500, 627.7500) - (275.7500, 627.8500) on Layer M3
violation type: Short
	srcs: net:u_data_mem/_36075_ net:u_data_mem/_40788_
	bbox = (275.8500, 918.3500) - (275.9500, 918.4500) on Layer M3
violation type: Short
	srcs: net:u_data_mem/_35558_ net:u_data_mem/_41042_
	bbox = (276.0500, 757.5500) - (276.1500, 757.6500) on Layer M3
violation type: Short
	srcs: net:u_riscv_top/multiplier/_06770_ net:u_riscv_top/multiplier/_09760_
	bbox = (276.2500, 348.9500) - (276.3500, 349.0500) on Layer M3
violation type: Short
	srcs: net:mem_wdata[13] net:u_data_mem/_35536_
	bbox = (276.4500, 547.1500) - (276.5500, 547.2500) on Layer M3
violation type: Short
	srcs: net:u_data_mem/_37418_ net:u_data_mem/_38953_
	bbox = (276.6500, 649.9500) - (276.7500, 650.0500) on Layer M3
violation type: Short
	srcs: net:u_data_mem/_40416_ net:u_data_mem/_41123_
	bbox = (278.6500, 885.3500) - (278.7500, 885.4500) on Layer M3
violation type: Short
	srcs: net:u_data_mem/_25209_ net:u_data_mem/_41259_
	bbox = (279.2500, 667.7500) - (279.3500, 667.8500) on Layer M3
violation type: Short
	srcs: net:u_data_mem/_25211_ net:u_data_mem/_41188_
	bbox = (279.6500, 728.7500) - (279.7500, 728.8500) on Layer M3
violation type: Short
	srcs: net:u_data_mem/_40989_ net:u_data_mem/bank0\[19\][30]
	bbox = (280.4500, 829.5500) - (280.5500, 829.6500) on Layer M3
violation type: Short
	srcs: net:u_data_mem/_35544_ net:u_data_mem/_38007_
	bbox = (281.8500, 748.5500) - (281.9500, 748.6500) on Layer M3
violation type: Short
	srcs: net:u_data_mem/_41225_ net:u_data_mem/_41259_
	bbox = (282.4500, 618.9500) - (282.5500, 619.0500) on Layer M3
violation type: Short
	srcs: net:u_data_mem/_35539_ net:u_data_mem/_41180_
	bbox = (285.0500, 758.1500) - (285.1500, 758.2500) on Layer M3
violation type: Short
	srcs: net:u_data_mem/_35539_ net:u_data_mem/_36824_
	bbox = (285.8500, 687.7500) - (285.9500, 687.8500) on Layer M3
violation type: Short
	srcs: net:u_data_mem/_35549_ net:u_data_mem/_41012_
	bbox = (286.0500, 610.7500) - (286.1500, 610.8500) on Layer M3
violation type: Short
	srcs: net:u_riscv_top/multiplier/_07590_ net:u_riscv_top/multiplier/_10358_
	bbox = (286.2100, 337.1500) - (286.3500, 337.2500) on Layer M3
violation type: Short
	srcs: net:u_riscv_top/multiplier/_07590_ net:u_riscv_top/multiplier/_10358_
	bbox = (286.2500, 337.1500) - (286.3500, 337.2500) on Layer M3
violation type: Short
	srcs: net:u_riscv_top/multiplier/_07533_ net:u_riscv_top/multiplier/_07615_
	bbox = (286.4100, 337.5500) - (286.9300, 337.6500) on Layer M3
violation type: Short
	srcs: net:u_data_mem/_18268_ net:u_data_mem/_35893_
	bbox = (287.2500, 816.9500) - (287.3500, 817.0500) on Layer M3
violation type: Short
	srcs: net:u_data_mem/_18268_ net:u_data_mem/_35893_
	bbox = (287.2500, 816.9500) - (287.7500, 817.0500) on Layer M3
violation type: Short
	srcs: net:u_riscv_top/multiplier/_09782_ net:u_riscv_top/multiplier/_10216_
	bbox = (287.4500, 429.1500) - (287.5500, 429.2500) on Layer M3
violation type: Short
	srcs: net:u_riscv_top/multiplier/_09947_ net:u_riscv_top/multiplier/_10216_
	bbox = (287.4500, 429.5500) - (287.5500, 429.6500) on Layer M3
violation type: Short
	srcs: net:u_riscv_top/multiplier/_09947_ net:u_riscv_top/multiplier/_10216_
	bbox = (287.4500, 429.5500) - (287.7500, 429.6500) on Layer M3
violation type: Short
	srcs: net:u_data_mem/_18268_ net:u_data_mem/_35538_
	bbox = (287.4500, 816.9500) - (287.5500, 817.0500) on Layer M3
violation type: Short
	srcs: net:u_data_mem/_35538_ net:u_data_mem/_35893_
	bbox = (287.4500, 816.9500) - (287.5500, 817.0500) on Layer M3
violation type: Short
	srcs: net:u_riscv_top/multiplier/_09947_ net:u_riscv_top/multiplier/_10216_
	bbox = (287.6500, 429.5500) - (287.7500, 429.6500) on Layer M3
violation type: Short
	srcs: net:u_data_mem/_18268_ net:u_data_mem/_35893_
	bbox = (287.6500, 816.9500) - (287.7500, 817.0500) on Layer M3
violation type: Short
	srcs: net:u_data_mem/_35537_ net:u_data_mem/_40982_
	bbox = (287.8500, 596.3500) - (287.9500, 596.4500) on Layer M3
violation type: Short
	srcs: net:u_riscv_top/multiplier/_09200_ net:u_riscv_top/multiplier/_10284_
	bbox = (287.9500, 277.1500) - (288.0500, 277.2500) on Layer M3
violation type: Short
	srcs: net:u_data_mem/_35583_ net:u_data_mem/_36160_
	bbox = (287.9500, 620.7500) - (288.0500, 620.8500) on Layer M3
violation type: Short
	srcs: net:mem_wdata[20] net:u_data_mem/_39535_
	bbox = (287.9500, 635.5500) - (288.0500, 635.6500) on Layer M3
violation type: Short
	srcs: net:u_data_mem/_41092_ net:u_data_mem/_41155_
	bbox = (287.9500, 926.7500) - (288.0500, 926.8500) on Layer M3
violation type: Short
	srcs: net:u_data_mem/_41092_ net:u_data_mem/_41155_
	bbox = (287.9500, 926.7500) - (288.3500, 926.8500) on Layer M3
violation type: Short
	srcs: net:u_data_mem/_18199_ net:u_data_mem/_35532_
	bbox = (287.9500, 1011.7500) - (288.0500, 1011.8500) on Layer M3
violation type: Short
	srcs: net:u_data_mem/_23807_ net:clknet_10_543__leaf_clk
	bbox = (288.0100, 542.9500) - (288.0500, 543.0500) on Layer M3
violation type: Short
	srcs: net:mem_wdata[4] net:u_data_mem/_41014_
	bbox = (288.0100, 728.3500) - (288.0500, 728.4500) on Layer M3
violation type: Short
	srcs: net:mem_wdata[4] net:u_data_mem/_41014_
	bbox = (288.0100, 728.3500) - (288.5300, 728.4500) on Layer M3
violation type: Short
	srcs: net:mem_wdata[20] net:u_data_mem/_41255_
	bbox = (288.0500, 556.3500) - (288.1500, 556.4500) on Layer M3
violation type: Short
	srcs: net:u_data_mem/_40945_ net:u_data_mem/_41252_
	bbox = (288.0500, 611.5500) - (288.1500, 611.6500) on Layer M3
violation type: Short
	srcs: net:u_data_mem/_40240_ net:u_data_mem/_41259_
	bbox = (288.0500, 668.1500) - (288.1500, 668.2500) on Layer M3
violation type: Short
	srcs: net:u_data_mem/_41225_ net:clknet_10_622__leaf_clk
	bbox = (288.0500, 710.9500) - (288.1500, 711.0500) on Layer M3
violation type: Short
	srcs: net:u_data_mem/_41225_ net:clknet_10_622__leaf_clk
	bbox = (288.0500, 710.9500) - (288.1500, 711.2500) on Layer M3
violation type: Short
	srcs: net:u_data_mem/_41225_ net:clknet_10_622__leaf_clk
	bbox = (288.0500, 711.1500) - (288.1500, 711.2500) on Layer M3
violation type: Short
	srcs: net:mem_wdata[24] net:clknet_10_622__leaf_clk
	bbox = (288.2500, 711.5500) - (288.3500, 711.6500) on Layer M3
violation type: Short
	srcs: net:u_data_mem/_40946_ net:u_data_mem/_41140_
	bbox = (288.2500, 804.5500) - (288.3500, 804.6500) on Layer M3
violation type: Short
	srcs: net:u_data_mem/_41006_ net:u_data_mem/_41033_
	bbox = (288.2500, 808.1500) - (288.3500, 808.2500) on Layer M3
violation type: Short
	srcs: net:u_data_mem/_41092_ net:u_data_mem/_41155_
	bbox = (288.2500, 926.7500) - (288.3500, 926.8500) on Layer M3
violation type: Short
	srcs: net:u_data_mem/_35533_ net:u_data_mem/_39289_
	bbox = (288.6500, 539.7500) - (288.7500, 539.8500) on Layer M3
violation type: Short
	srcs: net:u_data_mem/_41188_ net:u_data_mem/_41225_
	bbox = (288.6500, 728.7500) - (288.7500, 728.8500) on Layer M3
violation type: Short
	srcs: net:u_data_mem/_38496_ net:u_data_mem/_40947_
	bbox = (289.2500, 704.9500) - (289.3500, 705.0500) on Layer M3
violation type: Short
	srcs: net:rst net:u_data_mem/_35534_
	bbox = (289.8500, 825.9500) - (289.9500, 826.0500) on Layer M3
violation type: Short
	srcs: net:mem_addr[0] net:u_data_mem/_37898_
	bbox = (290.0100, 704.1500) - (290.5300, 704.2500) on Layer M3
violation type: Short
	srcs: net:u_data_mem/_22313_ net:u_data_mem/_35611_
	bbox = (290.0500, 843.9500) - (290.1500, 844.0500) on Layer M3
violation type: Short
	srcs: net:u_data_mem/_22313_ net:u_data_mem/_35611_
	bbox = (290.0500, 843.9500) - (290.3500, 844.0500) on Layer M3
violation type: Short
	srcs: net:u_data_mem/_36075_ net:clknet_10_756__leaf_clk
	bbox = (290.0500, 918.5500) - (290.1500, 918.6500) on Layer M3
violation type: Short
	srcs: net:u_data_mem/_35546_ net:u_data_mem/_41150_
	bbox = (290.0500, 965.1500) - (290.1500, 965.2500) on Layer M3
violation type: Short
	srcs: net:u_data_mem/_22313_ net:u_data_mem/_35611_
	bbox = (290.2500, 843.9500) - (290.3500, 844.0500) on Layer M3
violation type: Short
	srcs: net:u_data_mem/_35128_ net:u_data_mem/_37047_
	bbox = (290.8500, 700.3500) - (290.9500, 700.4500) on Layer M3
violation type: Short
	srcs: net:u_data_mem/_35533_ net:net1334
	bbox = (291.0500, 523.5500) - (291.1500, 523.6500) on Layer M3
violation type: Short
	srcs: net:mem_wdata[3] net:u_data_mem/_35531_
	bbox = (291.0500, 550.9500) - (291.1500, 551.0500) on Layer M3
violation type: Short
	srcs: net:u_data_mem/_18352_ net:u_data_mem/_26377_
	bbox = (291.8500, 790.3500) - (291.9500, 790.4500) on Layer M3
violation type: Short
	srcs: net:rst net:u_data_mem/_40998_
	bbox = (291.8500, 826.3500) - (291.9500, 826.4500) on Layer M3
violation type: Short
	srcs: net:u_data_mem/_35546_ net:u_data_mem/_40966_
	bbox = (293.2500, 780.9500) - (293.3500, 781.0500) on Layer M3
violation type: Short
	srcs: net:u_data_mem/_35549_ net:u_data_mem/_35620_
	bbox = (294.6700, 817.5500) - (294.7900, 817.6500) on Layer M3
violation type: Short
	srcs: net:u_data_mem/_22604_ net:u_data_mem/_40940_
	bbox = (294.8500, 964.9500) - (294.9500, 965.0500) on Layer M3
violation type: Short
	srcs: net:u_data_mem/_40240_ net:u_data_mem/_41259_
	bbox = (295.8500, 667.9500) - (295.9500, 668.0500) on Layer M3
violation type: Short
	srcs: net:u_data_mem/_41259_ net:u_data_mem/_41362_
	bbox = (295.8500, 668.1500) - (295.9500, 668.2500) on Layer M3
violation type: Short
	srcs: net:u_data_mem/_36436_ net:u_data_mem/bank1\[60\][5]
	bbox = (296.0500, 651.3500) - (296.1500, 651.4500) on Layer M3
violation type: Short
	srcs: net:u_data_mem/_35551_ net:u_data_mem/bank0\[27\][10]
	bbox = (296.2500, 973.9500) - (296.3500, 974.0500) on Layer M3
violation type: Short
	srcs: net:u_data_mem/_25199_ net:u_data_mem/_39284_
	bbox = (296.6500, 676.9500) - (296.7500, 677.0500) on Layer M3
violation type: Short
	srcs: net:u_data_mem/_38650_ net:u_data_mem/_38762_
	bbox = (297.0500, 712.5500) - (297.1500, 712.6500) on Layer M3
violation type: Short
	srcs: net:u_data_mem/_22561_ net:u_data_mem/_37547_
	bbox = (297.6500, 982.5500) - (297.7500, 982.6500) on Layer M3
violation type: Short
	srcs: net:u_data_mem/_24892_ net:u_data_mem/_41244_
	bbox = (299.2100, 758.1500) - (299.3900, 758.2500) on Layer M3
violation type: Short
	srcs: net:u_data_mem/_24892_ net:u_data_mem/_41244_
	bbox = (299.2500, 758.1500) - (299.3500, 758.2500) on Layer M3
violation type: Short
	srcs: net:u_data_mem/_40957_ net:u_data_mem/_40961_
	bbox = (299.6500, 747.1500) - (299.7500, 747.2500) on Layer M3
violation type: Short
	srcs: net:apb_rdata[15] net:u_data_mem/_36429_
	bbox = (301.4500, 504.9500) - (301.5500, 505.0500) on Layer M3
violation type: Short
	srcs: net:mem_addr[1] net:u_data_mem/_35534_
	bbox = (301.4500, 826.3500) - (301.5500, 826.4500) on Layer M3
violation type: Short
	srcs: net:mem_addr[1] net:u_data_mem/_35534_
	bbox = (301.4500, 826.3500) - (301.7500, 826.4500) on Layer M3
violation type: Short
	srcs: net:mem_addr[1] net:u_data_mem/_35534_
	bbox = (301.6500, 826.3500) - (301.7500, 826.4500) on Layer M3
violation type: Short
	srcs: net:u_data_mem/_40240_ net:u_data_mem/_41362_
	bbox = (302.0500, 667.9500) - (302.1500, 668.0500) on Layer M3
violation type: Short
	srcs: net:u_data_mem/_35566_ net:u_data_mem/_39450_
	bbox = (302.6500, 928.9500) - (302.7500, 929.0500) on Layer M3
violation type: Short
	srcs: net:u_data_mem/_35532_ net:u_data_mem/_35542_
	bbox = (303.4500, 834.9500) - (303.5500, 835.0500) on Layer M3
violation type: Short
	srcs: net:u_riscv_top/multiplier/_07685_ net:u_riscv_top/multiplier/_09270_
	bbox = (304.4500, 312.9500) - (304.5500, 313.0500) on Layer M3
violation type: Short
	srcs: net:rst net:u_data_mem/_37113_
	bbox = (304.8500, 934.3500) - (304.9500, 934.4500) on Layer M3
violation type: Short
	srcs: net:u_data_mem/_36177_ net:u_data_mem/_36824_
	bbox = (305.4500, 687.7500) - (305.5500, 687.8500) on Layer M3
violation type: Short
	srcs: net:u_riscv_top/h2[27] net:u_riscv_top/multiplier/_08471_
	bbox = (305.8500, 388.3500) - (305.9500, 388.4500) on Layer M3
violation type: Short
	srcs: net:mem_addr[0] net:u_data_mem/_38267_
	bbox = (306.0500, 703.9500) - (306.1500, 704.0500) on Layer M3
violation type: Short
	srcs: net:u_data_mem/_35531_ net:u_data_mem/_40977_
	bbox = (307.0500, 667.5500) - (307.1500, 667.6500) on Layer M3
violation type: Short
	srcs: net:u_data_mem/_38028_ net:u_data_mem/_39284_
	bbox = (307.2500, 676.9500) - (307.3500, 677.0500) on Layer M3
violation type: Short
	srcs: net:u_data_mem/_35536_ net:u_data_mem/_35542_
	bbox = (308.6500, 519.9500) - (308.7500, 520.0500) on Layer M3
violation type: Short
	srcs: net:u_data_mem/_37655_ net:u_data_mem/_38723_
	bbox = (308.6500, 603.5500) - (308.7500, 603.6500) on Layer M3
violation type: Short
	srcs: net:u_data_mem/_41028_ net:u_data_mem/_41080_
	bbox = (308.8500, 596.9500) - (308.9500, 597.0500) on Layer M3
violation type: Short
	srcs: net:u_data_mem/_35549_ net:u_data_mem/_40985_
	bbox = (308.8500, 811.9500) - (308.9500, 812.0500) on Layer M3
violation type: Short
	srcs: net:u_data_mem/_35573_ net:u_data_mem/_36663_
	bbox = (308.9500, 533.1500) - (309.0500, 533.2500) on Layer M3
violation type: Short
	srcs: net:u_data_mem/_18312_ net:u_data_mem/_35543_
	bbox = (308.9500, 604.9500) - (309.0500, 605.0500) on Layer M3
violation type: Short
	srcs: net:u_data_mem/_35551_ net:u_data_mem/_41362_
	bbox = (308.9500, 668.1500) - (309.0500, 668.2500) on Layer M3
violation type: Short
	srcs: net:u_data_mem/_40240_ net:u_data_mem/_41362_
	bbox = (308.9500, 668.3500) - (309.0500, 668.4500) on Layer M3
violation type: Short
	srcs: net:u_data_mem/_39450_ net:u_data_mem/_39979_
	bbox = (308.9500, 928.7500) - (309.0500, 928.8500) on Layer M3
violation type: Short
	srcs: net:mem_wdata[25] net:u_data_mem/_40986_
	bbox = (309.0100, 686.5500) - (309.1900, 686.6500) on Layer M3
violation type: Short
	srcs: net:mem_wdata[25] net:u_data_mem/_40986_
	bbox = (309.0500, 686.5500) - (309.1500, 686.6500) on Layer M3
violation type: Short
	srcs: net:mem_wdata[28] net:u_data_mem/_35551_
	bbox = (309.2100, 974.1500) - (309.3500, 974.2500) on Layer M3
violation type: Short
	srcs: net:u_riscv_top/register_file/_06202_ net:u_riscv_top/register_file/_07782_
	bbox = (309.2500, 70.5500) - (309.3500, 70.6500) on Layer M3
violation type: Short
	srcs: net:u_riscv_top/register_file/_06202_ net:u_riscv_top/register_file/_07782_
	bbox = (309.2500, 70.5500) - (309.5500, 70.6500) on Layer M3
violation type: Short
	srcs: net:u_riscv_top/register_file/_07236_ net:u_riscv_top/register_file/_08929_
	bbox = (309.2500, 109.5500) - (309.3500, 109.6500) on Layer M3
violation type: Short
	srcs: net:mem_wdata[10] net:u_data_mem/_23639_
	bbox = (309.2500, 496.3500) - (309.3500, 496.4500) on Layer M3
violation type: Short
	srcs: net:mem_wdata[10] net:u_data_mem/_23639_
	bbox = (309.2500, 496.3500) - (309.7500, 496.4500) on Layer M3
violation type: Short
	srcs: net:mem_wdata[13] net:u_data_mem/_35539_
	bbox = (309.2500, 544.5500) - (309.3500, 544.6500) on Layer M3
violation type: Short
	srcs: net:mem_wdata[13] net:u_data_mem/_35539_
	bbox = (309.2500, 544.5500) - (309.3500, 544.8500) on Layer M3
violation type: Short
	srcs: net:mem_wdata[13] net:u_data_mem/_35539_
	bbox = (309.2500, 544.7500) - (309.3500, 544.8500) on Layer M3
violation type: Short
	srcs: net:u_data_mem/_35539_ net:u_data_mem/_41067_
	bbox = (309.2500, 594.5500) - (309.3500, 594.6500) on Layer M3
violation type: Short
	srcs: net:u_data_mem/_35539_ net:u_data_mem/_41067_
	bbox = (309.2500, 594.5500) - (309.3500, 594.8500) on Layer M3
violation type: Short
	srcs: net:u_data_mem/_35539_ net:u_data_mem/_41067_
	bbox = (309.2500, 594.7500) - (309.3500, 594.8500) on Layer M3
violation type: Short
	srcs: net:u_data_mem/_35593_ net:u_data_mem/_36573_
	bbox = (309.2500, 644.5500) - (309.3500, 644.6500) on Layer M3
violation type: Short
	srcs: net:u_data_mem/_35601_ net:u_data_mem/_36573_
	bbox = (309.2500, 644.7500) - (309.3500, 644.8500) on Layer M3
violation type: Short
	srcs: net:u_data_mem/_36436_ net:u_data_mem/_41144_
	bbox = (309.2500, 651.5500) - (309.3500, 651.6500) on Layer M3
violation type: Short
	srcs: net:mem_wdata[28] net:u_data_mem/_35551_
	bbox = (309.2500, 973.9500) - (309.3500, 974.0500) on Layer M3
violation type: Short
	srcs: net:mem_wdata[28] net:u_data_mem/_35551_
	bbox = (309.2500, 973.9500) - (309.3500, 974.2500) on Layer M3
violation type: Short
	srcs: net:mem_wdata[28] net:u_data_mem/_35551_
	bbox = (309.2500, 974.1500) - (309.3500, 974.2500) on Layer M3
violation type: Short
	srcs: net:u_riscv_top/register_file/_06202_ net:u_riscv_top/register_file/_07782_
	bbox = (309.4500, 70.5500) - (309.5500, 70.6500) on Layer M3
violation type: Short
	srcs: net:riscv_addr[0] net:u_data_mem/_23639_
	bbox = (309.6100, 496.1500) - (309.7900, 496.2500) on Layer M3
violation type: Short
	srcs: net:riscv_addr[0] net:u_data_mem/_23639_
	bbox = (309.6500, 496.1500) - (309.7500, 496.2500) on Layer M3
violation type: Short
	srcs: net:mem_wdata[10] net:u_data_mem/_23639_
	bbox = (309.6500, 496.3500) - (309.7500, 496.4500) on Layer M3
violation type: Short
	srcs: net:wb_data_sim[26] net:u_data_mem/_41003_
	bbox = (309.6500, 501.9500) - (309.7500, 502.0500) on Layer M3
violation type: Short
	srcs: net:u_data_mem/_35531_ net:u_data_mem/_40977_
	bbox = (309.6500, 667.7500) - (309.7500, 667.8500) on Layer M3
violation type: Short
	srcs: net:u_data_mem/_35573_ net:u_data_mem/_38412_
	bbox = (309.6500, 889.5500) - (309.7500, 889.6500) on Layer M3
violation type: Short
	srcs: net:mem_addr[0] net:mem_addr[1]
	bbox = (310.0500, 619.5500) - (310.1500, 619.6500) on Layer M3
violation type: Short
	srcs: net:u_data_mem/_35536_ net:u_data_mem/_35551_
	bbox = (310.2500, 877.7500) - (310.3500, 877.8500) on Layer M3
violation type: Short
	srcs: net:u_data_mem/_40992_ net:u_data_mem/_41088_
	bbox = (311.0500, 756.1500) - (311.1500, 756.2500) on Layer M3
violation type: Short
	srcs: net:u_data_mem/_36715_ net:u_data_mem/_37060_
	bbox = (311.2500, 694.9500) - (311.3500, 695.0500) on Layer M3
violation type: Short
	srcs: net:mem_wdata[27] net:u_data_mem/_41244_
	bbox = (311.4500, 737.9500) - (311.5500, 738.0500) on Layer M3
violation type: Short
	srcs: net:u_riscv_top/multiplier/_07371_ net:u_riscv_top/multiplier/_10027_
	bbox = (312.2500, 253.1500) - (312.3500, 253.2500) on Layer M3
violation type: Short
	srcs: net:u_riscv_top/register_file/_06188_ net:u_riscv_top/register_file/_08505_
	bbox = (312.6500, 136.9500) - (312.7500, 137.0500) on Layer M3
violation type: Short
	srcs: net:u_riscv_top/multiplier/_07443_ net:u_riscv_top/multiplier/_10017_
	bbox = (312.6500, 262.5500) - (312.7500, 262.6500) on Layer M3
violation type: Short
	srcs: net:u_riscv_top/multiplier/_08196_ net:u_riscv_top/multiplier/_08499_
	bbox = (313.4500, 397.9500) - (313.5500, 398.0500) on Layer M3
violation type: Short
	srcs: net:u_data_mem/_35537_ net:u_data_mem/bank0\[14\][7]
	bbox = (313.6100, 928.3500) - (313.7900, 928.4500) on Layer M3
violation type: Short
	srcs: net:u_data_mem/_35537_ net:u_data_mem/bank0\[14\][7]
	bbox = (313.6500, 928.3500) - (313.7500, 928.4500) on Layer M3
violation type: Short
	srcs: net:u_data_mem/_35610_ net:u_data_mem/_40806_
	bbox = (313.8500, 820.7500) - (313.9500, 820.8500) on Layer M3
violation type: Short
	srcs: net:wb_data_sim[26] net:u_data_mem/_41003_
	bbox = (314.6500, 502.1500) - (314.7500, 502.2500) on Layer M3
violation type: Short
	srcs: net:u_riscv_top/register_file/_06195_ net:u_riscv_top/register_file/regfile\[12\][0]
	bbox = (315.2500, 161.5500) - (315.3500, 161.6500) on Layer M3
violation type: Short
	srcs: net:u_data_mem/_36394_ net:u_data_mem/_41131_
	bbox = (315.2500, 878.1500) - (315.3500, 878.2500) on Layer M3
violation type: Short
	srcs: net:u_riscv_top/register_file/_07236_ net:u_riscv_top/register_file/regfile\[12\][0]
	bbox = (315.4500, 162.3500) - (315.5500, 162.4500) on Layer M3
violation type: Short
	srcs: net:u_riscv_top/multiplier/_08471_ net:u_riscv_top/multiplier/_10356_
	bbox = (316.0500, 388.5500) - (316.1500, 388.6500) on Layer M3
violation type: Short
	srcs: net:u_riscv_top/register_file/_10478_ net:u_riscv_top/register_file/_10479_
	bbox = (316.4500, 168.9500) - (316.5500, 169.0500) on Layer M3
violation type: Short
	srcs: net:u_data_mem/_38091_ net:u_data_mem/_41067_
	bbox = (316.4500, 811.5500) - (316.5500, 811.6500) on Layer M3
violation type: Short
	srcs: net:u_data_mem/_18318_ net:u_data_mem/_35573_
	bbox = (316.6500, 504.3500) - (316.7500, 504.4500) on Layer M3
violation type: Short
	srcs: net:u_riscv_top/register_file/_08046_ net:u_riscv_top/register_file/_08049_
	bbox = (316.8100, 164.9500) - (317.3300, 165.0500) on Layer M3
violation type: Short
	srcs: net:mem_wdata[22] net:u_data_mem/_41127_
	bbox = (317.8500, 810.1500) - (317.9500, 810.2500) on Layer M3
violation type: Short
	srcs: net:u_data_mem/_40946_ net:u_data_mem/_41031_
	bbox = (318.4500, 804.3500) - (318.5500, 804.4500) on Layer M3
violation type: Short
	srcs: net:A2_sim[1] net:u_riscv_top/register_file/_10510_
	bbox = (319.0500, 124.3500) - (319.1500, 124.4500) on Layer M3
violation type: Short
	srcs: net:mem_wdata[20] net:u_data_mem/_35551_
	bbox = (319.6100, 666.9500) - (320.1300, 667.0500) on Layer M3
violation type: Short
	srcs: net:u_riscv_top/register_file/_09660_ net:clknet_10_41__leaf_clk
	bbox = (319.8500, 208.9500) - (319.9500, 209.0500) on Layer M3
violation type: Short
	srcs: net:u_riscv_top/register_file/_08511_ net:u_riscv_top/register_file/_09298_
	bbox = (320.0500, 142.3500) - (320.1500, 142.4500) on Layer M3
violation type: Short
	srcs: net:u_riscv_top/register_file/_08511_ net:u_riscv_top/register_file/_09298_
	bbox = (320.0500, 142.3500) - (320.3500, 142.4500) on Layer M3
violation type: Short
	srcs: net:u_riscv_top/register_file/_08511_ net:u_riscv_top/register_file/_09298_
	bbox = (320.2500, 142.3500) - (320.3500, 142.4500) on Layer M3
violation type: Short
	srcs: net:u_data_mem/_35558_ net:u_data_mem/_41042_
	bbox = (320.4500, 757.1500) - (320.5500, 757.2500) on Layer M3
violation type: Short
	srcs: net:A1_sim[0] net:A3_sim[2]
	bbox = (321.4100, 225.9500) - (321.9300, 226.0500) on Layer M3
violation type: Short
	srcs: net:u_data_mem/_37286_ net:u_data_mem/_37288_
	bbox = (323.0500, 655.5500) - (323.1500, 655.6500) on Layer M3
violation type: Short
	srcs: net:u_data_mem/_35573_ net:u_data_mem/_36413_
	bbox = (323.2500, 504.3500) - (323.3500, 504.4500) on Layer M3
violation type: Short
	srcs: net:u_data_mem/_18340_ net:u_data_mem/_41230_
	bbox = (323.6500, 730.5500) - (323.7500, 730.6500) on Layer M3
violation type: Short
	srcs: net:u_data_mem/_35549_ net:u_data_mem/_39678_
	bbox = (324.0500, 656.3500) - (324.1500, 656.4500) on Layer M3
violation type: Short
	srcs: net:u_data_mem/_37113_ net:u_data_mem/_39962_
	bbox = (324.0500, 933.9500) - (324.1500, 934.0500) on Layer M3
violation type: Short
	srcs: net:apb_wdata[0] net:u_riscv_top/h2[15]
	bbox = (325.0500, 460.3500) - (325.1500, 460.4500) on Layer M3
violation type: Short
	srcs: net:apb_wdata[0] net:u_riscv_top/h2[15]
	bbox = (325.0500, 460.3500) - (325.3900, 460.4500) on Layer M3
violation type: Short
	srcs: net:u_data_mem/_39639_ net:u_data_mem/_41210_
	bbox = (326.6500, 649.9500) - (326.7500, 650.0500) on Layer M3
violation type: Short
	srcs: net:u_data_mem/_24533_ net:u_data_mem/_35610_
	bbox = (327.0500, 642.3500) - (327.1500, 642.4500) on Layer M3
violation type: Short
	srcs: net:A3_sim[2] net:u_riscv_top/register_file/_07223_
	bbox = (328.0500, 17.9500) - (328.1500, 18.0500) on Layer M3
violation type: Short
	srcs: net:mem_wdata[10] net:riscv_addr[0]
	bbox = (328.0500, 496.3500) - (328.1500, 496.4500) on Layer M3
violation type: Short
	srcs: net:u_riscv_top/register_file/_09399_ net:u_riscv_top/register_file/_10217_
	bbox = (328.2500, 75.7500) - (328.3500, 75.8500) on Layer M3
violation type: Short
	srcs: net:A2_sim[4] net:u_riscv_top/register_file/_08511_
	bbox = (328.4500, 142.1500) - (328.5500, 142.2500) on Layer M3
violation type: Short
	srcs: net:u_data_mem/_35546_ net:u_data_mem/_41053_
	bbox = (328.6500, 784.9500) - (328.7500, 785.0500) on Layer M3
violation type: Short
	srcs: net:u_data_mem/_35542_ net:u_data_mem/_35620_
	bbox = (329.2500, 814.9500) - (329.3500, 815.0500) on Layer M3
violation type: Short
	srcs: net:A3_sim[0] net:u_riscv_top/register_file/regfile\[4\][1]
	bbox = (329.6500, 248.9500) - (329.7500, 249.0500) on Layer M3
violation type: Short
	srcs: net:u_riscv_top/register_file/_10510_ net:u_riscv_top/register_file/_10519_
	bbox = (329.9500, 124.1500) - (330.0500, 124.2500) on Layer M3
violation type: Short
	srcs: net:u_riscv_top/register_file/_10510_ net:u_riscv_top/register_file/_10519_
	bbox = (329.9500, 124.1500) - (330.1900, 124.2500) on Layer M3
violation type: Short
	srcs: net:u_riscv_top/multiplier/_08277_ net:u_riscv_top/multiplier/_08278_
	bbox = (329.9500, 263.1500) - (330.0500, 263.2500) on Layer M3
violation type: Short
	srcs: net:u_data_mem/_35583_ net:u_data_mem/_40480_
	bbox = (329.9500, 622.5500) - (330.0500, 622.6500) on Layer M3
violation type: Short
	srcs: net:u_data_mem/_37651_ net:u_data_mem/_40515_
	bbox = (329.9500, 669.3500) - (330.0500, 669.4500) on Layer M3
violation type: Short
	srcs: net:mem_addr[0] net:u_data_mem/_39950_
	bbox = (329.9500, 862.3500) - (330.0500, 862.4500) on Layer M3
violation type: Short
	srcs: net:u_data_mem/_18342_ net:u_data_mem/_36684_
	bbox = (330.0100, 709.5500) - (330.0500, 709.6500) on Layer M3
violation type: Short
	srcs: net:u_riscv_top/mult_req_data_b[53] net:u_riscv_top/rst_core_n
	bbox = (330.0500, 421.7500) - (330.1500, 421.8500) on Layer M3
violation type: Short
	srcs: net:u_data_mem/_40005_ net:u_data_mem/_40013_
	bbox = (330.0500, 628.1500) - (330.1500, 628.2500) on Layer M3
violation type: Short
	srcs: net:u_data_mem/_35558_ net:u_data_mem/_39619_
	bbox = (330.0500, 648.1500) - (330.1500, 648.2500) on Layer M3
violation type: Short
	srcs: net:u_data_mem/_35546_ net:u_data_mem/_35592_
	bbox = (330.0500, 739.5500) - (330.1500, 739.6500) on Layer M3
violation type: Short
	srcs: net:u_data_mem/_35546_ net:u_data_mem/_41082_
	bbox = (330.0500, 739.7500) - (330.1500, 739.8500) on Layer M3
violation type: Short
	srcs: net:u_data_mem/_40961_ net:u_data_mem/_41125_
	bbox = (330.0500, 747.3500) - (330.1500, 747.4500) on Layer M3
violation type: Short
	srcs: net:u_data_mem/_40957_ net:u_data_mem/_40961_
	bbox = (330.0500, 747.5500) - (330.1500, 747.6500) on Layer M3
violation type: Short
	srcs: net:u_data_mem/_40959_ net:u_data_mem/_40984_
	bbox = (330.0500, 802.3500) - (330.1500, 802.4500) on Layer M3
violation type: Short
	srcs: net:u_riscv_top/register_file/_10496_ net:u_riscv_top/register_file/regfile\[2\][14]
	bbox = (330.2100, 44.1500) - (330.3500, 44.2500) on Layer M3
violation type: Short
	srcs: net:u_riscv_top/register_file/_10496_ net:u_riscv_top/register_file/regfile\[2\][14]
	bbox = (330.2500, 43.5500) - (330.3500, 43.6500) on Layer M3
violation type: Short
	srcs: net:u_riscv_top/register_file/_08049_ net:u_riscv_top/register_file/regfile\[2\][14]
	bbox = (330.2500, 43.7500) - (330.3500, 43.8500) on Layer M3
violation type: Short
	srcs: net:u_riscv_top/register_file/regfile\[2\][14] net:clknet_10_1__leaf_clk
	bbox = (330.2500, 43.9500) - (330.3500, 44.0500) on Layer M3
violation type: Short
	srcs: net:u_riscv_top/register_file/_10496_ net:u_riscv_top/register_file/regfile\[2\][14]
	bbox = (330.2500, 44.1500) - (330.3500, 44.2500) on Layer M3
violation type: Short
	srcs: net:u_riscv_top/register_file/_08850_ net:u_riscv_top/register_file/_08924_
	bbox = (330.2500, 124.9500) - (330.3500, 125.0500) on Layer M3
violation type: Short
	srcs: net:riscv_addr[28] net:u_riscv_top/u_bridge_core_to_mult/_006_
	bbox = (330.2500, 422.3500) - (330.3500, 422.4500) on Layer M3
violation type: Short
	srcs: net:u_data_mem/_35531_ net:u_data_mem/_41362_
	bbox = (330.2500, 667.7500) - (330.3500, 667.8500) on Layer M3
violation type: Short
	srcs: net:u_data_mem/_41144_ net:u_data_mem/bank1\[39\][6]
	bbox = (330.2500, 674.7500) - (330.3500, 674.8500) on Layer M3
violation type: Short
	srcs: net:u_data_mem/_37906_ net:u_data_mem/_39817_
	bbox = (330.2500, 702.1500) - (330.3500, 702.2500) on Layer M3
violation type: Short
	srcs: net:u_data_mem/_37906_ net:u_data_mem/_39817_
	bbox = (330.2500, 702.1500) - (330.3500, 702.4500) on Layer M3
violation type: Short
	srcs: net:u_data_mem/_37906_ net:u_data_mem/_39817_
	bbox = (330.2500, 702.3500) - (330.3500, 702.4500) on Layer M3
violation type: Short
	srcs: net:u_data_mem/_35539_ net:u_data_mem/_41346_
	bbox = (330.4500, 684.9500) - (330.5500, 685.0500) on Layer M3
violation type: Short
	srcs: net:u_data_mem/_40945_ net:u_data_mem/_40990_
	bbox = (330.8500, 610.7500) - (330.9500, 610.8500) on Layer M3
violation type: Short
	srcs: net:u_data_mem/_35533_ net:u_data_mem/_41144_
	bbox = (330.8500, 727.3500) - (330.9500, 727.4500) on Layer M3
violation type: Short
	srcs: net:u_riscv_top/register_file/_08850_ net:u_riscv_top/register_file/regfile\[6\][0]
	bbox = (331.2500, 179.7500) - (331.3500, 179.8500) on Layer M3
violation type: Short
	srcs: net:u_data_mem/_35546_ net:u_data_mem/_41053_
	bbox = (331.2500, 784.9500) - (331.3500, 785.0500) on Layer M3
violation type: Short
	srcs: net:u_data_mem/_35543_ net:u_data_mem/_39890_
	bbox = (331.6500, 911.1500) - (331.7500, 911.2500) on Layer M3
violation type: Short
	srcs: net:u_data_mem/_40959_ net:u_data_mem/_40984_
	bbox = (332.0500, 801.7500) - (332.1500, 801.8500) on Layer M3
violation type: Short
	srcs: net:u_data_mem/_40982_ net:u_data_mem/_41080_
	bbox = (332.2500, 595.9500) - (332.3500, 596.0500) on Layer M3
violation type: Short
	srcs: net:u_riscv_top/register_file/_07224_ net:u_riscv_top/register_file/_08852_
	bbox = (333.6500, 233.3500) - (333.7500, 233.4500) on Layer M3
violation type: Short
	srcs: net:mem_addr[0] net:u_data_mem/_35532_
	bbox = (334.0500, 929.1500) - (334.1500, 929.2500) on Layer M3
violation type: Short
	srcs: net:u_data_mem/_36715_ net:clknet_10_632__leaf_clk
	bbox = (334.4500, 695.1500) - (334.5500, 695.2500) on Layer M3
violation type: Short
	srcs: net:mem_wdata[13] net:u_data_mem/_41033_
	bbox = (334.8500, 807.9500) - (334.9500, 808.0500) on Layer M3
violation type: Short
	srcs: net:u_data_mem/_24726_ net:net1319
	bbox = (336.4500, 529.3500) - (336.5500, 529.4500) on Layer M3
violation type: Short
	srcs: net:u_riscv_top/register_file/_08852_ net:u_riscv_top/register_file/_09071_
	bbox = (336.6500, 23.1500) - (336.7500, 23.2500) on Layer M3
violation type: Short
	srcs: net:u_data_mem/_24654_ net:u_data_mem/_35530_
	bbox = (336.6500, 573.9500) - (336.7500, 574.0500) on Layer M3
violation type: Short
	srcs: net:u_data_mem/_37731_ net:u_data_mem/_40691_
	bbox = (336.8500, 659.3500) - (336.9500, 659.4500) on Layer M3
violation type: Short
	srcs: net:u_riscv_top/register_file/_08852_ net:u_riscv_top/register_file/_09071_
	bbox = (337.0500, 23.1500) - (337.1500, 23.2500) on Layer M3
violation type: Short
	srcs: net:u_riscv_top/register_file/_09210_ net:u_riscv_top/register_file/regfile\[30\][17]
	bbox = (337.0500, 199.9500) - (337.1500, 200.0500) on Layer M3
violation type: Short
	srcs: net:u_data_mem/_35558_ net:u_data_mem/_39619_
	bbox = (337.0500, 648.1500) - (337.1500, 648.2500) on Layer M3
violation type: Short
	srcs: net:u_riscv_top/register_file/_07222_ net:u_riscv_top/register_file/_09381_
	bbox = (337.2500, 86.1500) - (337.3500, 86.2500) on Layer M3
violation type: Short
	srcs: net:u_data_mem/_35542_ net:u_data_mem/_41084_
	bbox = (337.6500, 752.3500) - (337.7500, 752.4500) on Layer M3
violation type: Short
	srcs: net:u_riscv_top/register_file/_07231_ net:u_riscv_top/register_file/_08050_
	bbox = (338.0500, 115.3500) - (338.1500, 115.4500) on Layer M3
violation type: Short
	srcs: net:u_data_mem/_38009_ net:u_data_mem/_40984_
	bbox = (338.4500, 801.1500) - (338.5500, 801.2500) on Layer M3
violation type: Short
	srcs: net:u_data_mem/_35534_ net:u_data_mem/_41053_
	bbox = (339.6500, 784.5500) - (339.7500, 784.6500) on Layer M3
violation type: Short
	srcs: net:u_data_mem/_35534_ net:u_data_mem/_41053_
	bbox = (339.6500, 784.5500) - (339.9500, 784.6500) on Layer M3
violation type: Short
	srcs: net:u_riscv_top/register_file/_07234_ net:u_riscv_top/register_file/_08031_
	bbox = (339.8500, 135.3500) - (339.9500, 135.4500) on Layer M3
violation type: Short
	srcs: net:u_data_mem/_35534_ net:u_data_mem/_41053_
	bbox = (339.8500, 784.5500) - (339.9500, 784.6500) on Layer M3
violation type: Short
	srcs: net:u_data_mem/_36160_ net:u_data_mem/_41236_
	bbox = (340.6500, 619.5500) - (340.7500, 619.6500) on Layer M3
violation type: Short
	srcs: net:u_data_mem/_18337_ net:u_data_mem/_41343_
	bbox = (340.8500, 693.1500) - (340.9500, 693.2500) on Layer M3
violation type: Short
	srcs: net:u_data_mem/_35620_ net:u_data_mem/_40691_
	bbox = (341.0500, 658.9500) - (341.1500, 659.0500) on Layer M3
violation type: Short
	srcs: net:u_riscv_top/register_file/_07214_ net:u_riscv_top/register_file/_07234_
	bbox = (341.8500, 135.7500) - (341.9500, 135.8500) on Layer M3
violation type: Short
	srcs: net:u_data_mem/_22906_ net:u_data_mem/_41234_
	bbox = (342.6500, 861.9500) - (342.7500, 862.0500) on Layer M3
violation type: Short
	srcs: net:u_riscv_top/register_file/_10496_ net:u_riscv_top/register_file/_10513_
	bbox = (342.8500, 42.9500) - (342.9500, 43.0500) on Layer M3
violation type: Short
	srcs: net:mem_wdata[29] net:u_data_mem/_41146_
	bbox = (343.0500, 629.7500) - (343.1500, 629.8500) on Layer M3
violation type: Short
	srcs: net:u_riscv_top/register_file/_08933_ net:u_riscv_top/register_file/_10508_
	bbox = (343.4500, 109.9500) - (343.5500, 110.0500) on Layer M3
violation type: Short
	srcs: net:u_riscv_top/register_file/_06759_ net:u_riscv_top/register_file/_07227_
	bbox = (343.4500, 123.9500) - (343.5500, 124.0500) on Layer M3
violation type: Short
	srcs: net:A2_sim[1] net:u_riscv_top/register_file/_06759_
	bbox = (343.4500, 124.1500) - (343.5500, 124.2500) on Layer M3
violation type: Short
	srcs: net:u_riscv_top/register_file/_08504_ net:u_riscv_top/register_file/regfile\[30\][0]
	bbox = (344.0500, 149.5500) - (344.1500, 149.6500) on Layer M3
violation type: Short
	srcs: net:u_riscv_top/register_file/_06217_ net:u_riscv_top/register_file/regfile\[30\][1]
	bbox = (344.2500, 224.7500) - (344.3500, 224.8500) on Layer M3
violation type: Short
	srcs: net:u_data_mem/_36673_ net:u_data_mem/_41134_
	bbox = (344.2700, 528.3500) - (344.3300, 528.4500) on Layer M3
violation type: Short
	srcs: net:rst net:u_data_mem/bank1\[32\][26]
	bbox = (344.8500, 716.1500) - (344.9500, 716.2500) on Layer M3
violation type: Short
	srcs: net:u_data_mem/_35544_ net:u_data_mem/_35546_
	bbox = (345.2500, 497.3500) - (345.3500, 497.4500) on Layer M3
violation type: Short
	srcs: net:u_data_mem/_18288_ net:u_data_mem/_40211_
	bbox = (346.0500, 952.5500) - (346.1500, 952.6500) on Layer M3
violation type: Short
	srcs: net:u_riscv_top/register_file/_07231_ net:u_riscv_top/register_file/_09660_
	bbox = (346.4500, 22.7500) - (346.5500, 22.8500) on Layer M3
violation type: Short
	srcs: net:u_data_mem/_40154_ net:u_data_mem/_41205_
	bbox = (346.4500, 519.9500) - (346.5500, 520.0500) on Layer M3
violation type: Short
	srcs: net:u_data_mem/_35536_ net:u_data_mem/_41097_
	bbox = (346.4500, 876.9500) - (346.5500, 877.0500) on Layer M3
violation type: Short
	srcs: net:u_riscv_top/register_file/_06188_ net:u_riscv_top/register_file/_08033_
	bbox = (347.0500, 136.7500) - (347.1500, 136.8500) on Layer M3
violation type: Short
	srcs: net:u_riscv_top/h2[16] net:u_riscv_top/h2[4]
	bbox = (347.8500, 449.7500) - (347.9500, 449.8500) on Layer M3
violation type: Short
	srcs: net:A3_sim[0] net:A3_sim[2]
	bbox = (348.0500, 16.5500) - (348.1500, 16.6500) on Layer M3
violation type: Short
	srcs: net:u_riscv_top/register_file/_07231_ net:u_riscv_top/register_file/regfile\[30\][14]
	bbox = (348.8700, 56.9500) - (348.9300, 57.0500) on Layer M3
violation type: Short
	srcs: net:u_riscv_top/register_file/_10527_ net:u_riscv_top/register_file/regfile\[24\][28]
	bbox = (349.2500, 104.5500) - (349.3500, 104.6500) on Layer M3
violation type: Short
	srcs: net:u_riscv_top/clk_md_mul net:u_riscv_top/mult_result_md[9]
	bbox = (349.6500, 313.3500) - (349.7500, 313.4500) on Layer M3
violation type: Short
	srcs: net:u_data_mem/_35611_ net:u_data_mem/_39506_
	bbox = (349.6500, 613.9500) - (349.7500, 614.0500) on Layer M3
violation type: Short
	srcs: net:u_riscv_top/register_file/_07222_ net:u_riscv_top/register_file/_09727_
	bbox = (349.8500, 114.7500) - (349.9500, 114.8500) on Layer M3
violation type: Short
	srcs: net:u_riscv_top/register_file/_08049_ net:u_riscv_top/register_file/_09727_
	bbox = (349.8500, 114.9500) - (349.9500, 115.0500) on Layer M3
violation type: Short
	srcs: net:u_riscv_top/register_file/_07231_ net:u_riscv_top/register_file/_09727_
	bbox = (350.0100, 115.5500) - (350.1900, 115.6500) on Layer M3
violation type: Short
	srcs: net:u_riscv_top/register_file/_08049_ net:u_riscv_top/register_file/_09727_
	bbox = (350.0500, 115.3500) - (350.1500, 115.4500) on Layer M3
violation type: Short
	srcs: net:u_riscv_top/register_file/_07231_ net:u_riscv_top/register_file/_09727_
	bbox = (350.0500, 115.5500) - (350.1500, 115.6500) on Layer M3
violation type: Short
	srcs: net:u_data_mem/_38965_ net:u_data_mem/bank1\[47\][11]
	bbox = (350.2100, 591.3500) - (350.3900, 591.4500) on Layer M3
violation type: Short
	srcs: net:u_data_mem/_35549_ net:u_data_mem/bank1\[47\][11]
	bbox = (350.2500, 591.1500) - (350.3500, 591.2500) on Layer M3
violation type: Short
	srcs: net:u_data_mem/_38965_ net:u_data_mem/bank1\[47\][11]
	bbox = (350.2500, 591.3500) - (350.3500, 591.4500) on Layer M3
violation type: Short
	srcs: net:u_data_mem/_41117_ net:clknet_10_897__leaf_clk
	bbox = (350.2500, 879.9500) - (350.3500, 880.0500) on Layer M3
violation type: Short
	srcs: net:u_data_mem/_41258_ net:u_data_mem/bank1\[47\][11]
	bbox = (350.6500, 590.7500) - (350.7500, 590.8500) on Layer M3
violation type: Short
	srcs: net:u_data_mem/_41165_ net:clknet_8_150_0_clk
	bbox = (350.8500, 612.7500) - (350.9500, 612.8500) on Layer M3
violation type: Short
	srcs: net:u_riscv_top/register_file/_10527_ net:u_riscv_top/register_file/regfile\[24\][28]
	bbox = (350.9500, 104.5500) - (351.0500, 104.6500) on Layer M3
violation type: Short
	srcs: net:A1_sim[0] net:u_riscv_top/register_file/_08049_
	bbox = (350.9500, 164.1500) - (351.0500, 164.2500) on Layer M3
violation type: Short
	srcs: net:mem_wdata[24] net:net1319
	bbox = (350.9500, 529.3500) - (351.0500, 529.4500) on Layer M3
violation type: Short
	srcs: net:mem_wdata[24] net:net1319
	bbox = (350.9500, 529.3500) - (351.5500, 529.4500) on Layer M3
violation type: Short
	srcs: net:riscv_we net:u_data_mem/_38036_
	bbox = (350.9500, 530.5500) - (351.0500, 530.6500) on Layer M3
violation type: Short
	srcs: net:u_data_mem/_35551_ net:u_data_mem/_38036_
	bbox = (350.9500, 530.7500) - (351.0500, 530.8500) on Layer M3
violation type: Short
	srcs: net:mem_wdata[3] net:u_data_mem/_38021_
	bbox = (350.9500, 644.1500) - (351.0500, 644.2500) on Layer M3
violation type: Short
	srcs: net:u_data_mem/_35620_ net:u_data_mem/_37731_
	bbox = (350.9500, 658.9500) - (351.0500, 659.0500) on Layer M3
violation type: Short
	srcs: net:u_data_mem/_18343_ net:u_data_mem/_41144_
	bbox = (350.9500, 727.3500) - (351.0500, 727.4500) on Layer M3
violation type: Short
	srcs: net:u_data_mem/_40961_ net:u_data_mem/_41086_
	bbox = (350.9500, 927.1500) - (351.0500, 927.2500) on Layer M3
violation type: Short
	srcs: net:u_riscv_top/register_file/_08404_ net:u_riscv_top/register_file/_08417_
	bbox = (351.0100, 202.1500) - (351.0500, 202.2500) on Layer M3
violation type: Short
	srcs: net:u_data_mem/_18358_ net:u_data_mem/_40957_
	bbox = (351.0495, 747.7500) - (351.0505, 747.8500) on Layer M3
violation type: Short
	srcs: net:apb_rdata[19] net:riscv_rdata[3]
	bbox = (351.0500, 492.9500) - (351.0900, 493.0500) on Layer M3
violation type: Short
	srcs: net:mem_wdata[1] net:u_data_mem/_41125_
	bbox = (351.0500, 783.3500) - (351.1500, 783.4500) on Layer M3
violation type: Short
	srcs: net:u_data_mem/_22950_ net:u_data_mem/_37527_
	bbox = (351.2500, 853.3500) - (351.3500, 853.4500) on Layer M3
violation type: Short
	srcs: net:u_riscv_top/register_file/_06681_ net:u_riscv_top/register_file/_08850_
	bbox = (351.4500, 177.9500) - (351.5500, 178.0500) on Layer M3
violation type: Short
	srcs: net:mem_wdata[24] net:net1319
	bbox = (351.4500, 529.3500) - (351.5500, 529.4500) on Layer M3
violation type: Short
	srcs: net:u_riscv_top/register_file/_06199_ net:u_riscv_top/register_file/_10503_
	bbox = (351.6500, 73.3500) - (351.7500, 73.4500) on Layer M3
violation type: Short
	srcs: net:u_riscv_top/register_file/_08116_ net:u_riscv_top/register_file/_08130_
	bbox = (351.6500, 111.9500) - (351.7500, 112.0500) on Layer M3
violation type: Short
	srcs: net:mem_wdata[9] net:u_data_mem/_35539_
	bbox = (351.6500, 735.3500) - (351.7500, 735.4500) on Layer M3
violation type: Short
	srcs: net:u_data_mem/_25113_ net:u_data_mem/_41228_
	bbox = (351.6500, 745.3500) - (351.7500, 745.4500) on Layer M3
violation type: Short
	srcs: net:u_data_mem/_18288_ net:u_data_mem/_41092_
	bbox = (351.6500, 926.5500) - (351.7500, 926.6500) on Layer M3
violation type: Short
	srcs: net:u_riscv_top/register_file/_06212_ net:u_riscv_top/register_file/_10516_
	bbox = (352.0500, 102.7500) - (352.1500, 102.8500) on Layer M3
violation type: Short
	srcs: net:u_data_mem/_35544_ net:u_data_mem/_41001_
	bbox = (352.0500, 883.3500) - (352.1500, 883.4500) on Layer M3
violation type: Short
	srcs: net:mem_wdata[16] net:u_data_mem/_40808_
	bbox = (352.2500, 645.7500) - (352.3500, 645.8500) on Layer M3
violation type: Short
	srcs: net:apb_addr[19] net:riscv_rdata[11]
	bbox = (352.8500, 525.3500) - (352.9500, 525.4500) on Layer M3
violation type: Short
	srcs: net:RD1_sim[17] net:u_riscv_top/register_file/_08399_
	bbox = (354.0500, 196.5500) - (354.1500, 196.6500) on Layer M3
violation type: Short
	srcs: net:u_data_mem/_24934_ net:u_data_mem/_41239_
	bbox = (354.0500, 757.9500) - (354.1500, 758.0500) on Layer M3
violation type: Short
	srcs: net:u_riscv_top/register_file/_06194_ net:u_riscv_top/register_file/_10518_
	bbox = (355.6500, 107.5500) - (355.7500, 107.6500) on Layer M3
violation type: Short
	srcs: net:u_riscv_top/register_file/_10091_ net:u_riscv_top/register_file/_10527_
	bbox = (357.4500, 37.7500) - (357.5500, 37.8500) on Layer M3
violation type: Short
	srcs: net:u_riscv_top/register_file/_06218_ net:u_riscv_top/register_file/_10091_
	bbox = (357.4500, 37.9500) - (357.5500, 38.0500) on Layer M3
violation type: Short
	srcs: net:u_data_mem/_35243_ net:u_data_mem/_35543_
	bbox = (357.6500, 604.5500) - (357.7500, 604.6500) on Layer M3
violation type: Short
	srcs: net:u_riscv_top/register_file/_09775_ net:u_riscv_top/register_file/_10524_
	bbox = (358.6500, 154.7500) - (358.7500, 154.8500) on Layer M3
violation type: Short
	srcs: net:u_data_mem/_18347_ net:u_data_mem/_35538_
	bbox = (358.6500, 520.7500) - (358.7500, 520.8500) on Layer M3
violation type: Short
	srcs: net:u_riscv_top/rst_fp_add_n net:u_riscv_top/u_bridge_core_to_fp_add/net1432
	bbox = (359.2500, 433.9500) - (359.3500, 434.0500) on Layer M3
violation type: Short
	srcs: net:u_data_mem/_35551_ net:u_data_mem/_35601_
	bbox = (359.2500, 955.7500) - (359.3500, 955.8500) on Layer M3
violation type: Short
	srcs: net:u_riscv_top/register_file/_08050_ net:u_riscv_top/register_file/_10513_
	bbox = (359.4500, 43.5500) - (359.5500, 43.6500) on Layer M3
violation type: Short
	srcs: net:u_riscv_top/register_file/_06214_ net:u_riscv_top/register_file/_09652_
	bbox = (359.4500, 127.7500) - (359.5500, 127.8500) on Layer M3
violation type: Short
	srcs: net:u_data_mem/_24946_ net:u_data_mem/_40966_
	bbox = (360.4500, 735.9500) - (360.5500, 736.0500) on Layer M3
violation type: Short
	srcs: net:u_riscv_top/register_file/_07228_ net:u_riscv_top/register_file/_09376_
	bbox = (360.6500, 88.3500) - (360.7500, 88.4500) on Layer M3
violation type: Short
	srcs: net:u_riscv_top/register_file/_09655_ net:u_riscv_top/register_file/regfile\[22\][0]
	bbox = (360.8500, 143.7500) - (360.9500, 143.8500) on Layer M3
violation type: Short
	srcs: net:RD2_sim[17] net:u_riscv_top/register_file/_08852_
	bbox = (361.0500, 200.1500) - (361.1500, 200.2500) on Layer M3
violation type: Short
	srcs: net:u_riscv_top/register_file/_06189_ net:u_riscv_top/register_file/_06217_
	bbox = (361.0500, 251.7500) - (361.1500, 251.8500) on Layer M3
violation type: Short
	srcs: net:mem_wdata[9] net:u_data_mem/_38595_
	bbox = (361.0500, 690.9500) - (361.1500, 691.0500) on Layer M3
violation type: Short
	srcs: net:u_data_mem/_39166_ net:u_data_mem/_41001_
	bbox = (361.4500, 883.9500) - (361.5500, 884.0500) on Layer M3
violation type: Short
	srcs: net:u_data_mem/_35546_ net:u_data_mem/_39166_
	bbox = (361.4500, 884.1500) - (361.5500, 884.2500) on Layer M3
violation type: Short
	srcs: net:u_riscv_top/register_file/_06215_ net:u_riscv_top/register_file/regfile\[23\][20]
	bbox = (362.2700, 255.9500) - (362.3500, 256.0500) on Layer M3
violation type: Short
	srcs: net:mem_wdata[18] net:u_data_mem/_41144_
	bbox = (363.0500, 611.7500) - (363.1500, 611.8500) on Layer M3
violation type: Short
	srcs: net:u_data_mem/_35567_ net:u_data_mem/_36023_
	bbox = (363.2500, 673.3500) - (363.3500, 673.4500) on Layer M3
violation type: Short
	srcs: net:u_riscv_top/register_file/_07231_ net:u_riscv_top/register_file/_08316_
	bbox = (363.4100, 255.9500) - (363.9300, 256.0500) on Layer M3
violation type: Short
	srcs: net:u_riscv_top/register_file/_07223_ net:u_riscv_top/register_file/_08276_
	bbox = (363.4500, 17.7500) - (363.5500, 17.8500) on Layer M3
violation type: Short
	srcs: net:u_riscv_top/register_file/_06215_ net:u_riscv_top/register_file/_06449_
	bbox = (365.2500, 100.5500) - (365.3500, 100.6500) on Layer M3
violation type: Short
	srcs: net:u_riscv_top/register_file/_06868_ net:u_riscv_top/register_file/_07229_
	bbox = (365.4500, 61.3500) - (365.5500, 61.4500) on Layer M3
violation type: Short
	srcs: net:mem_wdata[16] net:u_data_mem/_40808_
	bbox = (365.4500, 645.7500) - (365.5500, 645.8500) on Layer M3
violation type: Short
	srcs: net:u_data_mem/_36799_ net:clknet_8_148_0_clk
	bbox = (365.8500, 561.3500) - (365.9500, 561.4500) on Layer M3
violation type: Short
	srcs: net:u_riscv_top/register_file/_06215_ net:u_riscv_top/register_file/regfile\[18\][20]
	bbox = (366.2100, 255.1500) - (366.3300, 255.2500) on Layer M3
violation type: Short
	srcs: net:u_riscv_top/register_file/_06193_ net:u_riscv_top/register_file/_07224_
	bbox = (366.4500, 190.9500) - (366.5500, 191.0500) on Layer M3
violation type: Short
	srcs: net:u_data_mem/_41053_ net:clknet_10_726__leaf_clk
	bbox = (366.4500, 784.9500) - (366.5500, 785.0500) on Layer M3
violation type: Short
	srcs: net:A3_sim[0] net:u_riscv_top/register_file/_10496_
	bbox = (367.8500, 42.9500) - (367.9500, 43.0500) on Layer M3
violation type: Short
	srcs: net:u_riscv_top/register_file/_06191_ net:u_riscv_top/register_file/_07225_
	bbox = (368.4500, 23.5500) - (368.5500, 23.6500) on Layer M3
violation type: Short
	srcs: net:u_data_mem/_18347_ net:u_data_mem/_24682_
	bbox = (369.4500, 568.5500) - (369.5500, 568.6500) on Layer M3
violation type: Short
	srcs: net:u_riscv_top/register_file/_10512_ net:u_riscv_top/register_file/regfile\[3\][24]
	bbox = (369.8500, 145.9500) - (369.9500, 146.0500) on Layer M3
violation type: Short
	srcs: net:u_data_mem/_41014_ net:u_data_mem/_41210_
	bbox = (370.0500, 729.1500) - (370.1500, 729.2500) on Layer M3
violation type: Short
	srcs: net:apb_rdata[14] net:apb_rdata[18]
	bbox = (370.4500, 513.1500) - (370.5500, 513.2500) on Layer M3
violation type: Short
	srcs: net:u_data_mem/_18347_ net:u_data_mem/_35538_
	bbox = (370.4500, 520.7500) - (370.5500, 520.8500) on Layer M3
violation type: Short
	srcs: net:A1_sim[1] net:u_riscv_top/register_file/_06191_
	bbox = (370.6500, 23.5500) - (370.7500, 23.6500) on Layer M3
violation type: Short
	srcs: net:A1_sim[0] net:u_riscv_top/register_file/_10498_
	bbox = (370.6500, 189.3500) - (370.7500, 189.4500) on Layer M3
violation type: Short
	srcs: net:u_data_mem/_18347_ net:u_data_mem/_39825_
	bbox = (370.8500, 568.5500) - (370.9500, 568.6500) on Layer M3
violation type: Short
	srcs: net:u_riscv_top/register_file/_06215_ net:u_riscv_top/register_file/_10513_
	bbox = (371.0500, 100.5500) - (371.1500, 100.6500) on Layer M3
violation type: Short
	srcs: net:u_riscv_top/h2[0] net:u_riscv_top/FP_Adder/_1517_
	bbox = (371.2500, 408.3500) - (371.3500, 408.4500) on Layer M3
violation type: Short
	srcs: net:u_data_mem/_35532_ net:u_data_mem/_35536_
	bbox = (371.6500, 620.3500) - (371.7500, 620.4500) on Layer M3
violation type: Short
	srcs: net:u_riscv_top/FP_Adder/fracB[20] net:u_riscv_top/FP_Adder/zeroA
	bbox = (371.9500, 407.5500) - (372.0500, 407.6500) on Layer M3
violation type: Short
	srcs: net:A1_sim[0] net:u_riscv_top/register_file/_07225_
	bbox = (372.0500, 22.7500) - (372.1500, 22.8500) on Layer M3
violation type: Short
	srcs: net:u_riscv_top/register_file/_10525_ net:u_riscv_top/register_file/_10527_
	bbox = (372.2500, 97.1500) - (372.3500, 97.2500) on Layer M3
violation type: Short
	srcs: net:u_riscv_top/mult_req_data_b[45] net:u_riscv_top/mult_req_data_b[46]
	bbox = (372.2500, 339.9500) - (372.3500, 340.0500) on Layer M3
violation type: Short
	srcs: net:riscv_addr[5] net:u_riscv_top/h2[20]
	bbox = (372.2500, 423.7500) - (372.3500, 423.8500) on Layer M3
violation type: Short
	srcs: net:u_data_mem/_35542_ net:clknet_10_187__leaf_clk
	bbox = (372.2500, 479.5500) - (372.3500, 479.6500) on Layer M3
violation type: Short
	srcs: net:A2_sim[4] net:u_riscv_top/register_file/_10501_
	bbox = (372.4100, 248.9500) - (372.5900, 249.0500) on Layer M3
violation type: Short
	srcs: net:u_riscv_top/register_file/_06205_ net:u_riscv_top/register_file/_08850_
	bbox = (372.4500, 143.7500) - (372.5500, 143.8500) on Layer M3
violation type: Short
	srcs: net:A2_sim[4] net:u_riscv_top/register_file/_10501_
	bbox = (372.4500, 248.9500) - (372.5500, 249.0500) on Layer M3
violation type: Short
	srcs: net:u_riscv_top/register_file/_10507_ net:u_riscv_top/register_file/_10527_
	bbox = (372.4500, 257.1500) - (372.5500, 257.2500) on Layer M3
violation type: Short
	srcs: net:u_riscv_top/h1[20] net:u_riscv_top/FP_Adder/expB[5]
	bbox = (372.4500, 415.7500) - (372.5500, 415.8500) on Layer M3
violation type: Short
	srcs: net:apb_addr[19] net:apb_rdata[4]
	bbox = (372.4500, 525.7500) - (372.5500, 525.8500) on Layer M3
violation type: Short
	srcs: net:u_riscv_top/register_file/_10512_ net:u_riscv_top/register_file/regfile\[3\][24]
	bbox = (372.8500, 145.9500) - (372.9500, 146.0500) on Layer M3
violation type: Short
	srcs: net:u_riscv_top/h1[25] net:u_riscv_top/h2[26]
	bbox = (373.8500, 397.1500) - (373.9500, 397.2500) on Layer M3
violation type: Short
	srcs: net:u_riscv_top/register_file/_09662_ net:u_riscv_top/register_file/regfile\[16\][24]
	bbox = (374.2100, 169.9500) - (374.7300, 170.0500) on Layer M3
violation type: Short
	srcs: net:mem_addr[0] net:mem_wdata[4]
	bbox = (375.2500, 520.9500) - (375.3500, 521.0500) on Layer M3
violation type: Short
	srcs: net:mem_addr[0] net:mem_wdata[4]
	bbox = (375.2500, 520.9500) - (375.7500, 521.0500) on Layer M3
violation type: Short
	srcs: net:mem_wdata[13] net:u_data_mem/_40029_
	bbox = (375.2500, 628.5500) - (375.3500, 628.6500) on Layer M3
violation type: Short
	srcs: net:rst net:u_data_mem/_18358_
	bbox = (375.2500, 798.7500) - (375.3500, 798.8500) on Layer M3
violation type: Short
	srcs: net:mem_addr[0] net:mem_wdata[4]
	bbox = (375.6500, 520.9500) - (375.7500, 521.0500) on Layer M3
violation type: Short
	srcs: net:WD5_sim[1] net:u_riscv_top/register_file/_10496_
	bbox = (376.0500, 253.5500) - (376.1500, 253.6500) on Layer M3
violation type: Short
	srcs: net:mem_wdata[0] net:u_riscv_top/stallF
	bbox = (376.0500, 501.9500) - (376.1500, 502.0500) on Layer M3
violation type: Short
	srcs: net:apb_rdata[30] net:u_data_mem/_35538_
	bbox = (376.0500, 520.3500) - (376.1500, 520.4500) on Layer M3
violation type: Short
	srcs: net:u_data_mem/_24453_ net:u_data_mem/_39284_
	bbox = (376.0500, 676.9500) - (376.1500, 677.0500) on Layer M3
violation type: Short
	srcs: net:u_riscv_top/register_file/_10515_ net:u_riscv_top/register_file/_10516_
	bbox = (376.2500, 28.5500) - (376.3500, 28.6500) on Layer M3
violation type: Short
	srcs: net:mem_wdata[30] net:u_data_mem/_36052_
	bbox = (376.4500, 919.1500) - (376.5500, 919.2500) on Layer M3
violation type: Short
	srcs: net:mem_addr[0] net:u_data_mem/_24983_
	bbox = (376.6500, 784.5500) - (376.7500, 784.6500) on Layer M3
violation type: Short
	srcs: net:u_data_mem/_40945_ net:u_data_mem/_41099_
	bbox = (377.4500, 730.1500) - (377.5500, 730.2500) on Layer M3
violation type: Short
	srcs: net:u_riscv_top/h1[15] net:u_riscv_top/FP_Adder/_1237_
	bbox = (377.6500, 448.1500) - (377.7500, 448.2500) on Layer M3
violation type: Short
	srcs: net:mem_wdata[12] net:u_data_mem/_37861_
	bbox = (378.2100, 600.5500) - (378.7300, 600.6500) on Layer M3
violation type: Short
	srcs: net:apb_rdata[30] net:u_data_mem/_35538_
	bbox = (378.2500, 520.3500) - (378.3500, 520.4500) on Layer M3
violation type: Short
	srcs: net:u_riscv_top/mux5/_230_ net:clknet_4_2_0_clk
	bbox = (378.6100, 493.9500) - (379.1300, 494.0500) on Layer M3
violation type: Short
	srcs: net:riscv_rdata[13] net:riscv_rdata[25]
	bbox = (378.6500, 494.3500) - (378.7500, 494.4500) on Layer M3
violation type: Short
	srcs: net:u_riscv_top/mux5/_230_ net:clknet_4_2_0_clk
	bbox = (379.0500, 493.9500) - (379.1300, 494.0500) on Layer M3
violation type: Short
	srcs: net:u_riscv_top/register_file/_08049_ net:u_riscv_top/register_file/regfile\[14\][12]
	bbox = (379.2100, 81.9500) - (379.3900, 82.0500) on Layer M3
violation type: Short
	srcs: net:u_riscv_top/register_file/_08049_ net:u_riscv_top/register_file/regfile\[14\][12]
	bbox = (379.2500, 81.9500) - (379.3500, 82.0500) on Layer M3
violation type: Short
	srcs: net:u_data_mem/_24948_ net:u_data_mem/_40954_
	bbox = (379.4500, 753.9500) - (379.5500, 754.0500) on Layer M3
violation type: Short
	srcs: net:mem_wdata[31] net:u_data_mem/_41265_
	bbox = (379.4500, 835.3500) - (379.5500, 835.4500) on Layer M3
violation type: Short
	srcs: net:RD1_sim[14] net:u_riscv_top/register_file/regfile\[28\][12]
	bbox = (379.6500, 55.5500) - (379.7500, 55.6500) on Layer M3
violation type: Short
	srcs: net:u_riscv_top/register_file/_06201_ net:u_riscv_top/register_file/_08536_
	bbox = (379.6500, 82.9500) - (379.7500, 83.0500) on Layer M3
violation type: Short
	srcs: net:A1_sim[0] net:u_riscv_top/register_file/_08536_
	bbox = (379.6500, 83.1500) - (379.7500, 83.2500) on Layer M3
violation type: Short
	srcs: net:u_riscv_top/register_file/_07409_ net:u_riscv_top/register_file/_10515_
	bbox = (381.0500, 154.9500) - (381.1500, 155.0500) on Layer M3
violation type: Short
	srcs: net:mem_wdata[30] net:u_data_mem/_24627_
	bbox = (381.0500, 582.9500) - (381.1500, 583.0500) on Layer M3
violation type: Short
	srcs: net:apb_rdata[19] net:u_riscv_top/mux5/_231_
	bbox = (381.2100, 493.5500) - (381.3900, 493.6500) on Layer M3
violation type: Short
	srcs: net:apb_rdata[19] net:u_riscv_top/mux5/_231_
	bbox = (381.2500, 493.5500) - (381.3500, 493.6500) on Layer M3
violation type: Short
	srcs: net:u_riscv_top/register_file/_07409_ net:u_riscv_top/register_file/_10524_
	bbox = (381.4500, 154.5500) - (381.5500, 154.6500) on Layer M3
violation type: Short
	srcs: net:u_riscv_top/register_file/_08049_ net:u_riscv_top/register_file/_10528_
	bbox = (381.6500, 82.3500) - (381.7500, 82.4500) on Layer M3
violation type: Short
	srcs: net:u_riscv_top/register_file/_08049_ net:u_riscv_top/register_file/_10528_
	bbox = (381.8500, 82.1500) - (381.9500, 82.2500) on Layer M3
violation type: Short
	srcs: net:u_riscv_top/mult_req_data_b[45] net:u_riscv_top/mult_req_data_b[46]
	bbox = (381.8500, 340.5500) - (381.9300, 340.6500) on Layer M3
violation type: Short
	srcs: net:riscv_addr[5] net:u_riscv_top/h2[20]
	bbox = (382.2500, 423.5500) - (382.3500, 423.6500) on Layer M3
violation type: Short
	srcs: net:u_riscv_top/register_file/_07227_ net:u_riscv_top/register_file/_09660_
	bbox = (382.4700, 159.7500) - (382.5900, 159.8500) on Layer M3
violation type: Short
	srcs: net:u_riscv_top/register_file/_09030_ net:u_riscv_top/register_file/_09660_
	bbox = (382.6100, 140.7500) - (382.7900, 140.8500) on Layer M3
violation type: Short
	srcs: net:u_riscv_top/register_file/_09030_ net:u_riscv_top/register_file/_09660_
	bbox = (382.6500, 140.7500) - (382.7500, 140.8500) on Layer M3
violation type: Short
	srcs: net:u_data_mem/_40957_ net:u_data_mem/bank0\[48\][28]
	bbox = (382.6500, 925.3500) - (382.7500, 925.4500) on Layer M3
violation type: Short
	srcs: net:u_riscv_top/h2[25] net:u_riscv_top/FP_Adder/_1796_
	bbox = (382.8500, 397.5500) - (382.9500, 397.6500) on Layer M3
violation type: Short
	srcs: net:u_riscv_top/register_file/_08216_ net:u_riscv_top/register_file/_09823_
	bbox = (384.2500, 159.9500) - (384.3500, 160.0500) on Layer M3
violation type: Short
	srcs: net:u_riscv_top/h1[20] net:u_riscv_top/FP_Adder/expB[5]
	bbox = (384.6500, 415.7500) - (384.7500, 415.8500) on Layer M3
violation type: Short
	srcs: net:u_data_mem/_35544_ net:u_data_mem/bank1\[47\][31]
	bbox = (384.6500, 573.9500) - (384.7500, 574.0500) on Layer M3
violation type: Short
	srcs: net:mem_wdata[30] net:u_data_mem/bank1\[40\][30]
	bbox = (384.6500, 582.9500) - (384.7500, 583.0500) on Layer M3
violation type: Short
	srcs: net:WD5_sim[20] net:u_riscv_top/net603
	bbox = (384.8500, 493.3500) - (384.9500, 493.4500) on Layer M3
violation type: Short
	srcs: net:WD5_sim[20] net:u_riscv_top/net603
	bbox = (384.8500, 493.3500) - (385.1500, 493.4500) on Layer M3
violation type: Short
	srcs: net:WD5_sim[20] net:u_riscv_top/net603
	bbox = (385.0500, 493.3500) - (385.1500, 493.4500) on Layer M3
violation type: Short
	srcs: net:u_data_mem/_37632_ net:u_data_mem/_37633_
	bbox = (385.0500, 624.1500) - (385.1500, 624.2500) on Layer M3
violation type: Short
	srcs: net:u_riscv_top/register_file/_07236_ net:u_riscv_top/register_file/regfile\[30\][18]
	bbox = (385.4500, 254.9500) - (385.5500, 255.0500) on Layer M3
violation type: Short
	srcs: net:u_data_mem/_35601_ net:u_data_mem/_40857_
	bbox = (385.4500, 644.7500) - (385.5500, 644.8500) on Layer M3
violation type: Short
	srcs: net:u_data_mem/_25742_ net:u_data_mem/_41265_
	bbox = (385.6500, 835.3500) - (385.7500, 835.4500) on Layer M3
violation type: Short
	srcs: net:riscv_rdata[26] net:u_riscv_top/net607
	bbox = (386.0500, 502.3500) - (386.1500, 502.4500) on Layer M3
violation type: Short
	srcs: net:u_riscv_top/register_file/_06900_ net:u_riscv_top/register_file/_10501_
	bbox = (386.2500, 114.9500) - (386.3500, 115.0500) on Layer M3
violation type: Short
	srcs: net:u_riscv_top/register_file/_08049_ net:u_riscv_top/register_file/_10507_
	bbox = (386.2500, 256.7500) - (386.3500, 256.8500) on Layer M3
violation type: Short
	srcs: net:u_riscv_top/h1[22] net:u_riscv_top/h2[30]
	bbox = (386.8500, 430.3500) - (386.9500, 430.4500) on Layer M3
violation type: Short
	srcs: net:u_data_mem/_25501_ net:u_data_mem/_41097_
	bbox = (387.0500, 876.9500) - (387.1500, 877.0500) on Layer M3
violation type: Short
	srcs: net:apb_addr[25] net:u_riscv_top/mux5/_230_
	bbox = (387.2500, 494.9500) - (387.3500, 495.0500) on Layer M3
violation type: Short
	srcs: net:mem_addr[1] net:u_data_mem/_35543_
	bbox = (387.4700, 612.7500) - (387.5500, 612.8500) on Layer M3
violation type: Short
	srcs: net:mem_addr[1] net:u_data_mem/_35543_
	bbox = (387.4700, 612.7500) - (387.9900, 612.8500) on Layer M3
violation type: Short
	srcs: net:u_data_mem/_41059_ net:u_data_mem/_41099_
	bbox = (388.0500, 771.7500) - (388.1500, 771.8500) on Layer M3
violation type: Short
	srcs: net:u_data_mem/_20645_ net:u_data_mem/_35558_
	bbox = (388.8500, 640.7500) - (388.9500, 640.8500) on Layer M3
violation type: Short
	srcs: net:mem_wdata[0] net:u_data_mem/_41059_
	bbox = (388.8500, 875.7500) - (388.9500, 875.8500) on Layer M3
violation type: Short
	srcs: net:u_data_mem/_41103_ net:clknet_10_630__leaf_clk
	bbox = (389.2500, 683.9500) - (389.3500, 684.0500) on Layer M3
violation type: Short
	srcs: net:u_data_mem/_25461_ net:u_data_mem/_35533_
	bbox = (389.4500, 798.7500) - (389.5500, 798.8500) on Layer M3
violation type: Short
	srcs: net:u_data_mem/_25461_ net:u_data_mem/_35533_
	bbox = (389.4500, 798.7500) - (389.7900, 798.8500) on Layer M3
violation type: Short
	srcs: net:u_data_mem/_35547_ net:u_data_mem/_41033_
	bbox = (389.4500, 808.1500) - (389.5500, 808.2500) on Layer M3
violation type: Short
	srcs: net:u_data_mem/_41103_ net:clknet_10_630__leaf_clk
	bbox = (389.6500, 684.1500) - (389.7500, 684.2500) on Layer M3
violation type: Short
	srcs: net:u_riscv_top/register_file/_06207_ net:u_riscv_top/register_file/regfile\[30\][11]
	bbox = (389.8500, 111.3500) - (389.9500, 111.4500) on Layer M3
violation type: Short
	srcs: net:RD3_sim[28] net:u_riscv_top/register_file/regfile\[30\][11]
	bbox = (389.8500, 111.7500) - (389.9500, 111.8500) on Layer M3
violation type: Short
	srcs: net:u_data_mem/_35539_ net:u_data_mem/_36050_
	bbox = (389.8500, 919.7500) - (389.9500, 919.8500) on Layer M3
violation type: Short
	srcs: net:A3_sim[2] net:u_riscv_top/register_file/_10512_
	bbox = (390.2500, 203.1500) - (390.3500, 203.2500) on Layer M3
violation type: Short
	srcs: net:A3_sim[2] net:RD4_sim[17]
	bbox = (390.2500, 203.7500) - (390.3500, 203.8500) on Layer M3
violation type: Short
	srcs: net:u_data_mem/_35550_ net:u_data_mem/_41033_
	bbox = (390.6500, 808.1500) - (390.7500, 808.2500) on Layer M3
violation type: Short
	srcs: net:u_data_mem/_35601_ net:u_data_mem/_41067_
	bbox = (391.0500, 811.7500) - (391.1500, 811.8500) on Layer M3
violation type: Short
	srcs: net:u_riscv_top/clk_fp_add net:u_riscv_top/h2[29]
	bbox = (391.2500, 431.3500) - (391.3500, 431.4500) on Layer M3
violation type: Short
	srcs: net:u_data_mem/_35545_ net:u_data_mem/_35844_
	bbox = (391.8500, 605.9500) - (391.9500, 606.0500) on Layer M3
violation type: Short
	srcs: net:mem_wdata[4] net:u_riscv_top/mux5/net2462
	bbox = (392.2500, 519.7500) - (392.3500, 519.8500) on Layer M3
violation type: Short
	srcs: net:u_riscv_top/register_file/_08049_ net:u_riscv_top/register_file/_08050_
	bbox = (392.4500, 174.9500) - (392.5500, 175.0500) on Layer M3
violation type: Short
	srcs: net:u_data_mem/_35544_ net:u_data_mem/_37594_
	bbox = (392.4500, 629.5500) - (392.5500, 629.6500) on Layer M3
violation type: Short
	srcs: net:u_data_mem/_35544_ net:u_data_mem/_37594_
	bbox = (392.4500, 629.5500) - (392.7500, 629.6500) on Layer M3
violation type: Short
	srcs: net:u_riscv_top/FP_Adder/_1114_ net:u_riscv_top/FP_Adder/_1673_
	bbox = (392.6500, 360.3500) - (392.7500, 360.4500) on Layer M3
violation type: Short
	srcs: net:u_data_mem/_35544_ net:u_data_mem/_37594_
	bbox = (392.6500, 629.5500) - (392.7500, 629.6500) on Layer M3
violation type: Short
	srcs: net:mem_wdata[14] net:u_riscv_top/mux5/_231_
	bbox = (392.8500, 492.7500) - (392.9500, 492.8500) on Layer M3
violation type: Short
	srcs: net:u_data_mem/_37047_ net:u_data_mem/bank2\[34\][26]
	bbox = (392.8500, 699.9500) - (392.9500, 700.0500) on Layer M3
violation type: Short
	srcs: net:u_data_mem/_37047_ net:u_data_mem/bank2\[34\][26]
	bbox = (392.8500, 699.9500) - (392.9500, 700.2500) on Layer M3
violation type: Short
	srcs: net:u_data_mem/_37047_ net:u_data_mem/bank2\[34\][26]
	bbox = (392.8500, 700.1500) - (392.9500, 700.2500) on Layer M3
violation type: Short
	srcs: net:u_data_mem/_35546_ net:u_data_mem/bank2\[34\][26]
	bbox = (392.9495, 699.7500) - (392.9505, 699.8500) on Layer M3
violation type: Short
	srcs: net:u_riscv_top/register_file/_07492_ net:u_riscv_top/register_file/_10518_
	bbox = (392.9500, 32.1500) - (393.0500, 32.2500) on Layer M3
violation type: Short
	srcs: net:u_riscv_top/register_file/_10507_ net:u_riscv_top/register_file/_10520_
	bbox = (392.9500, 110.1500) - (393.0500, 110.2500) on Layer M3
violation type: Short
	srcs: net:u_riscv_top/register_file/_07214_ net:u_riscv_top/register_file/regfile\[9\][24]
	bbox = (392.9500, 147.5500) - (393.0500, 147.6500) on Layer M3
violation type: Short
	srcs: net:u_riscv_top/register_file/_10526_ net:u_riscv_top/register_file/regfile\[9\][24]
	bbox = (392.9500, 147.7500) - (393.0500, 147.8500) on Layer M3
violation type: Short
	srcs: net:u_riscv_top/register_file/_10498_ net:u_riscv_top/register_file/_10510_
	bbox = (392.9500, 189.3500) - (393.0500, 189.4500) on Layer M3
violation type: Short
	srcs: net:u_riscv_top/register_file/_06209_ net:u_riscv_top/register_file/_10035_
	bbox = (392.9500, 208.1500) - (393.0500, 208.2500) on Layer M3
violation type: Short
	srcs: net:riscv_addr[9] net:u_riscv_top/FP_Adder/sum_reg[20]
	bbox = (392.9500, 424.1500) - (393.0500, 424.2500) on Layer M3
violation type: Short
	srcs: net:u_data_mem/_41080_ net:u_data_mem/bank1\[41\][29]
	bbox = (392.9500, 595.3500) - (393.0500, 595.4500) on Layer M3
violation type: Short
	srcs: net:u_data_mem/_35546_ net:u_data_mem/_41080_
	bbox = (392.9500, 595.5500) - (393.0500, 595.6500) on Layer M3
violation type: Short
	srcs: net:u_data_mem/_40982_ net:u_data_mem/_41080_
	bbox = (392.9500, 595.9500) - (393.0500, 596.0500) on Layer M3
violation type: Short
	srcs: net:u_data_mem/_35546_ net:u_data_mem/bank2\[34\][26]
	bbox = (392.9500, 699.7500) - (392.9900, 699.8500) on Layer M3
violation type: Short
	srcs: net:u_data_mem/_35544_ net:u_data_mem/_35546_
	bbox = (392.9500, 791.5500) - (393.0500, 791.6500) on Layer M3
violation type: Short
	srcs: net:mem_wdata[17] net:u_data_mem/_35545_
	bbox = (392.9500, 800.5500) - (393.0500, 800.6500) on Layer M3
violation type: Short
	srcs: net:u_data_mem/_40946_ net:u_data_mem/_41031_
	bbox = (392.9500, 804.1500) - (393.0500, 804.2500) on Layer M3
violation type: Short
	srcs: net:mem_wdata[8] net:u_data_mem/_41084_
	bbox = (392.9500, 937.3500) - (393.0500, 937.4500) on Layer M3
violation type: Short
	srcs: net:u_data_mem/_35536_ net:u_data_mem/_35600_
	bbox = (392.9500, 953.5500) - (393.0500, 953.6500) on Layer M3
violation type: Short
	srcs: net:u_riscv_top/register_file/_07225_ net:u_riscv_top/register_file/_08049_
	bbox = (393.0100, 81.9500) - (393.1900, 82.0500) on Layer M3
violation type: Short
	srcs: net:u_riscv_top/register_file/_07214_ net:u_riscv_top/register_file/regfile\[9\][24]
	bbox = (393.0495, 147.3500) - (393.0505, 147.4500) on Layer M3
violation type: Short
	srcs: net:u_riscv_top/register_file/_07214_ net:u_riscv_top/register_file/regfile\[9\][24]
	bbox = (393.0495, 147.3500) - (393.0505, 147.6500) on Layer M3
violation type: Short
	srcs: net:u_riscv_top/FP_Adder/_1452_ net:u_riscv_top/FP_Adder/sum_reg[20]
	bbox = (393.0495, 424.3500) - (393.0505, 424.4500) on Layer M3
violation type: Short
	srcs: net:u_riscv_top/register_file/_07225_ net:u_riscv_top/register_file/_08049_
	bbox = (393.0500, 81.9500) - (393.1500, 82.0500) on Layer M3
violation type: Short
	srcs: net:u_riscv_top/h1[17] net:u_riscv_top/FP_Adder/_1452_
	bbox = (393.0500, 424.5500) - (393.1500, 424.6500) on Layer M3
violation type: Short
	srcs: net:u_riscv_top/TICK net:u_riscv_top/stallF
	bbox = (393.0500, 515.9500) - (393.1500, 516.0500) on Layer M3
violation type: Short
	srcs: net:u_data_mem/_35536_ net:u_data_mem/_35551_
	bbox = (393.0500, 615.9500) - (393.1500, 616.0500) on Layer M3
violation type: Short
	srcs: net:u_riscv_top/register_file/_07213_ net:u_riscv_top/register_file/_10496_
	bbox = (393.2500, 153.5500) - (393.3500, 153.6500) on Layer M3
violation type: Short
	srcs: net:u_riscv_top/register_file/_06189_ net:u_riscv_top/register_file/_10501_
	bbox = (393.2500, 251.5500) - (393.3500, 251.6500) on Layer M3
violation type: Short
	srcs: net:u_riscv_top/register_file/_07226_ net:u_riscv_top/register_file/_10501_
	bbox = (393.2500, 251.7500) - (393.3500, 251.8500) on Layer M3
violation type: Short
	srcs: net:u_riscv_top/h1[18] net:u_riscv_top/FP_Adder/_1459_
	bbox = (393.2500, 427.9500) - (393.3500, 428.0500) on Layer M3
violation type: Short
	srcs: net:u_data_mem/_39716_ net:u_data_mem/_41122_
	bbox = (393.4500, 656.5500) - (393.5500, 656.6500) on Layer M3
violation type: Short
	srcs: net:A2_sim[0] net:u_riscv_top/register_file/_09329_
	bbox = (393.6500, 82.3500) - (393.7500, 82.4500) on Layer M3
violation type: Short
	srcs: net:u_riscv_top/register_file/_06190_ net:u_riscv_top/register_file/_08852_
	bbox = (393.6500, 207.5500) - (393.7500, 207.6500) on Layer M3
violation type: Short
	srcs: net:u_data_mem/_35551_ net:u_data_mem/_36876_
	bbox = (393.6500, 799.3500) - (393.7500, 799.4500) on Layer M3
violation type: Short
	srcs: net:RD1_sim[10] net:u_riscv_top/register_file/_10514_
	bbox = (393.8500, 77.5500) - (393.9500, 77.6500) on Layer M3
violation type: Short
	srcs: net:u_data_mem/_38157_ net:u_data_mem/_41127_
	bbox = (393.8500, 810.1500) - (393.9500, 810.2500) on Layer M3
violation type: Short
	srcs: net:u_riscv_top/register_file/_06200_ net:u_riscv_top/register_file/_10490_
	bbox = (394.0500, 152.5500) - (394.1500, 152.6500) on Layer M3
violation type: Short
	srcs: net:u_data_mem/_35704_ net:u_data_mem/_40067_
	bbox = (394.0500, 628.5500) - (394.1500, 628.6500) on Layer M3
violation type: Short
	srcs: net:u_riscv_top/register_file/_06190_ net:u_riscv_top/register_file/_10034_
	bbox = (394.2100, 207.5500) - (394.3900, 207.6500) on Layer M3
violation type: Short
	srcs: net:u_riscv_top/register_file/_10034_ net:u_riscv_top/register_file/regfile\[6\][16]
	bbox = (394.2500, 206.9500) - (394.3500, 207.0500) on Layer M3
violation type: Short
	srcs: net:u_riscv_top/register_file/_07211_ net:u_riscv_top/register_file/_10034_
	bbox = (394.2500, 207.1500) - (394.3500, 207.2500) on Layer M3
violation type: Short
	srcs: net:u_riscv_top/register_file/_08852_ net:u_riscv_top/register_file/_10034_
	bbox = (394.2500, 207.3500) - (394.3500, 207.4500) on Layer M3
violation type: Short
	srcs: net:u_riscv_top/register_file/_06190_ net:u_riscv_top/register_file/_10034_
	bbox = (394.2500, 207.5500) - (394.3500, 207.6500) on Layer M3
violation type: Short
	srcs: net:u_riscv_top/u_bridge_core_to_mult/data_hold[36] net:u_riscv_top/u_bridge_core_to_mult/data_hold[39]
	bbox = (394.2500, 330.3500) - (394.3500, 330.4500) on Layer M3
violation type: Short
	srcs: net:riscv_addr[6] net:u_riscv_top/h1[22]
	bbox = (394.4500, 430.1500) - (394.5500, 430.2500) on Layer M3
violation type: Short
	srcs: net:mem_wdata[17] net:u_data_mem/_35573_
	bbox = (394.4500, 800.7500) - (394.5500, 800.8500) on Layer M3
violation type: Short
	srcs: net:u_riscv_top/register_file/_07610_ net:u_riscv_top/register_file/regfile\[6\][16]
	bbox = (395.0500, 204.9500) - (395.1500, 205.0500) on Layer M3
violation type: Short
	srcs: net:RD4_sim[17] net:u_riscv_top/register_file/regfile\[2\][16]
	bbox = (395.2500, 203.7500) - (395.3500, 203.8500) on Layer M3
violation type: Short
	srcs: net:u_riscv_top/register_file/_09190_ net:u_riscv_top/register_file/_09990_
	bbox = (395.6500, 258.9500) - (395.7500, 259.0500) on Layer M3
violation type: Short
	srcs: net:riscv_addr[19] net:u_riscv_top/net493
	bbox = (396.0500, 525.1500) - (396.1500, 525.2500) on Layer M3
violation type: Short
	srcs: net:u_data_mem/_35551_ net:u_data_mem/_41016_
	bbox = (396.6500, 798.9500) - (396.7500, 799.0500) on Layer M3
violation type: Short
	srcs: net:u_riscv_top/register_file/_07223_ net:u_riscv_top/register_file/_08315_
	bbox = (397.2500, 25.5500) - (397.3500, 25.6500) on Layer M3
violation type: Short
	srcs: net:u_riscv_top/register_file/_07211_ net:u_riscv_top/register_file/_08852_
	bbox = (397.2500, 207.1500) - (397.3500, 207.2500) on Layer M3
violation type: Short
	srcs: net:u_data_mem/_18114_ net:u_data_mem/_41069_
	bbox = (397.6500, 898.5500) - (397.7500, 898.6500) on Layer M3
violation type: Short
	srcs: net:mem_wdata[13] net:u_data_mem/_35542_
	bbox = (398.4500, 514.3500) - (398.5500, 514.4500) on Layer M3
violation type: Short
	srcs: net:u_data_mem/_40967_ net:u_data_mem/_41042_
	bbox = (398.8500, 755.5500) - (398.9500, 755.6500) on Layer M3
violation type: Short
	srcs: net:wb_data_sim[4] net:net1202
	bbox = (399.2500, 522.3500) - (399.3500, 522.4500) on Layer M3
violation type: Short
	srcs: net:RD4_sim[28] net:u_riscv_top/register_file/_10520_
	bbox = (399.4500, 109.5500) - (399.5500, 109.6500) on Layer M3
violation type: Short
	srcs: net:mem_wdata[14] net:u_riscv_top/mux5/_231_
	bbox = (399.6500, 492.7500) - (399.7500, 492.8500) on Layer M3
violation type: Short
	srcs: net:u_data_mem/_41101_ net:clknet_10_638__leaf_clk
	bbox = (399.6500, 718.3500) - (399.7500, 718.4500) on Layer M3
violation type: Short
	srcs: net:riscv_rdata[25] net:u_riscv_top/mux5/_230_
	bbox = (400.0500, 494.5500) - (400.1500, 494.6500) on Layer M3
violation type: Short
	srcs: net:mem_addr[2] net:u_data_mem/_41088_
	bbox = (400.0500, 936.3500) - (400.1500, 936.4500) on Layer M3
violation type: Short
	srcs: net:u_riscv_top/register_file/_06198_ net:u_riscv_top/register_file/_08250_
	bbox = (400.4500, 163.9500) - (400.5500, 164.0500) on Layer M3
violation type: Short
	srcs: net:u_riscv_top/register_file/_06217_ net:u_riscv_top/register_file/_07227_
	bbox = (400.6500, 250.3500) - (400.7500, 250.4500) on Layer M3
violation type: Short
	srcs: net:u_data_mem/_39206_ net:u_data_mem/_40113_
	bbox = (400.6500, 667.5500) - (400.7500, 667.6500) on Layer M3
violation type: Short
	srcs: net:WD5_sim[20] net:u_riscv_top/mux5/_231_
	bbox = (401.0500, 493.3500) - (401.1500, 493.4500) on Layer M3
violation type: Short
	srcs: net:u_data_mem/_40203_ net:u_data_mem/_40937_
	bbox = (401.0500, 667.1500) - (401.1500, 667.2500) on Layer M3
violation type: Short
	srcs: net:u_riscv_top/register_file/_07224_ net:u_riscv_top/register_file/_09094_
	bbox = (401.2500, 24.9500) - (401.3500, 25.0500) on Layer M3
violation type: Short
	srcs: net:u_data_mem/_35704_ net:u_data_mem/_40067_
	bbox = (401.2500, 628.7500) - (401.3500, 628.8500) on Layer M3
violation type: Short
	srcs: net:u_riscv_top/fp_add_req_data_b[31] net:net204
	bbox = (402.0500, 393.9500) - (402.1500, 394.0500) on Layer M3
violation type: Short
	srcs: net:u_data_mem/_25634_ net:u_data_mem/_39941_
	bbox = (402.4500, 870.9500) - (402.5500, 871.0500) on Layer M3
violation type: Short
	srcs: net:u_riscv_top/register_file/_09911_ net:u_riscv_top/register_file/_10516_
	bbox = (402.8500, 28.7500) - (402.9500, 28.8500) on Layer M3
violation type: Short
	srcs: net:u_data_mem/_35545_ net:u_data_mem/_41095_
	bbox = (403.4500, 775.9500) - (403.5500, 776.0500) on Layer M3
violation type: Short
	srcs: net:RD1_sim[17] net:u_riscv_top/register_file/_06194_
	bbox = (404.0500, 196.3500) - (404.1500, 196.4500) on Layer M3
violation type: Short
	srcs: net:u_riscv_top/mult_result_core[1] net:u_riscv_top/net1476
	bbox = (404.0500, 287.5500) - (404.1500, 287.6500) on Layer M3
violation type: Short
	srcs: net:u_data_mem/_35530_ net:u_data_mem/_41045_
	bbox = (404.0500, 784.9500) - (404.1500, 785.0500) on Layer M3
violation type: Short
	srcs: net:u_riscv_top/register_file/_08050_ net:u_riscv_top/register_file/_10500_
	bbox = (404.4500, 100.9500) - (404.5500, 101.0500) on Layer M3
violation type: Short
	srcs: net:u_riscv_top/register_file/_07212_ net:u_riscv_top/register_file/regfile\[23\][23]
	bbox = (404.4500, 178.5500) - (404.5500, 178.6500) on Layer M3
violation type: Short
	srcs: net:u_riscv_top/register_file/_08221_ net:u_riscv_top/register_file/_09662_
	bbox = (404.8500, 141.7500) - (404.9500, 141.8500) on Layer M3
violation type: Short
	srcs: net:u_data_mem/_21297_ net:u_data_mem/_36715_
	bbox = (405.0500, 694.9500) - (405.1500, 695.0500) on Layer M3
violation type: Short
	srcs: net:u_riscv_top/register_file/_08049_ net:u_riscv_top/register_file/_09660_
	bbox = (406.0500, 26.7500) - (406.1500, 26.8500) on Layer M3
violation type: Short
	srcs: net:u_data_mem/_25520_ net:u_data_mem/_41033_
	bbox = (406.0500, 807.9500) - (406.1500, 808.0500) on Layer M3
violation type: Short
	srcs: net:mem_addr[2] net:u_data_mem/_41088_
	bbox = (406.2500, 936.1500) - (406.3500, 936.2500) on Layer M3
violation type: Short
	srcs: net:mem_wdata[27] net:u_data_mem/_41121_
	bbox = (406.8500, 627.7500) - (406.9500, 627.8500) on Layer M3
violation type: Short
	srcs: net:u_riscv_top/register_file/_08050_ net:u_riscv_top/register_file/regfile\[6\][18]
	bbox = (407.0500, 257.3500) - (407.1500, 257.4500) on Layer M3
violation type: Short
	srcs: net:u_riscv_top/h2[15] net:u_riscv_top/h2[18]
	bbox = (407.2500, 458.7500) - (407.3500, 458.8500) on Layer M3
violation type: Short
	srcs: net:u_data_mem/_35543_ net:u_data_mem/_41116_
	bbox = (407.2500, 658.9500) - (407.3500, 659.0500) on Layer M3
violation type: Short
	srcs: net:u_riscv_top/register_file/_09775_ net:u_riscv_top/register_file/_09841_
	bbox = (407.6500, 145.9500) - (407.7500, 146.0500) on Layer M3
violation type: Short
	srcs: net:u_riscv_top/register_file/_06203_ net:u_riscv_top/register_file/_08543_
	bbox = (408.4500, 87.9500) - (408.5500, 88.0500) on Layer M3
violation type: Short
	srcs: net:WD5_sim[20] net:wb_data_sim[25]
	bbox = (409.2500, 493.3500) - (409.3500, 493.4500) on Layer M3
violation type: Short
	srcs: net:u_riscv_top/register_file/_06201_ net:u_riscv_top/register_file/_10528_
	bbox = (409.4500, 82.5500) - (409.5500, 82.6500) on Layer M3
violation type: Short
	srcs: net:u_riscv_top/register_file/_08315_ net:u_riscv_top/register_file/_09094_
	bbox = (409.8500, 24.9500) - (409.9500, 25.0500) on Layer M3
violation type: Short
	srcs: net:mem_wdata[4] net:u_data_mem/_41120_
	bbox = (409.8500, 604.3500) - (409.9500, 604.4500) on Layer M3
violation type: Short
	srcs: net:u_data_mem/_35544_ net:u_data_mem/_40593_
	bbox = (409.8500, 876.1500) - (409.9500, 876.2500) on Layer M3
violation type: Short
	srcs: net:u_data_mem/_25693_ net:u_data_mem/_41001_
	bbox = (410.2500, 883.9500) - (410.3500, 884.0500) on Layer M3
violation type: Short
	srcs: net:u_data_mem/_35600_ net:u_data_mem/_41122_
	bbox = (410.4500, 656.7500) - (410.5500, 656.8500) on Layer M3
violation type: Short
	srcs: net:u_riscv_top/register_file/_10498_ net:u_riscv_top/register_file/_10510_
	bbox = (410.6500, 189.1500) - (410.7500, 189.2500) on Layer M3
violation type: Short
	srcs: net:RD2_sim[28] net:u_riscv_top/register_file/_10498_
	bbox = (411.2500, 107.9500) - (411.3500, 108.0500) on Layer M3
violation type: Short
	srcs: net:u_riscv_top/register_file/_10006_ net:u_riscv_top/register_file/_10507_
	bbox = (411.2500, 255.7500) - (411.3500, 255.8500) on Layer M3
violation type: Short
	srcs: net:RD3_sim[28] net:u_riscv_top/register_file/_10529_
	bbox = (411.4500, 111.9500) - (411.5500, 112.0500) on Layer M3
violation type: Short
	srcs: net:u_data_mem/_41096_ net:u_data_mem/_41101_
	bbox = (411.4500, 678.7500) - (411.5500, 678.8500) on Layer M3
violation type: Short
	srcs: net:u_riscv_top/register_file/_07214_ net:u_riscv_top/register_file/_10486_
	bbox = (411.6500, 187.5500) - (411.7500, 187.6500) on Layer M3
violation type: Short
	srcs: net:mem_wdata[17] net:u_data_mem/_35544_
	bbox = (411.6500, 588.5500) - (411.7500, 588.6500) on Layer M3
violation type: Short
	srcs: net:RD1_sim[17] net:u_riscv_top/register_file/_10517_
	bbox = (412.0500, 196.3500) - (412.1500, 196.4500) on Layer M3
violation type: Short
	srcs: net:A1_sim[3] net:u_riscv_top/register_file/_10516_
	bbox = (412.2500, 28.5500) - (412.3500, 28.6500) on Layer M3
violation type: Short
	srcs: net:A3_sim[2] net:RD1_sim[22]
	bbox = (413.0100, 25.9500) - (413.1500, 26.0500) on Layer M3
violation type: Short
	srcs: net:A3_sim[2] net:RD1_sim[22]
	bbox = (413.0500, 25.9500) - (413.1500, 26.0500) on Layer M3
violation type: Short
	srcs: net:u_riscv_top/register_file/_09660_ net:u_riscv_top/register_file/_09662_
	bbox = (413.4500, 85.3500) - (413.5500, 85.4500) on Layer M3
violation type: Short
	srcs: net:u_riscv_top/register_file/_09660_ net:u_riscv_top/register_file/_09662_
	bbox = (413.4500, 85.3500) - (413.7500, 85.4500) on Layer M3
violation type: Short
	srcs: net:RD1_sim[21] net:u_riscv_top/register_file/_09918_
	bbox = (413.6500, 27.7500) - (413.7500, 27.8500) on Layer M3
violation type: Short
	srcs: net:u_riscv_top/register_file/_06207_ net:u_riscv_top/register_file/_07234_
	bbox = (413.6500, 54.1500) - (413.7500, 54.2500) on Layer M3
violation type: Short
	srcs: net:u_riscv_top/register_file/_07214_ net:u_riscv_top/register_file/_07234_
	bbox = (413.6500, 54.3500) - (413.7500, 54.4500) on Layer M3
violation type: Short
	srcs: net:u_riscv_top/register_file/_09660_ net:u_riscv_top/register_file/_09662_
	bbox = (413.6500, 85.3500) - (413.7500, 85.4500) on Layer M3
violation type: Short
	srcs: net:u_riscv_top/register_file/_07225_ net:u_riscv_top/register_file/_09350_
	bbox = (413.6500, 88.3500) - (413.7500, 88.4500) on Layer M3
violation type: Short
	srcs: net:u_riscv_top/register_file/_07226_ net:u_riscv_top/register_file/_10501_
	bbox = (413.6500, 251.7500) - (413.7500, 251.8500) on Layer M3
violation type: Short
	srcs: net:mem_wdata[20] net:u_data_mem/_37254_
	bbox = (413.6500, 636.5500) - (413.7500, 636.6500) on Layer M3
violation type: Short
	srcs: net:mem_wdata[20] net:u_data_mem/_37254_
	bbox = (413.6500, 636.5500) - (413.9500, 636.6500) on Layer M3
violation type: Short
	srcs: net:mem_wdata[11] net:u_data_mem/_35546_
	bbox = (413.6500, 673.1500) - (413.7500, 673.2500) on Layer M3
violation type: Short
	srcs: net:A3_sim[2] net:clknet_10_19__leaf_clk
	bbox = (413.8100, 54.7500) - (414.0500, 54.8500) on Layer M3
violation type: Short
	srcs: net:u_riscv_top/register_file/_09662_ net:u_riscv_top/register_file/_10181_
	bbox = (413.8500, 85.7500) - (413.9500, 85.8500) on Layer M3
violation type: Short
	srcs: net:WD5_sim[17] net:u_riscv_top/FP_Adder/_1603_
	bbox = (413.8500, 343.1500) - (413.9500, 343.2500) on Layer M3
violation type: Short
	srcs: net:WD5_sim[17] net:u_riscv_top/FP_Adder/_1603_
	bbox = (413.8500, 343.1500) - (414.1500, 343.2500) on Layer M3
violation type: Short
	srcs: net:mem_wdata[20] net:u_data_mem/_37254_
	bbox = (413.8500, 636.5500) - (413.9500, 636.6500) on Layer M3
violation type: Short
	srcs: net:u_data_mem/_40980_ net:u_data_mem/_41096_
	bbox = (413.8500, 744.5500) - (413.9500, 744.6500) on Layer M3
violation type: Short
	srcs: net:mem_wdata[20] net:u_data_mem/_37254_
	bbox = (413.9495, 636.5500) - (413.9505, 636.6500) on Layer M3
violation type: Short
	srcs: net:u_riscv_top/register_file/_07223_ net:u_riscv_top/register_file/_08049_
	bbox = (413.9500, 26.3500) - (414.0500, 26.4500) on Layer M3
violation type: Short
	srcs: net:RD1_sim[22] net:u_riscv_top/register_file/_08049_
	bbox = (413.9500, 26.5500) - (414.0500, 26.6500) on Layer M3
violation type: Short
	srcs: net:u_riscv_top/register_file/_08049_ net:u_riscv_top/register_file/_09660_
	bbox = (413.9500, 26.7500) - (414.0500, 26.8500) on Layer M3
violation type: Short
	srcs: net:A3_sim[2] net:clknet_10_19__leaf_clk
	bbox = (413.9500, 54.7500) - (414.0500, 54.8500) on Layer M3
violation type: Short
	srcs: net:A2_sim[0] net:u_riscv_top/register_file/_07228_
	bbox = (413.9500, 136.3500) - (414.0500, 136.4500) on Layer M3
violation type: Short
	srcs: net:u_riscv_top/register_file/_06188_ net:u_riscv_top/register_file/_10519_
	bbox = (413.9500, 271.3500) - (414.0500, 271.4500) on Layer M3
violation type: Short
	srcs: net:u_riscv_top/register_file/_06188_ net:u_riscv_top/register_file/_06216_
	bbox = (413.9500, 271.5500) - (414.0500, 271.6500) on Layer M3
violation type: Short
	srcs: net:u_data_mem/_38592_ net:u_data_mem/_41098_
	bbox = (413.9500, 694.7500) - (414.0500, 694.8500) on Layer M3
violation type: Short
	srcs: net:u_data_mem/_36715_ net:u_data_mem/_41098_
	bbox = (413.9500, 694.9500) - (414.0500, 695.0500) on Layer M3
violation type: Short
	srcs: net:u_data_mem/_36876_ net:u_data_mem/_41016_
	bbox = (413.9500, 799.1500) - (414.0500, 799.2500) on Layer M3
violation type: Short
	srcs: net:u_data_mem/_40999_ net:u_data_mem/_41077_
	bbox = (413.9500, 937.9500) - (414.0500, 938.0500) on Layer M3
violation type: Short
	srcs: net:u_data_mem/_40943_ net:u_data_mem/_41077_
	bbox = (413.9500, 938.1500) - (414.0500, 938.2500) on Layer M3
violation type: Short
	srcs: net:u_riscv_top/register_file/_08049_ net:u_riscv_top/register_file/_08307_
	bbox = (414.0100, 26.1500) - (414.0500, 26.2500) on Layer M3
violation type: Short
	srcs: net:WD5_sim[17] net:u_riscv_top/FP_Adder/_1603_
	bbox = (414.0500, 343.1500) - (414.1500, 343.2500) on Layer M3
violation type: Short
	srcs: net:mem_wdata[21] net:u_riscv_top/mux5/_230_
	bbox = (414.0500, 509.1500) - (414.1500, 509.2500) on Layer M3
violation type: Short
	srcs: net:mem_wdata[4] net:u_data_mem/_40109_
	bbox = (414.0500, 603.7500) - (414.1500, 603.8500) on Layer M3
violation type: Short
	srcs: net:mem_addr[2] net:u_data_mem/_35528_
	bbox = (414.0500, 622.3500) - (414.1500, 622.4500) on Layer M3
violation type: Short
	srcs: net:mem_wdata[11] net:u_data_mem/_41115_
	bbox = (414.0500, 672.9500) - (414.1500, 673.0500) on Layer M3
violation type: Short
	srcs: net:mem_wdata[26] net:u_data_mem/_38381_
	bbox = (414.0500, 879.9500) - (414.1500, 880.0500) on Layer M3
violation type: Short
	srcs: net:A2_sim[2] net:u_riscv_top/register_file/_08555_
	bbox = (414.2500, 117.1500) - (414.3500, 117.2500) on Layer M3
violation type: Short
	srcs: net:u_riscv_top/h1[21] net:u_riscv_top/h1[27]
	bbox = (414.2500, 420.7500) - (414.3500, 420.8500) on Layer M3
violation type: Short
	srcs: net:apb_rdata[24] net:u_riscv_top/pipeline_register3/_176_
	bbox = (414.2500, 511.5500) - (414.3500, 511.6500) on Layer M3
violation type: Short
	srcs: net:u_riscv_top/net498 net:u_riscv_top/mux5/net2404
	bbox = (414.2500, 525.5500) - (414.3500, 525.6500) on Layer M3
violation type: Short
	srcs: net:u_data_mem/_40982_ net:u_data_mem/_41115_
	bbox = (414.2500, 595.7500) - (414.3500, 595.8500) on Layer M3
violation type: Short
	srcs: net:u_data_mem/_37594_ net:u_data_mem/_40067_
	bbox = (414.2500, 629.3500) - (414.3500, 629.4500) on Layer M3
violation type: Short
	srcs: net:u_data_mem/_21254_ net:u_data_mem/_41036_
	bbox = (414.2500, 748.5500) - (414.3500, 748.6500) on Layer M3
violation type: Short
	srcs: net:u_riscv_top/register_file/_06192_ net:u_riscv_top/register_file/_06212_
	bbox = (414.4500, 273.7500) - (414.5500, 273.8500) on Layer M3
violation type: Short
	srcs: net:u_riscv_top/register_file/_10490_ net:u_riscv_top/register_file/net2451
	bbox = (414.6500, 133.3500) - (414.7500, 133.4500) on Layer M3
violation type: Short
	srcs: net:u_data_mem/_41084_ net:u_data_mem/_41092_
	bbox = (414.8500, 597.3500) - (414.9500, 597.4500) on Layer M3
violation type: Short
	srcs: net:u_data_mem/_35582_ net:u_data_mem/_41098_
	bbox = (414.8500, 694.3500) - (414.9500, 694.4500) on Layer M3
violation type: Short
	srcs: net:mem_wdata[7] net:u_data_mem/_40950_
	bbox = (414.8500, 744.9500) - (414.9500, 745.0500) on Layer M3
violation type: Short
	srcs: net:u_riscv_top/register_file/_07231_ net:u_riscv_top/register_file/_07522_
	bbox = (415.0500, 245.5500) - (415.1500, 245.6500) on Layer M3
violation type: Short
	srcs: net:mem_wdata[22] net:u_riscv_top/mux5/net2411
	bbox = (415.0500, 493.5500) - (415.1500, 493.6500) on Layer M3
violation type: Short
	srcs: net:mem_wdata[13] net:u_data_mem/bank2\[41\][28]
	bbox = (415.0500, 514.3500) - (415.1300, 514.4500) on Layer M3
violation type: Short
	srcs: net:RD2_sim[28] net:u_riscv_top/register_file/_10498_
	bbox = (415.2500, 108.1500) - (415.3500, 108.2500) on Layer M3
violation type: Short
	srcs: net:u_riscv_top/register_file/_10521_ net:u_riscv_top/register_file/_10528_
	bbox = (415.2500, 225.5500) - (415.3500, 225.6500) on Layer M3
violation type: Short
	srcs: net:u_data_mem/_18211_ net:u_data_mem/_41082_
	bbox = (415.2500, 609.3500) - (415.3500, 609.4500) on Layer M3
violation type: Short
	srcs: net:u_data_mem/_26447_ net:u_data_mem/_40957_
	bbox = (415.4100, 925.9500) - (415.5900, 926.0500) on Layer M3
violation type: Short
	srcs: net:u_data_mem/_26447_ net:u_data_mem/_40957_
	bbox = (415.4500, 925.9500) - (415.5500, 926.0500) on Layer M3
violation type: Short
	srcs: net:u_riscv_top/register_file/_07221_ net:u_riscv_top/register_file/_10505_
	bbox = (415.6500, 93.5500) - (415.7500, 93.6500) on Layer M3
violation type: Short
	srcs: net:riscv_addr[19] net:u_riscv_top/mux5/net2404
	bbox = (416.0500, 525.3500) - (416.1500, 525.4500) on Layer M3
violation type: Short
	srcs: net:u_data_mem/_35543_ net:u_data_mem/_41077_
	bbox = (416.0500, 602.7500) - (416.1500, 602.8500) on Layer M3
violation type: Short
	srcs: net:u_riscv_top/register_file/_10001_ net:u_riscv_top/register_file/_10526_
	bbox = (416.2500, 244.9500) - (416.3500, 245.0500) on Layer M3
violation type: Short
	srcs: net:u_riscv_top/mult_result_core[26] net:u_riscv_top/net1515
	bbox = (416.6500, 277.3500) - (416.7500, 277.4500) on Layer M3
violation type: Short
	srcs: net:A1_sim[2] net:RD4_sim[21]
	bbox = (417.4100, 33.5500) - (417.9300, 33.6500) on Layer M3
violation type: Short
	srcs: net:u_riscv_top/h1[4] net:u_riscv_top/FP_Adder/_1547_
	bbox = (417.8500, 334.5500) - (417.9500, 334.6500) on Layer M3
violation type: Short
	srcs: net:u_riscv_top/register_file/_07234_ net:u_riscv_top/register_file/_07478_
	bbox = (417.8700, 62.1500) - (417.9900, 62.2500) on Layer M3
violation type: Short
	srcs: net:u_riscv_top/register_file/_09096_ net:u_riscv_top/register_file/_10498_
	bbox = (418.2500, 37.7500) - (418.3500, 37.8500) on Layer M3
violation type: Short
	srcs: net:u_riscv_top/register_file/_06200_ net:u_riscv_top/register_file/_10505_
	bbox = (418.2500, 64.9500) - (418.3500, 65.0500) on Layer M3
violation type: Short
	srcs: net:u_riscv_top/register_file/_07479_ net:u_riscv_top/register_file/_07480_
	bbox = (418.6700, 60.3500) - (418.7900, 60.4500) on Layer M3
violation type: Short
	srcs: net:wb_data_sim[17] net:u_riscv_top/CSR_Data_out[0]
	bbox = (418.8500, 495.5500) - (418.9500, 495.6500) on Layer M3
violation type: Short
	srcs: net:u_riscv_top/register_file/_10527_ net:u_riscv_top/register_file/_10611_
	bbox = (419.2500, 267.9500) - (419.3500, 268.0500) on Layer M3
violation type: Short
	srcs: net:u_data_mem/_25609_ net:u_data_mem/_41067_
	bbox = (419.6500, 811.5500) - (419.7500, 811.6500) on Layer M3
violation type: Short
	srcs: net:WD5_sim[10] net:u_riscv_top/FP_Adder/_1865_
	bbox = (419.9500, 384.9500) - (420.0500, 385.0500) on Layer M3
violation type: Short
	srcs: net:u_data_mem/_26478_ net:u_data_mem/_35566_
	bbox = (420.0500, 933.9500) - (420.1500, 934.0500) on Layer M3
violation type: Short
	srcs: net:u_riscv_top/net1515 net:u_riscv_top/net1861
	bbox = (420.2500, 277.5500) - (420.3500, 277.6500) on Layer M3
violation type: Short
	srcs: net:u_riscv_top/register_file/_09097_ net:u_riscv_top/register_file/_10498_
	bbox = (420.4500, 37.7500) - (420.5500, 37.8500) on Layer M3
violation type: Short
	srcs: net:A2_sim[3] net:u_riscv_top/register_file/_10498_
	bbox = (420.8500, 37.7500) - (420.9500, 37.8500) on Layer M3
violation type: Short
	srcs: net:u_riscv_top/register_file/_06190_ net:u_riscv_top/register_file/_10498_
	bbox = (421.2500, 37.7500) - (421.3500, 37.8500) on Layer M3
violation type: Short
	srcs: net:u_riscv_top/register_file/_10490_ net:u_riscv_top/register_file/net2451
	bbox = (421.4500, 133.3500) - (421.5500, 133.4500) on Layer M3
violation type: Short
	srcs: net:u_riscv_top/clk_fp_add net:net1318
	bbox = (421.6100, 431.3500) - (421.7900, 431.4500) on Layer M3
violation type: Short
	srcs: net:u_riscv_top/clk_fp_add net:net1318
	bbox = (421.6500, 431.3500) - (421.7500, 431.4500) on Layer M3
violation type: Short
	srcs: net:u_data_mem/_40918_ net:u_data_mem/_41001_
	bbox = (422.6500, 883.9500) - (422.7500, 884.0500) on Layer M3
violation type: Short
	srcs: net:mem_wdata[7] net:u_data_mem/_41090_
	bbox = (422.8100, 594.7500) - (423.3300, 594.8500) on Layer M3
violation type: Short
	srcs: net:u_riscv_top/register_file/_07214_ net:u_riscv_top/register_file/regfile\[5\][23]
	bbox = (422.8500, 187.3500) - (422.9500, 187.4500) on Layer M3
violation type: Short
	srcs: net:u_riscv_top/register_file/_06201_ net:u_riscv_top/register_file/_07228_
	bbox = (423.8500, 69.7500) - (423.9500, 69.8500) on Layer M3
violation type: Short
	srcs: net:u_riscv_top/register_file/_06311_ net:u_riscv_top/register_file/_10520_
	bbox = (423.8500, 100.5500) - (423.9500, 100.6500) on Layer M3
violation type: Short
	srcs: net:u_data_mem/_35053_ net:u_data_mem/_35534_
	bbox = (423.8500, 987.9500) - (423.9500, 988.0500) on Layer M3
violation type: Short
	srcs: net:u_data_mem/_35542_ net:u_data_mem/_38328_
	bbox = (424.0500, 838.5500) - (424.1500, 838.6500) on Layer M3
violation type: Short
	srcs: net:u_data_mem/_40982_ net:u_data_mem/_41118_
	bbox = (424.2500, 595.5500) - (424.3500, 595.6500) on Layer M3
violation type: Short
	srcs: net:u_data_mem/_41080_ net:u_data_mem/_41090_
	bbox = (424.4500, 594.5500) - (424.5500, 594.6500) on Layer M3
violation type: Short
	srcs: net:A1_sim[2] net:u_riscv_top/register_file/_06188_
	bbox = (424.8500, 16.5500) - (424.9500, 16.6500) on Layer M3
violation type: Short
	srcs: net:RD1_sim[14] net:u_riscv_top/register_file/_06912_
	bbox = (424.8500, 55.9500) - (424.9500, 56.0500) on Layer M3
violation type: Short
	srcs: net:u_data_mem/_37466_ net:u_data_mem/_37500_
	bbox = (426.0100, 906.5500) - (426.5300, 906.6500) on Layer M3
violation type: Short
	srcs: net:riscv_we net:u_data_mem/_35542_
	bbox = (426.0500, 532.9500) - (426.1500, 533.0500) on Layer M3
violation type: Short
	srcs: net:A1_sim[1] net:u_riscv_top/register_file/_09747_
	bbox = (426.4500, 138.9500) - (426.5500, 139.0500) on Layer M3
violation type: Short
	srcs: net:u_data_mem/_20532_ net:u_data_mem/_41019_
	bbox = (426.4500, 609.9500) - (426.5500, 610.0500) on Layer M3
violation type: Short
	srcs: net:mem_wdata[20] net:u_data_mem/_20532_
	bbox = (426.4500, 610.3500) - (426.5500, 610.4500) on Layer M3
violation type: Short
	srcs: net:u_riscv_top/h2[17] net:u_riscv_top/h2[2]
	bbox = (426.6500, 437.1500) - (426.7500, 437.2500) on Layer M3
violation type: Short
	srcs: net:A3_sim[0] net:u_riscv_top/register_file/_07225_
	bbox = (426.8500, 212.5500) - (426.9500, 212.6500) on Layer M3
violation type: Short
	srcs: net:u_riscv_top/register_file/_07225_ net:u_riscv_top/register_file/regfile\[22\][19]
	bbox = (426.8500, 212.7500) - (426.9500, 212.8500) on Layer M3
violation type: Short
	srcs: net:mem_addr[2] net:u_data_mem/_21251_
	bbox = (426.8500, 703.5500) - (426.9500, 703.6500) on Layer M3
violation type: Short
	srcs: net:u_data_mem/_40982_ net:u_data_mem/_41115_
	bbox = (427.0500, 595.9500) - (427.1500, 596.0500) on Layer M3
violation type: Short
	srcs: net:A3_sim[0] net:u_riscv_top/register_file/regfile\[22\][19]
	bbox = (427.4500, 212.5500) - (427.5500, 212.6500) on Layer M3
violation type: Short
	srcs: net:A3_sim[0] net:u_riscv_top/register_file/_07225_
	bbox = (428.0500, 212.7500) - (428.1500, 212.8500) on Layer M3
violation type: Short
	srcs: net:u_data_mem/_35609_ net:u_data_mem/_39691_
	bbox = (428.2500, 914.1500) - (428.3500, 914.2500) on Layer M3
violation type: Short
	srcs: net:u_data_mem/_35528_ net:u_data_mem/bank2\[13\][19]
	bbox = (428.6100, 622.3500) - (428.7900, 622.4500) on Layer M3
violation type: Short
	srcs: net:u_data_mem/_35528_ net:u_data_mem/bank2\[13\][19]
	bbox = (428.6500, 622.3500) - (428.7500, 622.4500) on Layer M3
violation type: Short
	srcs: net:u_data_mem/_40959_ net:u_data_mem/bank3\[1\][31]
	bbox = (428.8100, 801.9500) - (429.3300, 802.0500) on Layer M3
violation type: Short
	srcs: net:mem_wdata[26] net:u_data_mem/bank2\[33\][27]
	bbox = (429.0500, 680.1500) - (429.1500, 680.2500) on Layer M3
violation type: Short
	srcs: net:u_riscv_top/register_file/_07247_ net:u_riscv_top/register_file/_10523_
	bbox = (429.6500, 106.3500) - (429.7500, 106.4500) on Layer M3
violation type: Short
	srcs: net:u_data_mem/_36753_ net:u_data_mem/_38592_
	bbox = (430.6500, 695.1500) - (430.7500, 695.2500) on Layer M3
violation type: Short
	srcs: net:u_riscv_top/register_file/_09662_ net:u_riscv_top/register_file/_10523_
	bbox = (431.0500, 61.3500) - (431.1500, 61.4500) on Layer M3
violation type: Short
	srcs: net:u_data_mem/_36753_ net:u_data_mem/_38592_
	bbox = (431.0500, 694.9500) - (431.1500, 695.0500) on Layer M3
violation type: Short
	srcs: net:u_data_mem/_36753_ net:u_data_mem/_38592_
	bbox = (431.0500, 694.9500) - (431.3500, 695.0500) on Layer M3
violation type: Short
	srcs: net:u_data_mem/_36753_ net:u_data_mem/_38592_
	bbox = (431.2500, 694.9500) - (431.3500, 695.0500) on Layer M3
violation type: Short
	srcs: net:u_riscv_top/register_file/_07234_ net:u_riscv_top/register_file/regfile\[8\][20]
	bbox = (431.6500, 241.3500) - (431.7500, 241.4500) on Layer M3
violation type: Short
	srcs: net:u_riscv_top/h1[13] net:u_riscv_top/h1[9]
	bbox = (432.0500, 404.7500) - (432.1500, 404.8500) on Layer M3
violation type: Short
	srcs: net:u_riscv_top/register_file/_06204_ net:u_riscv_top/register_file/_10503_
	bbox = (432.4500, 103.7500) - (432.5500, 103.8500) on Layer M3
violation type: Short
	srcs: net:u_riscv_top/register_file/_07212_ net:u_riscv_top/register_file/regfile\[30\][30]
	bbox = (432.8500, 46.5500) - (432.9500, 46.6500) on Layer M3
violation type: Short
	srcs: net:u_riscv_top/register_file/_06822_ net:u_riscv_top/register_file/_10523_
	bbox = (432.8500, 141.9500) - (432.9500, 142.0500) on Layer M3
violation type: Short
	srcs: net:u_riscv_top/register_file/_06822_ net:u_riscv_top/register_file/_08221_
	bbox = (432.8500, 142.1500) - (432.9500, 142.2500) on Layer M3
violation type: Short
	srcs: net:RD1_sim[28] net:u_riscv_top/register_file/_07227_
	bbox = (433.0500, 114.5500) - (433.1500, 114.6500) on Layer M3
violation type: Short
	srcs: net:RD1_sim[28] net:u_riscv_top/register_file/_07227_
	bbox = (433.0500, 114.5500) - (433.3900, 114.6500) on Layer M3
violation type: Short
	srcs: net:u_data_mem/_35551_ net:u_data_mem/_41055_
	bbox = (433.0500, 793.3500) - (433.1300, 793.4500) on Layer M3
violation type: Short
	srcs: net:u_data_mem/_35567_ net:u_data_mem/_35600_
	bbox = (433.4500, 656.9500) - (433.5500, 657.0500) on Layer M3
violation type: Short
	srcs: net:u_riscv_top/register_file/_07234_ net:u_riscv_top/register_file/_10490_
	bbox = (433.6500, 241.1500) - (433.7500, 241.2500) on Layer M3
violation type: Short
	srcs: net:u_riscv_top/register_file/_06200_ net:u_riscv_top/register_file/_09121_
	bbox = (433.6500, 242.1500) - (433.7500, 242.2500) on Layer M3
violation type: Short
	srcs: net:u_data_mem/_18242_ net:u_data_mem/_39555_
	bbox = (433.8100, 479.7500) - (434.3300, 479.8500) on Layer M3
violation type: Short
	srcs: net:u_riscv_top/register_file/_07236_ net:u_riscv_top/register_file/_09121_
	bbox = (433.8500, 242.5500) - (433.9500, 242.6500) on Layer M3
violation type: Short
	srcs: net:u_riscv_top/register_file/_10527_ net:u_riscv_top/register_file/_10611_
	bbox = (434.0500, 268.3500) - (434.1500, 268.4500) on Layer M3
violation type: Short
	srcs: net:u_riscv_top/register_file/_07070_ net:u_riscv_top/register_file/_10512_
	bbox = (434.2500, 123.9500) - (434.3500, 124.0500) on Layer M3
violation type: Short
	srcs: net:mem_wdata[20] net:u_data_mem/_41108_
	bbox = (434.2500, 926.3500) - (434.3500, 926.4500) on Layer M3
violation type: Short
	srcs: net:u_riscv_top/register_file/_07222_ net:u_riscv_top/register_file/_08938_
	bbox = (434.2700, 116.1500) - (434.3300, 116.2500) on Layer M3
violation type: Short
	srcs: net:u_riscv_top/register_file/_07225_ net:u_riscv_top/register_file/_09775_
	bbox = (434.4500, 115.7500) - (434.5500, 115.8500) on Layer M3
violation type: Short
	srcs: net:u_riscv_top/register_file/_07222_ net:u_riscv_top/register_file/_07225_
	bbox = (434.6500, 36.3500) - (434.7500, 36.4500) on Layer M3
violation type: Short
	srcs: net:u_riscv_top/register_file/_07212_ net:u_riscv_top/register_file/_08850_
	bbox = (434.6500, 46.5500) - (434.7500, 46.6500) on Layer M3
violation type: Short
	srcs: net:u_data_mem/_20422_ net:u_data_mem/_41019_
	bbox = (434.6500, 609.9500) - (434.7500, 610.0500) on Layer M3
violation type: Short
	srcs: net:u_data_mem/_35534_ net:u_data_mem/_39327_
	bbox = (434.6500, 906.9500) - (434.7500, 907.0500) on Layer M3
violation type: Short
	srcs: net:u_data_mem/_41086_ net:u_data_mem/_41192_
	bbox = (434.6500, 926.7500) - (434.7500, 926.8500) on Layer M3
violation type: Short
	srcs: net:u_data_mem/_41096_ net:u_data_mem/bank2\[35\][7]
	bbox = (434.8500, 781.9500) - (434.9500, 782.0500) on Layer M3
violation type: Short
	srcs: net:u_riscv_top/register_file/_08850_ net:u_riscv_top/register_file/_08852_
	bbox = (434.9500, 232.5500) - (435.0500, 232.6500) on Layer M3
violation type: Short
	srcs: net:u_riscv_top/register_file/_08850_ net:u_riscv_top/register_file/_08852_
	bbox = (434.9500, 232.5500) - (435.0500, 232.8500) on Layer M3
violation type: Short
	srcs: net:u_riscv_top/register_file/_08850_ net:u_riscv_top/register_file/_08852_
	bbox = (434.9500, 232.7500) - (435.0500, 232.8500) on Layer M3
violation type: Short
	srcs: net:u_riscv_top/mult_result_core[17] net:u_riscv_top/mult_result_core[20]
	bbox = (434.9500, 279.5500) - (435.0500, 279.6500) on Layer M3
violation type: Short
	srcs: net:u_data_mem/_35542_ net:u_data_mem/_41091_
	bbox = (434.9500, 478.9500) - (435.0500, 479.0500) on Layer M3
violation type: Short
	srcs: net:mem_wdata[8] net:u_data_mem/bank2\[41\][7]
	bbox = (434.9500, 486.5500) - (434.9900, 486.6500) on Layer M3
violation type: Short
	srcs: net:mem_wdata[8] net:clknet_10_224__leaf_clk
	bbox = (434.9500, 486.7500) - (435.0500, 486.8500) on Layer M3
violation type: Short
	srcs: net:mem_addr[0] net:u_data_mem/_41091_
	bbox = (434.9500, 515.3500) - (435.0500, 515.4500) on Layer M3
violation type: Short
	srcs: net:mem_addr[0] net:u_data_mem/_35546_
	bbox = (434.9500, 515.5500) - (435.0500, 515.6500) on Layer M3
violation type: Short
	srcs: net:mem_addr[0] net:u_data_mem/_35546_
	bbox = (434.9500, 515.5500) - (435.7500, 515.6500) on Layer M3
violation type: Short
	srcs: net:u_riscv_top/net476 net:u_riscv_top/net493
	bbox = (434.9500, 526.7500) - (435.0500, 526.8500) on Layer M3
violation type: Short
	srcs: net:rst net:u_data_mem/_41077_
	bbox = (434.9500, 605.1500) - (435.0500, 605.2500) on Layer M3
violation type: Short
	srcs: net:rst net:u_data_mem/_41077_
	bbox = (434.9500, 605.1500) - (435.3500, 605.2500) on Layer M3
violation type: Short
	srcs: net:mem_addr[1] net:u_data_mem/_35531_
	bbox = (434.9500, 905.9500) - (435.0500, 906.0500) on Layer M3
violation type: Short
	srcs: net:mem_addr[1] net:u_data_mem/_18119_
	bbox = (434.9500, 906.1500) - (435.0500, 906.2500) on Layer M3
violation type: Short
	srcs: net:u_data_mem/_35537_ net:u_data_mem/_37341_
	bbox = (434.9500, 920.7500) - (435.0500, 920.8500) on Layer M3
violation type: Short
	srcs: net:u_data_mem/_37341_ net:clknet_10_927__leaf_clk
	bbox = (434.9500, 920.9500) - (435.0500, 921.0500) on Layer M3
violation type: Short
	srcs: net:u_data_mem/_37341_ net:clknet_8_231_0_clk
	bbox = (434.9500, 921.1500) - (435.0500, 921.2500) on Layer M3
violation type: Short
	srcs: net:u_riscv_top/net502 net:net1281
	bbox = (435.0500, 498.7500) - (435.1500, 498.8500) on Layer M3
violation type: Short
	srcs: net:u_riscv_top/net502 net:net1281
	bbox = (435.0500, 498.7500) - (435.1900, 498.8500) on Layer M3
violation type: Short
	srcs: net:u_data_mem/_36915_ net:u_data_mem/_41115_
	bbox = (435.0500, 675.1500) - (435.1500, 675.2500) on Layer M3
violation type: Short
	srcs: net:u_data_mem/_35534_ net:u_data_mem/_39327_
	bbox = (435.0500, 906.9500) - (435.1500, 907.0500) on Layer M3
violation type: Short
	srcs: net:u_riscv_top/register_file/_08073_ net:u_riscv_top/register_file/_09660_
	bbox = (435.2100, 60.1500) - (435.7500, 60.2500) on Layer M3
violation type: Short
	srcs: net:u_riscv_top/register_file/_06189_ net:u_riscv_top/register_file/_08050_
	bbox = (435.2500, 252.3500) - (435.3500, 252.4500) on Layer M3
violation type: Short
	srcs: net:u_riscv_top/FP_Adder/_1535_ net:u_riscv_top/u_bridge_fp_add_to_core/_173_
	bbox = (435.2500, 295.3500) - (435.3500, 295.4500) on Layer M3
violation type: Short
	srcs: net:u_riscv_top/h1[21] net:u_riscv_top/h1[27]
	bbox = (435.2500, 420.7500) - (435.3500, 420.8500) on Layer M3
violation type: Short
	srcs: net:wb_data_sim[17] net:u_riscv_top/CSR_Data_out[0]
	bbox = (435.2500, 495.3500) - (435.3500, 495.4500) on Layer M3
violation type: Short
	srcs: net:wb_data_sim[17] net:u_riscv_top/CSR_Data_out[0]
	bbox = (435.2500, 495.3500) - (435.3500, 495.6500) on Layer M3
violation type: Short
	srcs: net:wb_data_sim[17] net:u_riscv_top/CSR_Data_out[0]
	bbox = (435.2500, 495.5500) - (435.3500, 495.6500) on Layer M3
violation type: Short
	srcs: net:mem_wdata[0] net:u_data_mem/_35593_
	bbox = (435.2500, 501.7500) - (435.3500, 501.8500) on Layer M3
violation type: Short
	srcs: net:rst net:u_data_mem/_41077_
	bbox = (435.2500, 605.1500) - (435.3500, 605.2500) on Layer M3
violation type: Short
	srcs: net:u_data_mem/_35534_ net:u_data_mem/_37466_
	bbox = (435.2500, 906.5500) - (435.3500, 906.6500) on Layer M3
violation type: Short
	srcs: net:u_riscv_top/register_file/_07212_ net:u_riscv_top/register_file/_08850_
	bbox = (435.4500, 253.5500) - (435.5500, 253.6500) on Layer M3
violation type: Short
	srcs: net:u_riscv_top/register_file/_07212_ net:u_riscv_top/register_file/_08850_
	bbox = (435.4500, 253.5500) - (435.7500, 253.6500) on Layer M3
violation type: Short
	srcs: net:u_riscv_top/register_file/_08073_ net:u_riscv_top/register_file/_09660_
	bbox = (435.6500, 60.1500) - (435.7500, 60.2500) on Layer M3
violation type: Short
	srcs: net:u_riscv_top/register_file/_07212_ net:u_riscv_top/register_file/_08850_
	bbox = (435.6500, 253.5500) - (435.7500, 253.6500) on Layer M3
violation type: Short
	srcs: net:u_data_mem/_35546_ net:u_data_mem/_41091_
	bbox = (435.6500, 515.3500) - (435.7500, 515.4500) on Layer M3
violation type: Short
	srcs: net:mem_addr[0] net:u_data_mem/_35546_
	bbox = (435.6500, 515.5500) - (435.7500, 515.6500) on Layer M3
violation type: Short
	srcs: net:u_data_mem/_35550_ net:u_data_mem/_40982_
	bbox = (435.6500, 809.7500) - (435.7500, 809.8500) on Layer M3
violation type: Short
	srcs: net:u_data_mem/_21543_ net:u_data_mem/_35542_
	bbox = (435.8500, 533.1500) - (435.9500, 533.2500) on Layer M3
violation type: Short
	srcs: net:u_data_mem/_21543_ net:u_data_mem/_35542_
	bbox = (435.8500, 533.1500) - (436.1500, 533.2500) on Layer M3
violation type: Short
	srcs: net:u_riscv_top/register_file/regfile\[12\][20] net:u_riscv_top/register_file/regfile\[13\][20]
	bbox = (436.0500, 243.1500) - (436.1500, 243.2500) on Layer M3
violation type: Short
	srcs: net:u_riscv_top/register_file/_06217_ net:u_riscv_top/register_file/_07227_
	bbox = (436.0500, 249.9500) - (436.1500, 250.0500) on Layer M3
violation type: Short
	srcs: net:u_riscv_top/_207_ net:u_riscv_top/mult_result_core[26]
	bbox = (436.0500, 276.7500) - (436.1500, 276.8500) on Layer M3
violation type: Short
	srcs: net:u_riscv_top/mult_result_core[9] net:u_riscv_top/net1888
	bbox = (436.0500, 311.5500) - (436.1500, 311.6500) on Layer M3
violation type: Short
	srcs: net:u_riscv_top/derive_clk_mu1_div/_04_ net:u_riscv_top/pipeline_reg2/_0422_
	bbox = (436.0500, 460.7500) - (436.1500, 460.8500) on Layer M3
violation type: Short
	srcs: net:u_data_mem/_21543_ net:u_data_mem/_35542_
	bbox = (436.0500, 533.1500) - (436.1500, 533.2500) on Layer M3
violation type: Short
	srcs: net:RD4_sim[28] net:u_riscv_top/register_file/_09765_
	bbox = (436.4500, 109.5500) - (436.5500, 109.6500) on Layer M3
violation type: Short
	srcs: net:u_riscv_top/register_file/_07231_ net:u_riscv_top/register_file/_09660_
	bbox = (436.4500, 214.3500) - (436.5500, 214.4500) on Layer M3
violation type: Short
	srcs: net:u_riscv_top/register_file/_07229_ net:u_riscv_top/register_file/net2415
	bbox = (436.8100, 53.5500) - (436.9900, 53.6500) on Layer M3
violation type: Short
	srcs: net:u_riscv_top/register_file/_07229_ net:u_riscv_top/register_file/net2415
	bbox = (436.8500, 53.5500) - (436.9500, 53.6500) on Layer M3
violation type: Short
	srcs: net:u_riscv_top/register_file/_08050_ net:u_riscv_top/register_file/_08767_
	bbox = (437.4100, 87.1500) - (437.9300, 87.2500) on Layer M3
violation type: Short
	srcs: net:u_data_mem/_35540_ net:u_data_mem/_41053_
	bbox = (438.0700, 810.7500) - (438.5900, 810.8500) on Layer M3
violation type: Short
	srcs: net:u_data_mem/_35611_ net:u_data_mem/_37577_
	bbox = (439.2500, 628.5500) - (439.3500, 628.6500) on Layer M3
violation type: Short
	srcs: net:u_riscv_top/register_file/_08134_ net:u_riscv_top/register_file/_10514_
	bbox = (439.6500, 140.5500) - (439.7500, 140.6500) on Layer M3
violation type: Short
	srcs: net:u_data_mem/_20474_ net:u_data_mem/_41120_
	bbox = (439.8500, 604.7500) - (439.9500, 604.8500) on Layer M3
violation type: Short
	srcs: net:u_data_mem/_18242_ net:u_data_mem/_41091_
	bbox = (440.0500, 479.3500) - (440.1500, 479.4500) on Layer M3
violation type: Short
	srcs: net:u_data_mem/_18242_ net:u_data_mem/_41091_
	bbox = (440.0500, 479.3500) - (440.3500, 479.4500) on Layer M3
violation type: Short
	srcs: net:u_data_mem/_40984_ net:u_data_mem/_41376_
	bbox = (440.0500, 801.1500) - (440.1500, 801.2500) on Layer M3
violation type: Short
	srcs: net:RD4_sim[23] net:u_riscv_top/register_file/_06826_
	bbox = (440.2500, 163.9500) - (440.3500, 164.0500) on Layer M3
violation type: Short
	srcs: net:u_data_mem/_35542_ net:u_data_mem/_41091_
	bbox = (440.2500, 479.1500) - (440.3500, 479.2500) on Layer M3
violation type: Short
	srcs: net:u_data_mem/_18242_ net:u_data_mem/_41091_
	bbox = (440.2500, 479.3500) - (440.3500, 479.4500) on Layer M3
violation type: Short
	srcs: net:RD4_sim[14] net:u_riscv_top/register_file/_08060_
	bbox = (440.4500, 48.7500) - (440.5500, 48.8500) on Layer M3
violation type: Short
	srcs: net:RD2_sim[10] net:u_riscv_top/register_file/_08049_
	bbox = (440.6500, 84.5500) - (440.7500, 84.6500) on Layer M3
violation type: Short
	srcs: net:RD2_sim[10] net:u_riscv_top/register_file/_08049_
	bbox = (440.6500, 84.5500) - (440.9500, 84.6500) on Layer M3
violation type: Short
	srcs: net:RD2_sim[10] net:u_riscv_top/register_file/_08049_
	bbox = (440.8500, 84.5500) - (440.9500, 84.6500) on Layer M3
violation type: Short
	srcs: net:u_data_mem/_35550_ net:u_data_mem/_40982_
	bbox = (440.8500, 809.7500) - (440.9500, 809.8500) on Layer M3
violation type: Short
	srcs: net:u_data_mem/_40982_ net:u_data_mem/_41080_
	bbox = (441.0500, 595.9500) - (441.1500, 596.0500) on Layer M3
violation type: Short
	srcs: net:u_riscv_top/register_file/_08946_ net:u_riscv_top/register_file/_10611_
	bbox = (441.8500, 123.9500) - (441.9500, 124.0500) on Layer M3
violation type: Short
	srcs: net:u_riscv_top/register_file/_08946_ net:u_riscv_top/register_file/_10512_
	bbox = (441.8500, 124.3500) - (441.9500, 124.4500) on Layer M3
violation type: Short
	srcs: net:RD3_sim[21] net:u_riscv_top/register_file/_07005_
	bbox = (442.2500, 25.3500) - (442.3500, 25.4500) on Layer M3
violation type: Short
	srcs: net:u_riscv_top/register_file/_07537_ net:u_riscv_top/register_file/_09980_
	bbox = (442.8500, 209.1500) - (442.9500, 209.2500) on Layer M3
violation type: Short
	srcs: net:u_riscv_top/register_file/_07537_ net:u_riscv_top/register_file/_09980_
	bbox = (442.8500, 209.1500) - (443.1500, 209.2500) on Layer M3
violation type: Short
	srcs: net:u_riscv_top/register_file/_07537_ net:u_riscv_top/register_file/_09980_
	bbox = (443.0500, 209.1500) - (443.1500, 209.2500) on Layer M3
violation type: Short
	srcs: net:u_riscv_top/net607 net:u_riscv_top/net1966
	bbox = (443.2500, 501.9500) - (443.3500, 502.0500) on Layer M3
violation type: Short
	srcs: net:RD2_sim[10] net:u_riscv_top/register_file/_08049_
	bbox = (443.6500, 84.7500) - (443.7500, 84.8500) on Layer M3
violation type: Short
	srcs: net:RD1_sim[24] net:u_riscv_top/register_file/_08850_
	bbox = (443.6500, 144.3500) - (443.7500, 144.4500) on Layer M3
violation type: Short
	srcs: net:wb_data_sim[18] net:u_data_mem/_38219_
	bbox = (444.0500, 516.3500) - (444.1500, 516.4500) on Layer M3
violation type: Short
	srcs: net:u_data_mem/_40957_ net:u_data_mem/_41061_
	bbox = (444.6500, 748.3500) - (444.7500, 748.4500) on Layer M3
violation type: Short
	srcs: net:u_data_mem/_40957_ net:u_data_mem/_41061_
	bbox = (444.6500, 748.3500) - (444.9900, 748.4500) on Layer M3
violation type: Short
	srcs: net:u_data_mem/_35534_ net:u_data_mem/_37466_
	bbox = (444.6500, 906.5500) - (444.7500, 906.6500) on Layer M3
violation type: Short
	srcs: net:u_riscv_top/register_file/_06297_ net:u_riscv_top/register_file/_08852_
	bbox = (444.8500, 172.5500) - (444.9500, 172.6500) on Layer M3
violation type: Short
	srcs: net:u_riscv_top/net607 net:u_riscv_top/net1966
	bbox = (446.0500, 501.9500) - (446.1500, 502.0500) on Layer M3
violation type: Short
	srcs: net:mem_wdata[17] net:u_data_mem/_41091_
	bbox = (446.2500, 584.7500) - (446.3500, 584.8500) on Layer M3
violation type: Short
	srcs: net:u_riscv_top/register_file/_10515_ net:u_riscv_top/register_file/_10525_
	bbox = (446.4500, 102.3500) - (446.5500, 102.4500) on Layer M3
violation type: Short
	srcs: net:u_data_mem/_35609_ net:u_data_mem/_39691_
	bbox = (446.6500, 914.3500) - (446.7500, 914.4500) on Layer M3
violation type: Short
	srcs: net:wb_data_sim[17] net:u_riscv_top/CSR_Data_out[0]
	bbox = (447.0500, 495.5500) - (447.1500, 495.6500) on Layer M3
violation type: Short
	srcs: net:u_riscv_top/register_file/_06261_ net:u_riscv_top/register_file/_07213_
	bbox = (447.2100, 70.3500) - (447.3900, 70.4500) on Layer M3
violation type: Short
	srcs: net:u_riscv_top/register_file/_06261_ net:u_riscv_top/register_file/_07213_
	bbox = (447.2500, 70.3500) - (447.3500, 70.4500) on Layer M3
violation type: Short
	srcs: net:RD4_sim[28] net:u_riscv_top/register_file/_09762_
	bbox = (447.4500, 109.9500) - (447.5500, 110.0500) on Layer M3
violation type: Short
	srcs: net:u_data_mem/_20477_ net:u_data_mem/_35572_
	bbox = (448.4500, 655.3500) - (448.5500, 655.4500) on Layer M3
violation type: Short
	srcs: net:u_data_mem/_35582_ net:u_data_mem/bank2\[36\][15]
	bbox = (449.0500, 694.9500) - (449.1500, 695.0500) on Layer M3
violation type: Short
	srcs: net:riscv_addr[24] net:net1335
	bbox = (449.8500, 403.3500) - (449.9500, 403.4500) on Layer M3
violation type: Short
	srcs: net:u_data_mem/_35532_ net:u_data_mem/bank3\[27\][10]
	bbox = (451.8100, 1001.7500) - (451.9300, 1001.8500) on Layer M3
violation type: Short
	srcs: net:u_riscv_top/CSR_Data_out[25] net:u_riscv_top/mux5/net2411
	bbox = (452.8500, 493.3500) - (452.9500, 493.4500) on Layer M3
violation type: Short
	srcs: net:mem_wdata[8] net:u_data_mem/_18144_
	bbox = (453.4500, 1010.1500) - (453.5500, 1010.2500) on Layer M3
violation type: Short
	srcs: net:u_riscv_top/register_file/_10507_ net:u_riscv_top/register_file/_10524_
	bbox = (454.0500, 106.7500) - (454.1500, 106.8500) on Layer M3
violation type: Short
	srcs: net:u_data_mem/_40918_ net:u_data_mem/bank3\[3\][17]
	bbox = (454.8500, 884.1500) - (454.9500, 884.2500) on Layer M3
violation type: Short
	srcs: net:u_riscv_top/register_file/_10493_ net:u_riscv_top/register_file/_10497_
	bbox = (455.0500, 100.5500) - (455.1500, 100.6500) on Layer M3
violation type: Short
	srcs: net:u_data_mem/_35572_ net:u_data_mem/bank3\[3\][17]
	bbox = (455.0500, 883.3500) - (455.1500, 883.4500) on Layer M3
violation type: Short
	srcs: net:u_riscv_top/register_file/_07221_ net:u_riscv_top/register_file/_07245_
	bbox = (455.4500, 118.5500) - (455.5500, 118.6500) on Layer M3
violation type: Short
	srcs: net:u_riscv_top/register_file/_06197_ net:u_riscv_top/register_file/_07213_
	bbox = (455.6500, 226.7500) - (455.7500, 226.8500) on Layer M3
violation type: Short
	srcs: net:RD3_sim[17] net:u_riscv_top/register_file/_08364_
	bbox = (455.8500, 201.3500) - (455.9500, 201.4500) on Layer M3
violation type: Short
	srcs: net:u_data_mem/_37500_ net:u_data_mem/bank3\[3\][30]
	bbox = (455.8500, 908.7500) - (455.9500, 908.8500) on Layer M3
violation type: Short
	srcs: net:mem_addr[2] net:u_data_mem/bank3\[3\][30]
	bbox = (455.8500, 909.1500) - (455.9500, 909.2500) on Layer M3
violation type: Short
	srcs: net:u_riscv_top/register_file/_10493_ net:u_riscv_top/register_file/_10500_
	bbox = (455.9495, 100.9500) - (455.9505, 101.0500) on Layer M3
violation type: Short
	srcs: net:RD2_sim[23] net:u_riscv_top/register_file/regfile\[12\][25]
	bbox = (455.9495, 179.3500) - (455.9505, 179.4500) on Layer M3
violation type: Short
	srcs: net:RD2_sim[23] net:u_riscv_top/register_file/regfile\[12\][25]
	bbox = (455.9495, 179.3500) - (455.9505, 179.6500) on Layer M3
violation type: Short
	srcs: net:u_riscv_top/register_file/_10500_ net:u_riscv_top/register_file/_10520_
	bbox = (455.9500, 101.1500) - (456.0500, 101.2500) on Layer M3
violation type: Short
	srcs: net:RD2_sim[23] net:u_riscv_top/register_file/regfile\[12\][25]
	bbox = (455.9500, 179.5500) - (456.0500, 179.6500) on Layer M3
violation type: Short
	srcs: net:riscv_addr[6] net:u_riscv_top/h1[22]
	bbox = (455.9500, 430.5500) - (456.0500, 430.6500) on Layer M3
violation type: Short
	srcs: net:u_data_mem/_35611_ net:u_data_mem/_37564_
	bbox = (455.9500, 627.9500) - (456.0500, 628.0500) on Layer M3
violation type: Short
	srcs: net:u_data_mem/_35601_ net:u_data_mem/_41159_
	bbox = (455.9500, 927.1500) - (456.0500, 927.2500) on Layer M3
violation type: Short
	srcs: net:u_data_mem/_35539_ net:u_data_mem/_35573_
	bbox = (456.0500, 592.3500) - (456.1500, 592.4500) on Layer M3
violation type: Short
	srcs: net:u_riscv_top/register_file/_07221_ net:u_riscv_top/register_file/_07245_
	bbox = (456.2500, 118.5500) - (456.3500, 118.6500) on Layer M3
violation type: Short
	srcs: net:u_riscv_top/register_file/_07221_ net:u_riscv_top/register_file/_07245_
	bbox = (456.2500, 118.5500) - (456.3500, 118.8500) on Layer M3
violation type: Short
	srcs: net:u_riscv_top/register_file/_07221_ net:u_riscv_top/register_file/_07245_
	bbox = (456.2500, 118.7500) - (456.3500, 118.8500) on Layer M3
violation type: Short
	srcs: net:A1_sim[2] net:u_riscv_top/register_file/_07247_
	bbox = (456.2500, 199.3500) - (456.3500, 199.4500) on Layer M3
violation type: Short
	srcs: net:u_riscv_top/clk_fp_mul net:u_riscv_top/h1[27]
	bbox = (456.2500, 420.1500) - (456.3500, 420.2500) on Layer M3
violation type: Short
	srcs: net:u_data_mem/_18246_ net:u_data_mem/_41078_
	bbox = (456.2500, 484.9500) - (456.3500, 485.0500) on Layer M3
violation type: Short
	srcs: net:u_data_mem/_35533_ net:u_data_mem/_41109_
	bbox = (456.2500, 747.3500) - (456.3500, 747.4500) on Layer M3
violation type: Short
	srcs: net:u_data_mem/_35533_ net:u_data_mem/_41109_
	bbox = (456.2500, 747.3500) - (456.3500, 747.6500) on Layer M3
violation type: Short
	srcs: net:u_data_mem/_35533_ net:u_data_mem/_41109_
	bbox = (456.2500, 747.5500) - (456.3500, 747.6500) on Layer M3
violation type: Short
	srcs: net:u_data_mem/_35545_ net:u_data_mem/_41105_
	bbox = (456.2500, 775.1500) - (456.3500, 775.2500) on Layer M3
violation type: Short
	srcs: net:u_riscv_top/fp_add_result_core[21] net:u_riscv_top/u_bridge_fp_add_to_core/net1827
	bbox = (456.4500, 280.5500) - (456.5500, 280.6500) on Layer M3
violation type: Short
	srcs: net:u_data_mem/_37944_ net:u_data_mem/_38592_
	bbox = (456.4500, 695.5500) - (456.5500, 695.6500) on Layer M3
violation type: Short
	srcs: net:u_data_mem/_35539_ net:u_data_mem/_41158_
	bbox = (456.4500, 984.1500) - (456.5500, 984.2500) on Layer M3
violation type: Short
	srcs: net:u_riscv_top/register_file/_07245_ net:u_riscv_top/register_file/_07867_
	bbox = (456.6500, 118.5500) - (456.7500, 118.6500) on Layer M3
violation type: Short
	srcs: net:u_riscv_top/register_file/_06198_ net:u_riscv_top/register_file/_07226_
	bbox = (456.6500, 146.1500) - (456.7500, 146.2500) on Layer M3
violation type: Short
	srcs: net:u_data_mem/_18212_ net:u_data_mem/_35567_
	bbox = (456.6500, 656.7500) - (456.7500, 656.8500) on Layer M3
violation type: Short
	srcs: net:mem_addr[1] net:u_data_mem/_40832_
	bbox = (456.8500, 506.5500) - (456.9500, 506.6500) on Layer M3
violation type: Short
	srcs: net:u_riscv_top/rst_fp_mul_n net:u_riscv_top/FP_Mult/_0558_
	bbox = (457.2500, 420.9500) - (457.3500, 421.0500) on Layer M3
violation type: Short
	srcs: net:rst net:u_riscv_top/clk_fp_add
	bbox = (457.4500, 478.5500) - (457.5500, 478.6500) on Layer M3
violation type: Short
	srcs: net:mem_wdata[21] net:u_data_mem/_38538_
	bbox = (457.4500, 862.3500) - (457.5500, 862.4500) on Layer M3
violation type: Short
	srcs: net:u_riscv_top/register_file/_07230_ net:u_riscv_top/register_file/_08850_
	bbox = (457.6500, 143.9500) - (457.7500, 144.0500) on Layer M3
violation type: Short
	srcs: net:u_riscv_top/register_file/_07390_ net:u_riscv_top/register_file/_10524_
	bbox = (458.0500, 177.9500) - (458.1500, 178.0500) on Layer M3
violation type: Short
	srcs: net:A3_sim[0] net:u_riscv_top/register_file/_06351_
	bbox = (458.2500, 60.9500) - (458.3500, 61.0500) on Layer M3
violation type: Short
	srcs: net:u_riscv_top/register_file/_07234_ net:u_riscv_top/register_file/_09966_
	bbox = (458.4500, 208.9500) - (458.5500, 209.0500) on Layer M3
violation type: Short
	srcs: net:RD1_sim[20] net:u_riscv_top/register_file/_07231_
	bbox = (458.4500, 258.9500) - (458.5500, 259.0500) on Layer M3
violation type: Short
	srcs: net:u_data_mem/_41083_ net:u_riscv_top/net607
	bbox = (459.8500, 501.5500) - (459.9500, 501.6500) on Layer M3
violation type: Short
	srcs: net:u_data_mem/_21464_ net:net1316
	bbox = (460.4500, 502.1500) - (460.5500, 502.2500) on Layer M3
violation type: Short
	srcs: net:u_riscv_top/register_file/_07911_ net:u_riscv_top/register_file/_08850_
	bbox = (461.0500, 42.9500) - (461.1500, 43.0500) on Layer M3
violation type: Short
	srcs: net:u_data_mem/_35532_ net:u_riscv_top/CSR_Data_out[8]
	bbox = (461.0500, 514.9500) - (461.1500, 515.0500) on Layer M3
violation type: Short
	srcs: net:u_data_mem/_40950_ net:u_data_mem/_41051_
	bbox = (461.0500, 910.9500) - (461.1500, 911.0500) on Layer M3
violation type: Short
	srcs: net:u_riscv_top/register_file/_07213_ net:u_riscv_top/register_file/_07643_
	bbox = (461.2700, 255.9500) - (461.3500, 256.0500) on Layer M3
violation type: Short
	srcs: net:u_riscv_top/register_file/_07213_ net:u_riscv_top/register_file/_07643_
	bbox = (461.2700, 255.9500) - (461.3900, 256.0500) on Layer M3
violation type: Short
	srcs: net:u_riscv_top/register_file/_07214_ net:clknet_8_7_0_clk
	bbox = (461.6500, 117.9500) - (461.7500, 118.0500) on Layer M3
violation type: Short
	srcs: net:u_riscv_top/register_file/_07214_ net:clknet_8_7_0_clk
	bbox = (461.6500, 117.9500) - (461.9500, 118.0500) on Layer M3
violation type: Short
	srcs: net:u_riscv_top/register_file/_07214_ net:clknet_8_7_0_clk
	bbox = (461.8500, 117.9500) - (461.9500, 118.0500) on Layer M3
violation type: Short
	srcs: net:u_riscv_top/register_file/_06202_ net:u_riscv_top/register_file/_10505_
	bbox = (461.8500, 228.3500) - (461.9500, 228.4500) on Layer M3
violation type: Short
	srcs: net:A2_sim[4] net:u_riscv_top/register_file/_09262_
	bbox = (461.9500, 250.7500) - (462.0500, 250.8500) on Layer M3
violation type: Short
	srcs: net:A2_sim[4] net:u_riscv_top/register_file/_09262_
	bbox = (461.9500, 250.7500) - (462.1300, 250.8500) on Layer M3
violation type: Short
	srcs: net:u_data_mem/_35531_ net:u_data_mem/_35583_
	bbox = (462.8500, 809.7500) - (462.9500, 809.8500) on Layer M3
violation type: Short
	srcs: net:u_riscv_top/register_file/_07231_ net:u_riscv_top/register_file/_09572_
	bbox = (463.2100, 74.3500) - (463.3900, 74.4500) on Layer M3
violation type: Short
	srcs: net:u_riscv_top/register_file/_07231_ net:u_riscv_top/register_file/_09572_
	bbox = (463.2500, 74.3500) - (463.3500, 74.4500) on Layer M3
violation type: Short
	srcs: net:u_riscv_top/register_file/_09662_ net:u_riscv_top/register_file/_10503_
	bbox = (463.4500, 150.9500) - (463.5500, 151.0500) on Layer M3
violation type: Short
	srcs: net:u_riscv_top/register_file/_10354_ net:u_riscv_top/register_file/_10503_
	bbox = (463.4500, 151.1500) - (463.5500, 151.2500) on Layer M3
violation type: Short
	srcs: net:RD4_sim[24] net:u_riscv_top/register_file/_10354_
	bbox = (463.6500, 151.5500) - (463.7500, 151.6500) on Layer M3
violation type: Short
	srcs: net:u_riscv_top/register_file/_06407_ net:u_riscv_top/register_file/_07234_
	bbox = (464.0500, 208.7500) - (464.1500, 208.8500) on Layer M3
violation type: Short
	srcs: net:u_data_mem/_41084_ net:u_data_mem/_41092_
	bbox = (464.2500, 597.3500) - (464.3500, 597.4500) on Layer M3
violation type: Short
	srcs: net:u_data_mem/_41045_ net:u_data_mem/bank3\[18\][4]
	bbox = (464.2500, 784.5500) - (464.3500, 784.6500) on Layer M3
violation type: Short
	srcs: net:u_riscv_top/register_file/_10508_ net:u_riscv_top/register_file/_10519_
	bbox = (464.4500, 109.9500) - (464.5500, 110.0500) on Layer M3
violation type: Short
	srcs: net:u_data_mem/_19287_ net:u_data_mem/_35538_
	bbox = (464.8500, 915.9500) - (464.9500, 916.0500) on Layer M3
violation type: Short
	srcs: net:u_riscv_top/register_file/_10322_ net:u_riscv_top/register_file/_10512_
	bbox = (465.0500, 124.3500) - (465.1500, 124.4500) on Layer M3
violation type: Short
	srcs: net:u_data_mem/_35601_ net:u_data_mem/_36910_
	bbox = (465.6500, 748.9500) - (465.7500, 749.0500) on Layer M3
violation type: Short
	srcs: net:u_data_mem/_34929_ net:u_data_mem/_36250_
	bbox = (465.6500, 943.3500) - (465.7500, 943.4500) on Layer M3
violation type: Short
	srcs: net:u_riscv_top/mult_result_core[1] net:u_riscv_top/net1831
	bbox = (465.8500, 287.7500) - (465.9500, 287.8500) on Layer M3
violation type: Short
	srcs: net:u_data_mem/bank3\[58\][0] net:u_data_mem/bank3\[59\][0]
	bbox = (466.2500, 883.5500) - (466.3500, 883.6500) on Layer M3
violation type: Short
	srcs: net:u_data_mem/_41109_ net:u_data_mem/bank2\[31\][28]
	bbox = (466.4500, 775.5500) - (466.5500, 775.6500) on Layer M3
violation type: Short
	srcs: net:u_data_mem/_37955_ net:u_data_mem/bank3\[58\][0]
	bbox = (466.8500, 883.5500) - (466.9500, 883.6500) on Layer M3
violation type: Short
	srcs: net:A5_sim[4] net:u_riscv_top/register_file/_06204_
	bbox = (467.2500, 104.3500) - (467.3500, 104.4500) on Layer M3
violation type: Short
	srcs: net:u_riscv_top/mult_result_core[20] net:u_riscv_top/net1828
	bbox = (467.6500, 280.9500) - (467.7500, 281.0500) on Layer M3
violation type: Short
	srcs: net:u_data_mem/_41121_ net:u_data_mem/bank2\[9\][17]
	bbox = (468.0500, 631.7500) - (468.1500, 631.8500) on Layer M3
violation type: Short
	srcs: net:u_riscv_top/CSR_Data_out[25] net:u_riscv_top/net1956
	bbox = (468.2500, 492.9500) - (468.3500, 493.0500) on Layer M3
violation type: Short
	srcs: net:RD3_sim[19] net:u_riscv_top/register_file/_06203_
	bbox = (468.4500, 198.3500) - (468.5500, 198.4500) on Layer M3
violation type: Short
	srcs: net:u_data_mem/_21558_ net:u_riscv_top/CSR_Data_out[25]
	bbox = (468.6500, 492.9500) - (468.7500, 493.0500) on Layer M3
violation type: Short
	srcs: net:u_data_mem/_21558_ net:u_riscv_top/net2457
	bbox = (468.6500, 493.3500) - (468.7500, 493.4500) on Layer M3
violation type: Short
	srcs: net:RD2_sim[24] net:u_riscv_top/register_file/_06220_
	bbox = (469.8500, 138.7500) - (469.9500, 138.8500) on Layer M3
violation type: Short
	srcs: net:u_riscv_top/u_bridge_core_to_fp_mul/_093_ net:net1316
	bbox = (469.8500, 388.5500) - (469.9500, 388.6500) on Layer M3
violation type: Short
	srcs: net:u_data_mem/_35531_ net:u_data_mem/_35540_
	bbox = (471.4100, 809.3500) - (471.9300, 809.4500) on Layer M3
violation type: Short
	srcs: net:u_riscv_top/register_file/_09660_ net:u_riscv_top/register_file/regfile\[6\][4]
	bbox = (471.6500, 161.7500) - (471.7500, 161.8500) on Layer M3
violation type: Short
	srcs: net:u_data_mem/_37301_ net:u_data_mem/_37319_
	bbox = (471.8500, 649.1500) - (471.9500, 649.2500) on Layer M3
violation type: Short
	srcs: net:u_riscv_top/mux8_1/_603_ net:u_riscv_top/net1828
	bbox = (472.2500, 281.1500) - (472.3500, 281.2500) on Layer M3
violation type: Short
	srcs: net:u_data_mem/_18131_ net:u_data_mem/_26224_
	bbox = (473.0500, 789.9500) - (473.1500, 790.0500) on Layer M3
violation type: Short
	srcs: net:u_riscv_top/mux8_1/_605_ net:u_riscv_top/mux8_1/_615_
	bbox = (473.4500, 281.9500) - (473.5500, 282.0500) on Layer M3
violation type: Short
	srcs: net:riscv_we net:u_data_mem/_39475_
	bbox = (473.6500, 532.9500) - (473.7500, 533.0500) on Layer M3
violation type: Short
	srcs: net:u_riscv_top/register_file/_07932_ net:u_riscv_top/register_file/regfile\[6\][4]
	bbox = (474.0500, 163.5500) - (474.1500, 163.6500) on Layer M3
violation type: Short
	srcs: net:u_data_mem/_35611_ net:u_data_mem/_37577_
	bbox = (474.4500, 627.5500) - (474.5500, 627.6500) on Layer M3
violation type: Short
	srcs: net:u_data_mem/_38364_ net:u_data_mem/_40959_
	bbox = (474.4500, 803.1500) - (474.5500, 803.2500) on Layer M3
violation type: Short
	srcs: net:A1_sim[3] net:u_riscv_top/register_file/_08852_
	bbox = (474.8100, 160.5500) - (474.9900, 160.6500) on Layer M3
violation type: Short
	srcs: net:A1_sim[3] net:u_riscv_top/register_file/_08852_
	bbox = (474.8500, 160.5500) - (474.9500, 160.6500) on Layer M3
violation type: Short
	srcs: net:A3_sim[2] net:u_riscv_top/register_file/_07222_
	bbox = (475.4100, 163.3500) - (475.5300, 163.4500) on Layer M3
violation type: Short
	srcs: net:A3_sim[2] net:u_riscv_top/register_file/_07222_
	bbox = (475.4500, 163.3500) - (475.5300, 163.4500) on Layer M3
violation type: Short
	srcs: net:u_riscv_top/register_file/_07234_ net:u_riscv_top/register_file/_08050_
	bbox = (475.8100, 162.9500) - (476.3300, 163.0500) on Layer M3
violation type: Short
	srcs: net:u_data_mem/_35732_ net:u_riscv_top/CSR_Data_out[25]
	bbox = (475.8500, 492.9500) - (475.9500, 493.0500) on Layer M3
violation type: Short
	srcs: net:u_data_mem/_21185_ net:u_data_mem/_35546_
	bbox = (476.0500, 694.7500) - (476.1500, 694.8500) on Layer M3
violation type: Short
	srcs: net:u_data_mem/_21185_ net:u_data_mem/_38253_
	bbox = (476.0500, 694.9500) - (476.1500, 695.0500) on Layer M3
violation type: Short
	srcs: net:u_riscv_top/register_file/_08850_ net:u_riscv_top/register_file/regfile\[6\][6]
	bbox = (476.2500, 121.1500) - (476.3500, 121.2500) on Layer M3
violation type: Short
	srcs: net:u_riscv_top/register_file/_08850_ net:u_riscv_top/register_file/regfile\[6\][6]
	bbox = (476.2500, 121.1500) - (476.5500, 121.2500) on Layer M3
violation type: Short
	srcs: net:u_riscv_top/register_file/_06204_ net:u_riscv_top/register_file/net2373
	bbox = (476.2500, 205.1500) - (476.3500, 205.2500) on Layer M3
violation type: Short
	srcs: net:u_data_mem/_35546_ net:u_data_mem/_38253_
	bbox = (476.2500, 694.9500) - (476.3500, 695.0500) on Layer M3
violation type: Short
	srcs: net:u_riscv_top/register_file/_08850_ net:u_riscv_top/register_file/regfile\[6\][6]
	bbox = (476.4500, 121.1500) - (476.5500, 121.2500) on Layer M3
violation type: Short
	srcs: net:u_riscv_top/u_bridge_fp_mul_to_core/_037_ net:u_riscv_top/M8/net2463
	bbox = (476.4500, 304.1500) - (476.5500, 304.2500) on Layer M3
violation type: Short
	srcs: net:u_riscv_top/h1[17] net:u_riscv_top/u_bridge_core_to_fp_mul/_013_
	bbox = (476.4500, 424.9500) - (476.5500, 425.0500) on Layer M3
violation type: Short
	srcs: net:mem_addr[2] net:u_data_mem/_41048_
	bbox = (476.4500, 909.1500) - (476.5500, 909.2500) on Layer M3
violation type: Short
	srcs: net:u_riscv_top/register_file/regfile\[2\][4] net:clknet_2_0_0_clk
	bbox = (476.6100, 162.3500) - (476.7900, 162.4500) on Layer M3
violation type: Short
	srcs: net:u_riscv_top/register_file/_07213_ net:u_riscv_top/register_file/_08734_
	bbox = (476.6100, 163.1500) - (477.0500, 163.2500) on Layer M3
violation type: Short
	srcs: net:u_riscv_top/register_file/regfile\[2\][4] net:clknet_2_0_0_clk
	bbox = (476.6500, 162.3500) - (476.7500, 162.4500) on Layer M3
violation type: Short
	srcs: net:u_riscv_top/CSR_Data_out[22] net:net546
	bbox = (476.8500, 519.9500) - (476.9500, 520.0500) on Layer M3
violation type: Short
	srcs: net:mem_wdata[20] net:u_data_mem/_35544_
	bbox = (476.8500, 708.9500) - (476.9500, 709.0500) on Layer M3
violation type: Short
	srcs: net:u_riscv_top/register_file/_06194_ net:u_riscv_top/register_file/_07225_
	bbox = (476.9500, 80.1500) - (477.0500, 80.2500) on Layer M3
violation type: Short
	srcs: net:u_riscv_top/register_file/_06194_ net:u_riscv_top/register_file/_07225_
	bbox = (476.9500, 80.1500) - (477.0500, 80.4500) on Layer M3
violation type: Short
	srcs: net:u_riscv_top/register_file/_06194_ net:u_riscv_top/register_file/_07225_
	bbox = (476.9500, 80.3500) - (477.0500, 80.4500) on Layer M3
violation type: Short
	srcs: net:u_riscv_top/register_file/_08850_ net:u_riscv_top/register_file/_09660_
	bbox = (476.9500, 161.5500) - (477.0500, 161.6500) on Layer M3
violation type: Short
	srcs: net:u_riscv_top/register_file/_07213_ net:u_riscv_top/register_file/_08734_
	bbox = (476.9500, 163.1500) - (477.0500, 163.2500) on Layer M3
violation type: Short
	srcs: net:u_riscv_top/register_file/_07213_ net:u_riscv_top/register_file/_07222_
	bbox = (476.9500, 163.5500) - (477.0500, 163.6500) on Layer M3
violation type: Short
	srcs: net:u_riscv_top/register_file/_10519_ net:u_riscv_top/register_file/net2458
	bbox = (476.9500, 169.9500) - (477.0500, 170.0500) on Layer M3
violation type: Short
	srcs: net:u_riscv_top/register_file/_10517_ net:u_riscv_top/register_file/net2425
	bbox = (476.9500, 186.7500) - (477.0500, 186.8500) on Layer M3
violation type: Short
	srcs: net:u_riscv_top/register_file/_06217_ net:u_riscv_top/register_file/_07226_
	bbox = (476.9500, 249.9500) - (477.0500, 250.0500) on Layer M3
violation type: Short
	srcs: net:u_riscv_top/mux8_1/_638_ net:u_riscv_top/net1508
	bbox = (476.9500, 289.9500) - (477.0500, 290.0500) on Layer M3
violation type: Short
	srcs: net:u_riscv_top/h2[15] net:u_riscv_top/h2[18]
	bbox = (476.9500, 458.7500) - (477.0500, 458.8500) on Layer M3
violation type: Short
	srcs: net:u_data_mem/_41078_ net:u_data_mem/_41089_
	bbox = (476.9500, 504.5500) - (477.0500, 504.6500) on Layer M3
violation type: Short
	srcs: net:u_data_mem/_41078_ net:u_data_mem/_41089_
	bbox = (476.9500, 504.5500) - (477.1500, 504.6500) on Layer M3
violation type: Short
	srcs: net:u_riscv_top/net476 net:u_riscv_top/net500
	bbox = (476.9500, 526.9500) - (477.0500, 527.0500) on Layer M3
violation type: Short
	srcs: net:u_data_mem/_35533_ net:net1319
	bbox = (476.9500, 530.3500) - (477.0500, 530.4500) on Layer M3
violation type: Short
	srcs: net:mem_wdata[24] net:u_data_mem/_41085_
	bbox = (476.9500, 569.5500) - (477.0500, 569.6500) on Layer M3
violation type: Short
	srcs: net:mem_wdata[26] net:u_data_mem/_37009_
	bbox = (476.9500, 654.7500) - (477.0500, 654.8500) on Layer M3
violation type: Short
	srcs: net:u_data_mem/_18215_ net:u_data_mem/_41429_
	bbox = (476.9500, 664.9500) - (477.0500, 665.0500) on Layer M3
violation type: Short
	srcs: net:u_data_mem/_41105_ net:u_data_mem/_41217_
	bbox = (476.9500, 746.3500) - (477.0500, 746.4500) on Layer M3
violation type: Short
	srcs: net:u_data_mem/_40250_ net:u_data_mem/_41256_
	bbox = (476.9500, 871.3500) - (477.0500, 871.4500) on Layer M3
violation type: Short
	srcs: net:u_data_mem/_40965_ net:u_data_mem/_41051_
	bbox = (476.9500, 910.5500) - (477.0500, 910.6500) on Layer M3
violation type: Short
	srcs: net:u_data_mem/_18408_ net:u_data_mem/_41036_
	bbox = (476.9500, 919.5500) - (477.0500, 919.6500) on Layer M3
violation type: Short
	srcs: net:u_data_mem/_41100_ net:u_data_mem/_41103_
	bbox = (477.0100, 696.5500) - (477.0500, 696.6500) on Layer M3
violation type: Short
	srcs: net:u_data_mem/_41078_ net:u_data_mem/_41089_
	bbox = (477.0495, 504.3500) - (477.0505, 504.4500) on Layer M3
violation type: Short
	srcs: net:u_data_mem/_41078_ net:u_data_mem/_41089_
	bbox = (477.0495, 504.3500) - (477.0505, 504.6500) on Layer M3
violation type: Short
	srcs: net:RD3_sim[18] net:u_riscv_top/register_file/_08850_
	bbox = (477.0500, 233.9500) - (477.1500, 234.0500) on Layer M3
violation type: Short
	srcs: net:u_data_mem/_41078_ net:u_data_mem/_41089_
	bbox = (477.0500, 504.5500) - (477.1500, 504.6500) on Layer M3
violation type: Short
	srcs: net:u_data_mem/_37594_ net:u_data_mem/_41115_
	bbox = (477.0500, 629.1500) - (477.1500, 629.2500) on Layer M3
violation type: Short
	srcs: net:u_riscv_top/register_file/_06209_ net:u_riscv_top/register_file/net2456
	bbox = (477.2500, 105.9500) - (477.3500, 106.0500) on Layer M3
violation type: Short
	srcs: net:RD4_sim[28] net:u_riscv_top/register_file/_10508_
	bbox = (477.2500, 109.5500) - (477.3500, 109.6500) on Layer M3
violation type: Short
	srcs: net:RD3_sim[28] net:RegWrEn_sim
	bbox = (477.2500, 111.7500) - (477.3500, 111.8500) on Layer M3
violation type: Short
	srcs: net:RD1_sim[24] net:u_riscv_top/register_file/_10239_
	bbox = (477.2500, 144.3500) - (477.3500, 144.4500) on Layer M3
violation type: Short
	srcs: net:u_riscv_top/pipeline_reg2/_0422_ net:net1202
	bbox = (477.2500, 286.1500) - (477.3500, 286.2500) on Layer M3
violation type: Short
	srcs: net:u_riscv_top/pipeline_reg2/_0422_ net:net1202
	bbox = (477.2500, 286.1500) - (477.5500, 286.2500) on Layer M3
violation type: Short
	srcs: net:u_data_mem/_40593_ net:u_data_mem/_41001_
	bbox = (477.2500, 876.7500) - (477.3500, 876.8500) on Layer M3
violation type: Short
	srcs: net:u_riscv_top/_240_ net:u_riscv_top/mult_result_core[20]
	bbox = (477.4100, 279.3500) - (477.7500, 279.4500) on Layer M3
violation type: Short
	srcs: net:u_riscv_top/pipeline_reg2/_0422_ net:net1202
	bbox = (477.4500, 286.1500) - (477.5500, 286.2500) on Layer M3
violation type: Short
	srcs: net:mem_wdata[6] net:u_data_mem/_35532_
	bbox = (477.4500, 515.3500) - (477.5500, 515.4500) on Layer M3
violation type: Short
	srcs: net:u_riscv_top/_240_ net:u_riscv_top/mult_result_core[20]
	bbox = (477.6500, 279.3500) - (477.7500, 279.4500) on Layer M3
violation type: Short
	srcs: net:u_riscv_top/register_file/_09580_ net:u_riscv_top/register_file/net2447
	bbox = (477.8500, 79.5500) - (477.9500, 79.6500) on Layer M3
violation type: Short
	srcs: net:riscv_addr[11] net:u_riscv_top/h2[19]
	bbox = (477.8500, 423.1500) - (477.9500, 423.2500) on Layer M3
violation type: Short
	srcs: net:u_data_mem/_21427_ net:u_riscv_top/CSR_Data_out[8]
	bbox = (478.0500, 514.9500) - (478.1500, 515.0500) on Layer M3
violation type: Short
	srcs: net:mem_wdata[25] net:u_data_mem/_36761_
	bbox = (478.0500, 819.5500) - (478.1500, 819.6500) on Layer M3
violation type: Short
	srcs: net:u_riscv_top/register_file/_09778_ net:u_riscv_top/register_file/_10324_
	bbox = (478.2500, 120.5500) - (478.3500, 120.6500) on Layer M3
violation type: Short
	srcs: net:u_data_mem/_40322_ net:u_data_mem/_40343_
	bbox = (478.4500, 701.3500) - (478.5500, 701.4500) on Layer M3
violation type: Short
	srcs: net:mem_wdata[19] net:u_data_mem/_35539_
	bbox = (478.8500, 623.3500) - (478.9500, 623.4500) on Layer M3
violation type: Short
	srcs: net:mem_wdata[19] net:u_data_mem/_35539_
	bbox = (478.8500, 623.3500) - (479.3500, 623.4500) on Layer M3
violation type: Short
	srcs: net:mem_wdata[19] net:u_data_mem/_35539_
	bbox = (479.2500, 623.3500) - (479.3500, 623.4500) on Layer M3
violation type: Short
	srcs: net:u_riscv_top/register_file/_07222_ net:u_riscv_top/register_file/regfile\[7\][6]
	bbox = (479.6100, 120.9500) - (479.7300, 121.0500) on Layer M3
violation type: Short
	srcs: net:u_riscv_top/register_file/_07221_ net:u_riscv_top/register_file/_07245_
	bbox = (479.6500, 118.9500) - (479.7500, 119.0500) on Layer M3
violation type: Short
	srcs: net:u_riscv_top/register_file/_07221_ net:u_riscv_top/register_file/_07245_
	bbox = (479.6500, 118.9500) - (479.7900, 119.0500) on Layer M3
violation type: Short
	srcs: net:u_riscv_top/register_file/_07222_ net:u_riscv_top/register_file/regfile\[7\][6]
	bbox = (479.6500, 120.9500) - (479.7300, 121.0500) on Layer M3
violation type: Short
	srcs: net:mem_wdata[19] net:u_data_mem/bank2\[12\][8]
	bbox = (479.6500, 623.1500) - (479.7300, 623.2500) on Layer M3
violation type: Short
	srcs: net:u_data_mem/_36729_ net:u_data_mem/_41051_
	bbox = (479.6500, 730.9500) - (479.7500, 731.0500) on Layer M3
violation type: Short
	srcs: net:u_riscv_top/register_file/_07363_ net:u_riscv_top/register_file/regfile\[8\][26]
	bbox = (480.2500, 190.3500) - (480.3500, 190.4500) on Layer M3
violation type: Short
	srcs: net:u_data_mem/_20650_ net:u_data_mem/_40849_
	bbox = (480.6500, 627.9500) - (480.7500, 628.0500) on Layer M3
violation type: Short
	srcs: net:u_riscv_top/register_file/_07222_ net:u_riscv_top/register_file/regfile\[6\][6]
	bbox = (480.8100, 121.1500) - (481.3300, 121.2500) on Layer M3
violation type: Short
	srcs: net:u_riscv_top/h1[8] net:net214
	bbox = (481.0500, 402.9500) - (481.1500, 403.0500) on Layer M3
violation type: Short
	srcs: net:u_riscv_top/register_file/_08717_ net:u_riscv_top/register_file/_08901_
	bbox = (481.2500, 37.7500) - (481.3500, 37.8500) on Layer M3
violation type: Short
	srcs: net:u_riscv_top/register_file/_08101_ net:u_riscv_top/register_file/_08901_
	bbox = (481.2500, 37.9500) - (481.3500, 38.0500) on Layer M3
violation type: Short
	srcs: net:RD3_sim[14] net:u_riscv_top/register_file/_08900_
	bbox = (481.2500, 39.5500) - (481.3500, 39.6500) on Layer M3
violation type: Short
	srcs: net:u_riscv_top/register_file/_09605_ net:u_riscv_top/register_file/_10404_
	bbox = (482.0500, 66.9500) - (482.1500, 67.0500) on Layer M3
violation type: Short
	srcs: net:RD3_sim[14] net:u_riscv_top/register_file/_08903_
	bbox = (483.2500, 39.5500) - (483.3500, 39.6500) on Layer M3
violation type: Short
	srcs: net:u_riscv_top/register_file/_08469_ net:u_riscv_top/register_file/_10278_
	bbox = (483.4500, 240.9500) - (483.5500, 241.0500) on Layer M3
violation type: Short
	srcs: net:u_data_mem/_35542_ net:u_data_mem/_35544_
	bbox = (483.4500, 1001.1500) - (483.5500, 1001.2500) on Layer M3
violation type: Short
	srcs: net:u_riscv_top/register_file/_06213_ net:u_riscv_top/register_file/_07654_
	bbox = (483.6500, 251.7500) - (483.7500, 251.8500) on Layer M3
violation type: Short
	srcs: net:u_data_mem/_41089_ net:u_data_mem/bank2\[41\][13]
	bbox = (483.6500, 529.3500) - (483.7500, 529.4500) on Layer M3
violation type: Short
	srcs: net:u_data_mem/_35549_ net:u_data_mem/_35611_
	bbox = (484.0500, 793.5500) - (484.1500, 793.6500) on Layer M3
violation type: Short
	srcs: net:u_riscv_top/net493 net:u_riscv_top/net500
	bbox = (484.2500, 526.5500) - (484.3500, 526.6500) on Layer M3
violation type: Short
	srcs: net:u_riscv_top/register_file/_08050_ net:u_riscv_top/register_file/_09778_
	bbox = (485.4500, 120.9500) - (485.5500, 121.0500) on Layer M3
violation type: Short
	srcs: net:mem_addr[2] net:u_data_mem/_41008_
	bbox = (485.4500, 891.3500) - (485.5500, 891.4500) on Layer M3
violation type: Short
	srcs: net:u_data_mem/_21489_ net:u_riscv_top/pipeline_register3/_166_
	bbox = (486.0500, 514.9500) - (486.1500, 515.0500) on Layer M3
violation type: Short
	srcs: net:mem_wdata[30] net:u_data_mem/bank2\[12\][30]
	bbox = (486.0500, 591.9500) - (486.1500, 592.0500) on Layer M3
violation type: Short
	srcs: net:u_data_mem/_35542_ net:u_data_mem/_38845_
	bbox = (486.0500, 693.1500) - (486.1500, 693.2500) on Layer M3
violation type: Short
	srcs: net:u_data_mem/_35573_ net:u_data_mem/_35834_
	bbox = (486.8500, 621.1500) - (486.9500, 621.2500) on Layer M3
violation type: Short
	srcs: net:u_data_mem/_18231_ net:u_data_mem/_41061_
	bbox = (488.4500, 748.5500) - (488.5500, 748.6500) on Layer M3
violation type: Short
	srcs: net:u_riscv_top/h1[19] net:net1383
	bbox = (488.6500, 406.3500) - (488.7500, 406.4500) on Layer M3
violation type: Short
	srcs: net:u_data_mem/_35531_ net:u_data_mem/bank3\[19\][27]
	bbox = (489.0100, 807.5500) - (489.5300, 807.6500) on Layer M3
violation type: Short
	srcs: net:u_riscv_top/h1[4] net:u_riscv_top/FP_Mult/mcand[4]
	bbox = (489.0500, 370.9500) - (489.1500, 371.0500) on Layer M3
violation type: Short
	srcs: net:mem_addr[1] net:u_data_mem/_38462_
	bbox = (489.0500, 655.3500) - (489.1500, 655.4500) on Layer M3
violation type: Short
	srcs: net:u_data_mem/_22041_ net:u_data_mem/_37047_
	bbox = (490.4500, 699.9500) - (490.5500, 700.0500) on Layer M3
violation type: Short
	srcs: net:mem_wdata[0] net:u_data_mem/_22041_
	bbox = (490.4500, 700.1500) - (490.5500, 700.2500) on Layer M3
violation type: Short
	srcs: net:A1_sim[0] net:u_riscv_top/register_file/_06203_
	bbox = (490.8500, 198.1500) - (490.9500, 198.2500) on Layer M3
violation type: Short
	srcs: net:RD1_sim[18] net:u_riscv_top/register_file/regfile\[26\][7]
	bbox = (491.0500, 255.7500) - (491.1500, 255.8500) on Layer M3
violation type: Short
	srcs: net:u_data_mem/_18231_ net:u_data_mem/_41061_
	bbox = (491.0500, 748.5500) - (491.1500, 748.6500) on Layer M3
violation type: Short
	srcs: net:A2_sim[1] net:u_riscv_top/register_file/_08792_
	bbox = (491.2500, 64.9500) - (491.3500, 65.0500) on Layer M3
violation type: Short
	srcs: net:u_riscv_top/register_file/_07223_ net:u_riscv_top/register_file/_08793_
	bbox = (491.6500, 63.1500) - (491.7500, 63.2500) on Layer M3
violation type: Short
	srcs: net:u_riscv_top/clk_fp_mul net:u_riscv_top/h1[25]
	bbox = (491.6500, 397.9500) - (491.7500, 398.0500) on Layer M3
violation type: Short
	srcs: net:u_data_mem/_34902_ net:u_data_mem/_39558_
	bbox = (491.6500, 601.3500) - (491.7500, 601.4500) on Layer M3
violation type: Short
	srcs: net:RD3_sim[19] net:u_riscv_top/register_file/_08850_
	bbox = (491.8100, 198.5500) - (491.9900, 198.6500) on Layer M3
violation type: Short
	srcs: net:RD3_sim[19] net:u_riscv_top/register_file/_08850_
	bbox = (491.8500, 198.5500) - (491.9500, 198.6500) on Layer M3
violation type: Short
	srcs: net:riscv_addr[19] net:wb_data_sim[29]
	bbox = (491.8500, 525.5500) - (491.9500, 525.6500) on Layer M3
violation type: Short
	srcs: net:u_riscv_top/clk_fp_mul net:u_riscv_top/rst_fp_mul_n
	bbox = (492.4500, 398.1500) - (492.5500, 398.2500) on Layer M3
violation type: Short
	srcs: net:u_data_mem/_40105_ net:clknet_10_833__leaf_clk
	bbox = (493.0500, 676.5500) - (493.1500, 676.6500) on Layer M3
violation type: Short
	srcs: net:u_data_mem/_40112_ net:u_data_mem/_41436_
	bbox = (493.4500, 666.5500) - (493.5500, 666.6500) on Layer M3
violation type: Short
	srcs: net:u_data_mem/_18226_ net:u_data_mem/_35533_
	bbox = (494.0500, 759.9500) - (494.1500, 760.0500) on Layer M3
violation type: Short
	srcs: net:u_data_mem/_39817_ net:u_data_mem/_40322_
	bbox = (494.4500, 701.9500) - (494.5500, 702.0500) on Layer M3
violation type: Short
	srcs: net:u_riscv_top/FP_Mult/_0556_ net:u_riscv_top/u_bridge_core_to_fp_mul/_006_
	bbox = (494.4700, 433.3500) - (494.5500, 433.4500) on Layer M3
violation type: Short
	srcs: net:mem_wdata[26] net:u_data_mem/bank3\[47\][1]
	bbox = (494.6500, 944.5500) - (494.7500, 944.6500) on Layer M3
violation type: Short
	srcs: net:u_data_mem/_35592_ net:u_data_mem/_36875_
	bbox = (494.6500, 991.9500) - (494.7500, 992.0500) on Layer M3
violation type: Short
	srcs: net:u_riscv_top/register_file/_08666_ net:u_riscv_top/register_file/regfile\[18\][7]
	bbox = (495.0500, 249.1500) - (495.1500, 249.2500) on Layer M3
violation type: Short
	srcs: net:u_riscv_top/register_file/_09662_ net:u_riscv_top/register_file/regfile\[18\][7]
	bbox = (495.0500, 249.3500) - (495.1500, 249.4500) on Layer M3
violation type: Short
	srcs: net:u_riscv_top/register_file/_09662_ net:u_riscv_top/register_file/regfile\[18\][7]
	bbox = (495.0500, 249.3500) - (495.3900, 249.4500) on Layer M3
violation type: Short
	srcs: net:u_riscv_top/register_file/_08666_ net:u_riscv_top/register_file/regfile\[18\][7]
	bbox = (495.2500, 248.5500) - (495.3500, 248.6500) on Layer M3
violation type: Short
	srcs: net:u_data_mem/_37294_ net:u_data_mem/_39787_
	bbox = (495.6500, 708.9500) - (495.7500, 709.0500) on Layer M3
violation type: Short
	srcs: net:u_riscv_top/register_file/_07213_ net:u_riscv_top/register_file/_07236_
	bbox = (495.8100, 249.1500) - (495.9900, 249.2500) on Layer M3
violation type: Short
	srcs: net:A3_sim[0] net:u_riscv_top/register_file/net2389
	bbox = (495.8500, 55.9500) - (495.9500, 56.0500) on Layer M3
violation type: Short
	srcs: net:u_riscv_top/register_file/_07213_ net:u_riscv_top/register_file/_07236_
	bbox = (495.8500, 249.1500) - (495.9500, 249.2500) on Layer M3
violation type: Short
	srcs: net:u_riscv_top/register_file/_07236_ net:u_riscv_top/register_file/_09662_
	bbox = (495.8500, 249.3500) - (495.9500, 249.4500) on Layer M3
violation type: Short
	srcs: net:u_riscv_top/register_file/_07213_ net:u_riscv_top/register_file/regfile\[7\][26]
	bbox = (496.0100, 201.1500) - (496.1900, 201.2500) on Layer M3
violation type: Short
	srcs: net:u_riscv_top/register_file/_07234_ net:u_riscv_top/register_file/_08091_
	bbox = (496.0500, 15.7500) - (496.1500, 15.8500) on Layer M3
violation type: Short
	srcs: net:u_riscv_top/register_file/_08091_ net:u_riscv_top/register_file/_08850_
	bbox = (496.0500, 16.3500) - (496.1500, 16.4500) on Layer M3
violation type: Short
	srcs: net:u_riscv_top/register_file/_07213_ net:u_riscv_top/register_file/regfile\[7\][26]
	bbox = (496.0500, 201.1500) - (496.1500, 201.2500) on Layer M3
violation type: Short
	srcs: net:mem_wdata[26] net:u_data_mem/_37009_
	bbox = (496.4500, 654.7500) - (496.5500, 654.8500) on Layer M3
violation type: Short
	srcs: net:u_riscv_top/_211_ net:u_riscv_top/FP_Mult/_0689_
	bbox = (496.6500, 366.9500) - (496.7500, 367.0500) on Layer M3
violation type: Short
	srcs: net:u_riscv_top/FP_Mult/_0556_ net:u_riscv_top/u_bridge_core_to_fp_mul/_016_
	bbox = (496.6500, 433.5500) - (496.7500, 433.6500) on Layer M3
violation type: Short
	srcs: net:u_riscv_top/u_bridge_core_to_fp_mul/_006_ net:u_riscv_top/u_bridge_core_to_fp_mul/_016_
	bbox = (496.6500, 433.9500) - (496.7500, 434.0500) on Layer M3
violation type: Short
	srcs: net:u_riscv_top/register_file/_06213_ net:u_riscv_top/register_file/_08850_
	bbox = (496.8100, 256.7500) - (496.9900, 256.8500) on Layer M3
violation type: Short
	srcs: net:u_riscv_top/register_file/_06213_ net:u_riscv_top/register_file/_08850_
	bbox = (496.8500, 256.7500) - (496.9500, 256.8500) on Layer M3
violation type: Short
	srcs: net:u_riscv_top/register_file/_09522_ net:u_riscv_top/register_file/regfile\[26\][5]
	bbox = (497.0100, 37.3500) - (497.5300, 37.4500) on Layer M3
violation type: Short
	srcs: net:WD5_sim[6] net:riscv_addr[0]
	bbox = (497.0500, 496.7500) - (497.1500, 496.8500) on Layer M3
violation type: Short
	srcs: net:u_riscv_top/register_file/_07231_ net:u_riscv_top/register_file/_10088_
	bbox = (497.2500, 252.9500) - (497.3500, 253.0500) on Layer M3
violation type: Short
	srcs: net:RD1_sim[20] net:u_riscv_top/register_file/_07236_
	bbox = (497.2500, 258.9500) - (497.3500, 259.0500) on Layer M3
violation type: Short
	srcs: net:A3_sim[0] net:u_riscv_top/register_file/_07236_
	bbox = (497.2500, 259.1500) - (497.3500, 259.2500) on Layer M3
violation type: Short
	srcs: net:wb_data_sim[29] net:u_riscv_top/CSR_Data_out[11]
	bbox = (497.2500, 525.7500) - (497.3500, 525.8500) on Layer M3
violation type: Short
	srcs: net:u_riscv_top/register_file/_08717_ net:u_riscv_top/register_file/_10529_
	bbox = (497.6500, 36.7500) - (497.7500, 36.8500) on Layer M3
violation type: Short
	srcs: net:net1316 net:u_riscv_top/net1966
	bbox = (497.6500, 502.5500) - (497.7500, 502.6500) on Layer M3
violation type: Short
	srcs: net:u_data_mem/_35532_ net:u_riscv_top/net493
	bbox = (497.6500, 526.7500) - (497.7500, 526.8500) on Layer M3
violation type: Short
	srcs: net:u_data_mem/_20279_ net:u_data_mem/_35530_
	bbox = (497.6500, 550.5500) - (497.7500, 550.6500) on Layer M3
violation type: Short
	srcs: net:u_riscv_top/register_file/_07290_ net:u_riscv_top/register_file/_08102_
	bbox = (497.8500, 17.5500) - (497.9500, 17.6500) on Layer M3
violation type: Short
	srcs: net:u_riscv_top/register_file/_08095_ net:u_riscv_top/register_file/regfile\[6\][29]
	bbox = (497.9500, 16.9500) - (498.0500, 17.0500) on Layer M3
violation type: Short
	srcs: net:u_riscv_top/register_file/_09660_ net:u_riscv_top/register_file/_10516_
	bbox = (497.9500, 99.3500) - (498.0500, 99.4500) on Layer M3
violation type: Short
	srcs: net:RD4_sim[19] net:u_riscv_top/register_file/regfile\[6\][26]
	bbox = (497.9500, 204.5500) - (498.0500, 204.6500) on Layer M3
violation type: Short
	srcs: net:A3_sim[0] net:u_riscv_top/register_file/_07236_
	bbox = (497.9500, 259.3500) - (498.0500, 259.4500) on Layer M3
violation type: Short
	srcs: net:u_riscv_top/mux8_1/_619_ net:u_riscv_top/net2128
	bbox = (497.9500, 275.9500) - (498.0500, 276.0500) on Layer M3
violation type: Short
	srcs: net:WD5_sim[6] net:riscv_addr[0]
	bbox = (497.9500, 496.5500) - (498.0500, 496.6500) on Layer M3
violation type: Short
	srcs: net:u_data_mem/_35544_ net:u_riscv_top/net498
	bbox = (497.9500, 525.1500) - (498.0500, 525.2500) on Layer M3
violation type: Short
	srcs: net:u_data_mem/_35567_ net:clknet_10_838__leaf_clk
	bbox = (497.9500, 656.5500) - (498.0500, 656.6500) on Layer M3
violation type: Short
	srcs: net:u_data_mem/_40950_ net:u_data_mem/_41051_
	bbox = (497.9500, 910.7500) - (498.0500, 910.8500) on Layer M3
violation type: Short
	srcs: net:u_riscv_top/register_file/_07234_ net:u_riscv_top/register_file/_08095_
	bbox = (498.0100, 16.7500) - (498.0500, 16.8500) on Layer M3
violation type: Short
	srcs: net:RD2_sim[12] net:u_riscv_top/register_file/_07231_
	bbox = (498.0500, 68.7500) - (498.1500, 68.8500) on Layer M3
violation type: Short
	srcs: net:u_riscv_top/register_file/_07229_ net:u_riscv_top/register_file/_07232_
	bbox = (498.0500, 81.9500) - (498.1500, 82.0500) on Layer M3
violation type: Short
	srcs: net:RD3_sim[18] net:u_riscv_top/register_file/net2360
	bbox = (498.0500, 234.3500) - (498.1500, 234.4500) on Layer M3
violation type: Short
	srcs: net:mem_wdata[31] net:u_data_mem/_36863_
	bbox = (498.0500, 990.9500) - (498.1500, 991.0500) on Layer M3
violation type: Short
	srcs: net:mem_wdata[21] net:u_data_mem/_41229_
	bbox = (498.2100, 605.5500) - (498.2200, 605.6500) on Layer M3
violation type: Short
	srcs: net:u_riscv_top/register_file/_07290_ net:u_riscv_top/register_file/_08102_
	bbox = (498.2500, 17.5500) - (498.3500, 17.6500) on Layer M3
violation type: Short
	srcs: net:u_riscv_top/register_file/_07967_ net:u_riscv_top/register_file/_10501_
	bbox = (498.2500, 74.1500) - (498.3500, 74.2500) on Layer M3
violation type: Short
	srcs: net:RD1_sim[10] net:u_riscv_top/register_file/_07959_
	bbox = (498.2500, 77.5500) - (498.3500, 77.6500) on Layer M3
violation type: Short
	srcs: net:u_riscv_top/register_file/_07959_ net:u_riscv_top/register_file/regfile\[26\][3]
	bbox = (498.2500, 77.7500) - (498.3500, 77.8500) on Layer M3
violation type: Short
	srcs: net:u_riscv_top/register_file/_09580_ net:u_riscv_top/register_file/_10507_
	bbox = (498.2500, 79.7500) - (498.3500, 79.8500) on Layer M3
violation type: Short
	srcs: net:A5_sim[4] net:u_riscv_top/register_file/_06204_
	bbox = (498.2500, 104.5500) - (498.3500, 104.6500) on Layer M3
violation type: Short
	srcs: net:A1_sim[3] net:u_riscv_top/register_file/_10361_
	bbox = (498.2500, 160.5500) - (498.3500, 160.6500) on Layer M3
violation type: Short
	srcs: net:RD1_sim[23] net:u_riscv_top/net2457
	bbox = (498.2500, 168.7500) - (498.3500, 168.8500) on Layer M3
violation type: Short
	srcs: net:u_riscv_top/register_file/_07232_ net:u_riscv_top/register_file/_09270_
	bbox = (498.2500, 254.3500) - (498.3500, 254.4500) on Layer M3
violation type: Short
	srcs: net:riscv_addr[28] net:u_riscv_top/div_result_core[1]
	bbox = (498.2500, 282.7500) - (498.3500, 282.8500) on Layer M3
violation type: Short
	srcs: net:u_riscv_top/h1[5] net:u_riscv_top/FP_Mult/_0999_
	bbox = (498.2500, 392.1500) - (498.3500, 392.2500) on Layer M3
violation type: Short
	srcs: net:mem_wdata[3] net:u_data_mem/_40065_
	bbox = (498.2500, 666.9500) - (498.3500, 667.0500) on Layer M3
violation type: Short
	srcs: net:u_data_mem/_18134_ net:u_data_mem/_40988_
	bbox = (498.2500, 805.9500) - (498.3500, 806.0500) on Layer M3
violation type: Short
	srcs: net:u_data_mem/_35550_ net:u_data_mem/_40996_
	bbox = (498.2500, 808.5500) - (498.3500, 808.6500) on Layer M3
violation type: Short
	srcs: net:u_data_mem/_35550_ net:u_data_mem/_40996_
	bbox = (498.2500, 808.5500) - (498.3500, 808.8500) on Layer M3
violation type: Short
	srcs: net:u_data_mem/_35550_ net:u_data_mem/_40996_
	bbox = (498.2500, 808.7500) - (498.3500, 808.8500) on Layer M3
violation type: Short
	srcs: net:mem_wdata[13] net:u_data_mem/_18171_
	bbox = (498.2500, 852.7500) - (498.3500, 852.8500) on Layer M3
violation type: Short
	srcs: net:mem_addr[2] net:u_data_mem/_41145_
	bbox = (498.2500, 933.7500) - (498.3500, 933.8500) on Layer M3
violation type: Short
	srcs: net:mem_addr[2] net:u_data_mem/_41145_
	bbox = (498.2500, 933.7500) - (498.3500, 934.0500) on Layer M3
violation type: Short
	srcs: net:mem_addr[2] net:u_data_mem/_41145_
	bbox = (498.2500, 933.9500) - (498.3500, 934.0500) on Layer M3
violation type: Short
	srcs: net:u_data_mem/_35592_ net:u_data_mem/_41129_
	bbox = (498.2500, 991.3500) - (498.3500, 991.4500) on Layer M3
violation type: Short
	srcs: net:mem_wdata[24] net:u_data_mem/_35566_
	bbox = (498.2500, 991.7500) - (498.3500, 991.8500) on Layer M3
violation type: Short
	srcs: net:mem_wdata[24] net:u_data_mem/_35566_
	bbox = (498.2500, 991.7500) - (498.5500, 991.8500) on Layer M3
violation type: Short
	srcs: net:A2_sim[0] net:u_riscv_top/register_file/_06213_
	bbox = (498.4500, 37.9500) - (498.5500, 38.0500) on Layer M3
violation type: Short
	srcs: net:A2_sim[0] net:u_riscv_top/register_file/_06213_
	bbox = (498.4500, 37.9500) - (498.7500, 38.0500) on Layer M3
violation type: Short
	srcs: net:mem_wdata[24] net:u_data_mem/_35566_
	bbox = (498.4500, 991.7500) - (498.5500, 991.8500) on Layer M3
violation type: Short
	srcs: net:A2_sim[0] net:u_riscv_top/register_file/_06213_
	bbox = (498.6500, 37.9500) - (498.7500, 38.0500) on Layer M3
violation type: Short
	srcs: net:u_riscv_top/register_file/_08770_ net:u_riscv_top/register_file/_09565_
	bbox = (498.6500, 78.9500) - (498.7500, 79.0500) on Layer M3
violation type: Short
	srcs: net:clknet_2_0_0_clk net:clknet_8_24_0_clk
	bbox = (498.6500, 162.9500) - (498.7500, 163.0500) on Layer M3
violation type: Short
	srcs: net:u_riscv_top/register_file/_08987_ net:u_riscv_top/register_file/_09795_
	bbox = (498.6500, 192.7500) - (498.7500, 192.8500) on Layer M3
violation type: Short
	srcs: net:u_data_mem/_35537_ net:u_data_mem/_35546_
	bbox = (498.6500, 857.7500) - (498.7500, 857.8500) on Layer M3
violation type: Short
	srcs: net:A3_sim[0] net:u_riscv_top/register_file/regfile\[6\][26]
	bbox = (498.8700, 204.1500) - (498.9900, 204.2500) on Layer M3
violation type: Short
	srcs: net:riscv_addr[25] net:u_riscv_top/mux8_1/_614_
	bbox = (499.0500, 277.3500) - (499.1500, 277.4500) on Layer M3
violation type: Short
	srcs: net:u_riscv_top/mux8_1/_638_ net:u_riscv_top/net1508
	bbox = (499.2500, 289.5500) - (499.3500, 289.6500) on Layer M3
violation type: Short
	srcs: net:u_data_mem/_35532_ net:u_data_mem/_41018_
	bbox = (499.2500, 703.5500) - (499.3500, 703.6500) on Layer M3
violation type: Short
	srcs: net:WD5_sim[23] net:u_riscv_top/M9/net2464
	bbox = (500.0500, 340.3500) - (500.1500, 340.4500) on Layer M3
violation type: Short
	srcs: net:u_data_mem/_20701_ net:u_data_mem/_35704_
	bbox = (500.2500, 627.9500) - (500.3500, 628.0500) on Layer M3
violation type: Short
	srcs: net:mem_wdata[8] net:u_data_mem/_37591_
	bbox = (500.2500, 629.3500) - (500.3500, 629.4500) on Layer M3
violation type: Short
	srcs: net:u_riscv_top/mux8_1/_617_ net:u_riscv_top/pipeline_reg2/_0488_
	bbox = (500.8100, 277.7500) - (501.3300, 277.8500) on Layer M3
violation type: Short
	srcs: net:u_riscv_top/CSR_Data_out[24] net:u_riscv_top/mux5/net2460
	bbox = (500.9500, 510.9500) - (501.0500, 511.0500) on Layer M3
violation type: Short
	srcs: net:A2_sim[4] net:u_riscv_top/register_file/_09446_
	bbox = (501.0500, 219.9500) - (501.1500, 220.0500) on Layer M3
violation type: Short
	srcs: net:u_data_mem/_37047_ net:u_data_mem/_41039_
	bbox = (501.0500, 699.9500) - (501.1500, 700.0500) on Layer M3
violation type: Short
	srcs: net:u_riscv_top/register_file/_06204_ net:u_riscv_top/register_file/net2373
	bbox = (501.2500, 205.1500) - (501.3500, 205.2500) on Layer M3
violation type: Short
	srcs: net:u_riscv_top/register_file/_10529_ net:u_riscv_top/register_file/regfile\[31\][5]
	bbox = (501.8100, 36.3500) - (501.9900, 36.4500) on Layer M3
violation type: Short
	srcs: net:u_riscv_top/register_file/_07227_ net:u_riscv_top/register_file/regfile\[31\][5]
	bbox = (501.8500, 36.1500) - (501.9500, 36.2500) on Layer M3
violation type: Short
	srcs: net:u_riscv_top/register_file/_10529_ net:u_riscv_top/register_file/regfile\[31\][5]
	bbox = (501.8500, 36.3500) - (501.9500, 36.4500) on Layer M3
violation type: Short
	srcs: net:A1_sim[3] net:u_riscv_top/register_file/_07943_
	bbox = (502.0500, 160.3500) - (502.1500, 160.4500) on Layer M3
violation type: Short
	srcs: net:u_data_mem/_18130_ net:u_data_mem/_26139_
	bbox = (502.2500, 790.3500) - (502.3500, 790.4500) on Layer M3
violation type: Short
	srcs: net:A5_sim[3] net:u_riscv_top/register_file/regfile\[4\][31]
	bbox = (502.4100, 103.9500) - (502.5900, 104.0500) on Layer M3
violation type: Short
	srcs: net:A5_sim[3] net:u_riscv_top/register_file/regfile\[4\][31]
	bbox = (502.4500, 103.9500) - (502.5500, 104.0500) on Layer M3
violation type: Short
	srcs: net:A5_sim[4] net:u_riscv_top/register_file/regfile\[4\][31]
	bbox = (502.4500, 104.3500) - (502.5500, 104.4500) on Layer M3
violation type: Short
	srcs: net:u_riscv_top/clk_fp_mul net:u_riscv_top/h1[25]
	bbox = (502.6500, 397.5500) - (502.7500, 397.6500) on Layer M3
violation type: Short
	srcs: net:u_data_mem/_39541_ net:u_data_mem/_41034_
	bbox = (502.6500, 549.3500) - (502.7500, 549.4500) on Layer M3
violation type: Short
	srcs: net:u_data_mem/_20981_ net:u_data_mem/_41042_
	bbox = (502.6500, 753.9500) - (502.7500, 754.0500) on Layer M3
violation type: Short
	srcs: net:u_riscv_top/register_file/_06216_ net:u_riscv_top/register_file/net2458
	bbox = (503.6500, 166.7500) - (503.7500, 166.8500) on Layer M3
violation type: Short
	srcs: net:u_riscv_top/register_file/_06206_ net:u_riscv_top/register_file/_08049_
	bbox = (503.6500, 244.5500) - (503.7500, 244.6500) on Layer M3
violation type: Short
	srcs: net:A1_sim[3] net:u_riscv_top/register_file/_10088_
	bbox = (503.8500, 252.1500) - (503.9500, 252.2500) on Layer M3
violation type: Short
	srcs: net:u_data_mem/_35546_ net:u_data_mem/_35549_
	bbox = (504.0100, 799.9500) - (504.3900, 800.0500) on Layer M3
violation type: Short
	srcs: net:u_riscv_top/register_file/_07236_ net:u_riscv_top/register_file/_10294_
	bbox = (504.2100, 251.5500) - (504.3900, 251.6500) on Layer M3
violation type: Short
	srcs: net:u_riscv_top/register_file/_07236_ net:u_riscv_top/register_file/_10294_
	bbox = (504.2500, 251.5500) - (504.3500, 251.6500) on Layer M3
violation type: Short
	srcs: net:A1_sim[3] net:u_riscv_top/register_file/_10294_
	bbox = (504.2500, 251.7500) - (504.3500, 251.8500) on Layer M3
violation type: Short
	srcs: net:RD2_sim[27] net:u_riscv_top/register_file/_07230_
	bbox = (504.8500, 123.9500) - (504.9500, 124.0500) on Layer M3
violation type: Short
	srcs: net:u_data_mem/_38592_ net:u_data_mem/_41044_
	bbox = (504.8500, 694.9500) - (504.9500, 695.0500) on Layer M3
violation type: Short
	srcs: net:u_data_mem/_37913_ net:u_data_mem/_41044_
	bbox = (505.0500, 694.5500) - (505.1500, 694.6500) on Layer M3
violation type: Short
	srcs: net:u_riscv_top/register_file/_08852_ net:u_riscv_top/register_file/_09662_
	bbox = (505.4500, 78.7500) - (505.5500, 78.8500) on Layer M3
violation type: Short
	srcs: net:u_riscv_top/register_file/_08770_ net:u_riscv_top/register_file/_09662_
	bbox = (505.4500, 78.9500) - (505.5500, 79.0500) on Layer M3
violation type: Short
	srcs: net:RD4_sim[12] net:u_riscv_top/register_file/_07236_
	bbox = (506.4500, 72.3500) - (506.5500, 72.4500) on Layer M3
violation type: Short
	srcs: net:AluOp_sim[29] net:u_riscv_top/net1519
	bbox = (506.6500, 286.3500) - (506.7500, 286.4500) on Layer M3
violation type: Short
	srcs: net:u_data_mem/_35567_ net:u_data_mem/_35600_
	bbox = (507.0500, 656.7500) - (507.1500, 656.8500) on Layer M3
violation type: Short
	srcs: net:mem_addr[2] net:u_data_mem/_35600_
	bbox = (507.0500, 656.9500) - (507.1500, 657.0500) on Layer M3
violation type: Short
	srcs: net:u_riscv_top/register_file/_06785_ net:u_riscv_top/register_file/_07234_
	bbox = (507.6500, 57.1500) - (507.7500, 57.2500) on Layer M3
violation type: Short
	srcs: net:RD1_sim[20] net:u_riscv_top/register_file/_06803_
	bbox = (507.8500, 258.9500) - (507.9500, 259.0500) on Layer M3
violation type: Short
	srcs: net:u_data_mem/_38220_ net:u_data_mem/_38224_
	bbox = (507.8500, 687.7500) - (507.9500, 687.8500) on Layer M3
violation type: Short
	srcs: net:u_riscv_top/register_file/_10520_ net:u_riscv_top/register_file/_10525_
	bbox = (508.0500, 235.7500) - (508.1500, 235.8500) on Layer M3
violation type: Short
	srcs: net:u_data_mem/_18230_ net:u_data_mem/_21154_
	bbox = (509.2500, 776.1500) - (509.3500, 776.2500) on Layer M3
violation type: Short
	srcs: net:u_data_mem/_36873_ net:u_data_mem/_41194_
	bbox = (509.4500, 802.9500) - (509.5500, 803.0500) on Layer M3
violation type: Short
	srcs: net:A2_sim[3] net:u_riscv_top/register_file/net1296
	bbox = (509.8500, 100.9500) - (509.9500, 101.0500) on Layer M3
violation type: Short
	srcs: net:mem_wdata[3] net:clknet_10_950__leaf_clk
	bbox = (509.8500, 954.1500) - (509.9500, 954.2500) on Layer M3
violation type: Short
	srcs: net:mem_wdata[0] net:u_data_mem/_18202_
	bbox = (510.0500, 564.7500) - (510.1500, 564.8500) on Layer M3
violation type: Short
	srcs: net:u_data_mem/_18881_ net:u_data_mem/_39406_
	bbox = (510.4500, 1005.9500) - (510.5500, 1006.0500) on Layer M3
violation type: Short
	srcs: net:u_riscv_top/register_file/_08208_ net:u_riscv_top/register_file/_09808_
	bbox = (510.8500, 180.1500) - (510.9500, 180.2500) on Layer M3
violation type: Short
	srcs: net:RD3_sim[12] net:u_riscv_top/register_file/net2447
	bbox = (511.0500, 52.3500) - (511.1500, 52.4500) on Layer M3
violation type: Short
	srcs: net:A2_sim[3] net:u_riscv_top/register_file/net1296
	bbox = (511.0500, 100.9500) - (511.1500, 101.0500) on Layer M3
violation type: Short
	srcs: net:u_riscv_top/register_file/_07226_ net:u_riscv_top/register_file/regfile\[29\][6]
	bbox = (511.0500, 125.7500) - (511.1500, 125.8500) on Layer M3
violation type: Short
	srcs: net:u_riscv_top/_207_ net:u_riscv_top/net868
	bbox = (511.0500, 276.9500) - (511.1500, 277.0500) on Layer M3
violation type: Short
	srcs: net:mem_addr[1] net:u_data_mem/bank2\[22\][26]
	bbox = (511.0500, 655.3500) - (511.1500, 655.4500) on Layer M3
violation type: Short
	srcs: net:mem_wdata[11] net:u_data_mem/_41107_
	bbox = (511.0500, 755.7500) - (511.1500, 755.8500) on Layer M3
violation type: Short
	srcs: net:u_riscv_top/register_file/_07236_ net:u_riscv_top/register_file/_07889_
	bbox = (511.4500, 118.3500) - (511.5500, 118.4500) on Layer M3
violation type: Short
	srcs: net:u_riscv_top/register_file/_07221_ net:u_riscv_top/register_file/_07889_
	bbox = (511.4500, 118.5500) - (511.5500, 118.6500) on Layer M3
violation type: Short
	srcs: net:A3_sim[2] net:u_riscv_top/register_file/regfile\[30\][6]
	bbox = (511.8100, 118.9500) - (511.9900, 119.0500) on Layer M3
violation type: Short
	srcs: net:A3_sim[2] net:u_riscv_top/register_file/regfile\[30\][6]
	bbox = (511.8500, 118.9500) - (511.9500, 119.0500) on Layer M3
violation type: Short
	srcs: net:RD3_sim[17] net:u_riscv_top/register_file/_09787_
	bbox = (512.0500, 201.5500) - (512.1500, 201.6500) on Layer M3
violation type: Short
	srcs: net:A3_sim[2] net:u_riscv_top/register_file/_07889_
	bbox = (512.4500, 118.9500) - (512.5500, 119.0500) on Layer M3
violation type: Short
	srcs: net:u_data_mem/_38082_ net:u_data_mem/_38460_
	bbox = (512.6500, 657.3500) - (512.7500, 657.4500) on Layer M3
violation type: Short
	srcs: net:mem_wdata[18] net:u_data_mem/_21139_
	bbox = (512.8100, 755.3500) - (513.3300, 755.4500) on Layer M3
violation type: Short
	srcs: net:A3_sim[2] net:u_riscv_top/register_file/regfile\[26\][29]
	bbox = (513.0500, 15.1500) - (513.1300, 15.2500) on Layer M3
violation type: Short
	srcs: net:u_riscv_top/register_file/_10540_ net:u_riscv_top/register_file/regfile\[29\][31]
	bbox = (513.2500, 101.7500) - (513.3500, 101.8500) on Layer M3
violation type: Short
	srcs: net:u_riscv_top/_229_ net:u_riscv_top/register_file/_10088_
	bbox = (513.6500, 252.5500) - (513.7500, 252.6500) on Layer M3
violation type: Short
	srcs: net:RD1_sim[2] net:u_riscv_top/register_file/_10410_
	bbox = (514.4500, 64.5500) - (514.5500, 64.6500) on Layer M3
violation type: Short
	srcs: net:u_riscv_top/register_file/_08770_ net:u_riscv_top/register_file/_08852_
	bbox = (514.6500, 79.1500) - (514.7500, 79.2500) on Layer M3
violation type: Short
	srcs: net:u_riscv_top/register_file/_07228_ net:u_riscv_top/register_file/_10373_
	bbox = (514.8500, 159.9500) - (514.9500, 160.0500) on Layer M3
violation type: Short
	srcs: net:u_riscv_top/register_file/_07228_ net:u_riscv_top/register_file/_10373_
	bbox = (514.8500, 159.9500) - (515.1500, 160.0500) on Layer M3
violation type: Short
	srcs: net:RD1_sim[13] net:u_riscv_top/register_file/_06204_
	bbox = (515.0100, 104.5500) - (515.1500, 104.6500) on Layer M3
violation type: Short
	srcs: net:RD1_sim[13] net:u_riscv_top/register_file/_06204_
	bbox = (515.0500, 104.5500) - (515.1500, 104.6500) on Layer M3
violation type: Short
	srcs: net:RD1_sim[4] net:u_riscv_top/register_file/_07228_
	bbox = (515.0500, 159.5500) - (515.1500, 159.6500) on Layer M3
violation type: Short
	srcs: net:RD1_sim[4] net:u_riscv_top/register_file/_07228_
	bbox = (515.0500, 159.5500) - (515.3500, 159.6500) on Layer M3
violation type: Short
	srcs: net:u_riscv_top/register_file/_07228_ net:u_riscv_top/register_file/_10373_
	bbox = (515.0500, 159.9500) - (515.1500, 160.0500) on Layer M3
violation type: Short
	srcs: net:u_riscv_top/register_file/regfile\[26\][2] net:u_riscv_top/register_file/regfile\[30\][2]
	bbox = (515.2500, 57.1500) - (515.3500, 57.2500) on Layer M3
violation type: Short
	srcs: net:RD1_sim[4] net:u_riscv_top/register_file/_07228_
	bbox = (515.2500, 159.5500) - (515.3500, 159.6500) on Layer M3
violation type: Short
	srcs: net:u_riscv_top/h2[14] net:u_riscv_top/start_fp_mul
	bbox = (515.2500, 459.5500) - (515.3500, 459.6500) on Layer M3
violation type: Short
	srcs: net:A1_sim[3] net:u_riscv_top/register_file/_09547_
	bbox = (515.4500, 160.7500) - (515.5500, 160.8500) on Layer M3
violation type: Short
	srcs: net:u_riscv_top/fp_mul_result_b[30] net:u_riscv_top/pipeline_reg2/_0333_
	bbox = (515.4500, 313.3500) - (515.5500, 313.4500) on Layer M3
violation type: Short
	srcs: net:u_data_mem/_22117_ net:u_data_mem/_39571_
	bbox = (515.4500, 730.5500) - (515.5500, 730.6500) on Layer M3
violation type: Short
	srcs: net:u_data_mem/_22117_ net:u_data_mem/_36729_
	bbox = (515.4500, 730.9500) - (515.5500, 731.0500) on Layer M3
violation type: Short
	srcs: net:u_riscv_top/register_file/_07943_ net:u_riscv_top/register_file/_10373_
	bbox = (516.0500, 159.9500) - (516.1500, 160.0500) on Layer M3
violation type: Short
	srcs: net:u_riscv_top/h2[25] net:u_riscv_top/FP_Mult/_1090_
	bbox = (516.2500, 412.3500) - (516.3500, 412.4500) on Layer M3
violation type: Short
	srcs: net:u_data_mem/_20690_ net:u_data_mem/_40465_
	bbox = (516.2500, 619.3500) - (516.3500, 619.4500) on Layer M3
violation type: Short
	srcs: net:u_riscv_top/_240_ net:u_riscv_top/register_file/regfile\[24\][4]
	bbox = (516.6500, 163.9500) - (516.7500, 164.0500) on Layer M3
violation type: Short
	srcs: net:u_riscv_top/register_file/_07236_ net:u_riscv_top/register_file/_08088_
	bbox = (516.8500, 17.7500) - (516.9500, 17.8500) on Layer M3
violation type: Short
	srcs: net:u_riscv_top/register_file/_08049_ net:u_riscv_top/register_file/_08088_
	bbox = (516.8500, 17.9500) - (516.9500, 18.0500) on Layer M3
violation type: Short
	srcs: net:u_riscv_top/h1[27] net:net219
	bbox = (517.4500, 421.3500) - (517.5500, 421.4500) on Layer M3
violation type: Short
	srcs: net:u_data_mem/_20814_ net:u_data_mem/_41112_
	bbox = (518.0500, 609.7500) - (518.1500, 609.8500) on Layer M3
violation type: Short
	srcs: net:u_riscv_top/register_file/_07980_ net:u_riscv_top/register_file/regfile\[29\][2]
	bbox = (518.2500, 65.1500) - (518.3300, 65.2500) on Layer M3
violation type: Short
	srcs: net:u_data_mem/_35546_ net:u_data_mem/_40113_
	bbox = (518.2500, 667.5500) - (518.3500, 667.6500) on Layer M3
violation type: Short
	srcs: net:u_riscv_top/register_file/_08049_ net:u_riscv_top/register_file/_08684_
	bbox = (518.4100, 118.1500) - (518.9300, 118.2500) on Layer M3
violation type: Short
	srcs: net:u_riscv_top/register_file/_09270_ net:u_riscv_top/register_file/regfile\[30\][15]
	bbox = (518.4100, 254.3500) - (518.5900, 254.4500) on Layer M3
violation type: Short
	srcs: net:u_riscv_top/mux8_1/_621_ net:u_riscv_top/register_file/regfile\[30\][15]
	bbox = (518.4500, 253.9500) - (518.5500, 254.0500) on Layer M3
violation type: Short
	srcs: net:u_riscv_top/register_file/_09270_ net:u_riscv_top/register_file/regfile\[30\][15]
	bbox = (518.4500, 254.3500) - (518.5500, 254.4500) on Layer M3
violation type: Short
	srcs: net:u_data_mem/_35549_ net:u_data_mem/_35714_
	bbox = (518.4500, 754.3500) - (518.5500, 754.4500) on Layer M3
violation type: Short
	srcs: net:u_data_mem/_35549_ net:u_data_mem/_35714_
	bbox = (518.4500, 754.3500) - (519.0500, 754.4500) on Layer M3
violation type: Short
	srcs: net:mem_wdata[5] net:u_data_mem/_41138_
	bbox = (518.6500, 565.1500) - (518.7500, 565.2500) on Layer M3
violation type: Short
	srcs: net:u_data_mem/_18156_ net:u_data_mem/_41212_
	bbox = (518.6500, 995.9500) - (518.7500, 996.0500) on Layer M3
violation type: Short
	srcs: net:u_data_mem/_18156_ net:u_data_mem/_41212_
	bbox = (518.6500, 995.9500) - (518.7500, 996.2500) on Layer M3
violation type: Short
	srcs: net:u_data_mem/_18156_ net:u_data_mem/_41212_
	bbox = (518.6500, 996.1500) - (518.7500, 996.2500) on Layer M3
violation type: Short
	srcs: net:u_data_mem/_41256_ net:u_data_mem/bank3\[56\][24]
	bbox = (518.8500, 855.5500) - (518.9500, 855.6500) on Layer M3
violation type: Short
	srcs: net:u_riscv_top/register_file/_07289_ net:u_riscv_top/register_file/_08102_
	bbox = (518.9500, 14.3500) - (519.0500, 14.4500) on Layer M3
violation type: Short
	srcs: net:u_riscv_top/register_file/_06207_ net:u_riscv_top/register_file/_06209_
	bbox = (518.9500, 105.5500) - (519.0500, 105.6500) on Layer M3
violation type: Short
	srcs: net:u_riscv_top/register_file/_06207_ net:u_riscv_top/register_file/_06209_
	bbox = (518.9500, 105.5500) - (519.0900, 105.6500) on Layer M3
violation type: Short
	srcs: net:A1_sim[2] net:RD1_sim[27]
	bbox = (518.9500, 132.9500) - (519.0500, 133.0500) on Layer M3
violation type: Short
	srcs: net:u_riscv_top/register_file/regfile\[27\][9] net:u_riscv_top/register_file/regfile\[31\][9]
	bbox = (518.9500, 135.7500) - (519.0500, 135.8500) on Layer M3
violation type: Short
	srcs: net:A3_sim[2] net:u_riscv_top/register_file/regfile\[31\][9]
	bbox = (518.9500, 135.9500) - (519.0500, 136.0500) on Layer M3
violation type: Short
	srcs: net:A3_sim[0] net:u_riscv_top/register_file/_08208_
	bbox = (518.9500, 180.1500) - (519.0500, 180.2500) on Layer M3
violation type: Short
	srcs: net:u_riscv_top/register_file/_08158_ net:u_riscv_top/register_file/_09662_
	bbox = (518.9500, 210.7500) - (518.9900, 210.8500) on Layer M3
violation type: Short
	srcs: net:u_riscv_top/register_file/_08158_ net:u_riscv_top/register_file/regfile\[26\][26]
	bbox = (518.9500, 210.9500) - (519.0500, 211.0500) on Layer M3
violation type: Short
	srcs: net:u_riscv_top/register_file/_10520_ net:u_riscv_top/register_file/_10525_
	bbox = (518.9500, 235.9500) - (518.9900, 236.0500) on Layer M3
violation type: Short
	srcs: net:riscv_addr[22] net:u_riscv_top/_207_
	bbox = (518.9500, 276.7500) - (518.9900, 276.8500) on Layer M3
violation type: Short
	srcs: net:u_riscv_top/net19 net:u_riscv_top/net467
	bbox = (518.9500, 479.1500) - (519.0500, 479.2500) on Layer M3
violation type: Short
	srcs: net:u_data_mem/_18220_ net:u_data_mem/_20752_
	bbox = (518.9500, 610.3500) - (519.0500, 610.4500) on Layer M3
violation type: Short
	srcs: net:u_data_mem/_18220_ net:u_data_mem/_40855_
	bbox = (518.9500, 664.3500) - (519.0500, 664.4500) on Layer M3
violation type: Short
	srcs: net:u_data_mem/_35546_ net:u_data_mem/_40343_
	bbox = (518.9500, 700.7500) - (519.0500, 700.8500) on Layer M3
violation type: Short
	srcs: net:u_data_mem/_35546_ net:u_data_mem/_40343_
	bbox = (518.9500, 700.7500) - (519.3900, 700.8500) on Layer M3
violation type: Short
	srcs: net:u_data_mem/_35549_ net:u_data_mem/_35714_
	bbox = (518.9500, 754.3500) - (519.0500, 754.4500) on Layer M3
violation type: Short
	srcs: net:u_data_mem/_35549_ net:u_data_mem/bank3\[59\][17]
	bbox = (518.9500, 892.3500) - (519.0500, 892.4500) on Layer M3
violation type: Short
	srcs: net:u_data_mem/_35549_ net:u_data_mem/_41256_
	bbox = (518.9500, 892.5500) - (519.0500, 892.6500) on Layer M3
violation type: Short
	srcs: net:u_data_mem/_18158_ net:u_data_mem/_35552_
	bbox = (518.9500, 980.3500) - (519.0500, 980.4500) on Layer M3
violation type: Short
	srcs: net:riscv_addr[25] net:u_riscv_top/_207_
	bbox = (519.0495, 276.9500) - (519.0505, 277.0500) on Layer M3
violation type: Short
	srcs: net:u_riscv_top/register_file/_07213_ net:u_riscv_top/register_file/regfile\[24\][2]
	bbox = (519.0500, 70.3500) - (519.1500, 70.4500) on Layer M3
violation type: Short
	srcs: net:RD1_sim[24] net:u_riscv_top/register_file/_09662_
	bbox = (519.0500, 146.1500) - (519.1500, 146.2500) on Layer M3
violation type: Short
	srcs: net:u_riscv_top/register_file/_07226_ net:u_riscv_top/register_file/_07232_
	bbox = (519.2500, 38.7500) - (519.3500, 38.8500) on Layer M3
violation type: Short
	srcs: net:A1_sim[3] net:RD1_sim[2]
	bbox = (519.2500, 64.5500) - (519.3500, 64.6500) on Layer M3
violation type: Short
	srcs: net:u_riscv_top/register_file/_10520_ net:u_riscv_top/register_file/_10542_
	bbox = (519.2500, 101.1500) - (519.3500, 101.2500) on Layer M3
violation type: Short
	srcs: net:u_riscv_top/register_file/_10520_ net:u_riscv_top/register_file/_10542_
	bbox = (519.2500, 101.1500) - (519.3500, 101.4500) on Layer M3
violation type: Short
	srcs: net:u_riscv_top/register_file/_10520_ net:u_riscv_top/register_file/_10542_
	bbox = (519.2500, 101.3500) - (519.3500, 101.4500) on Layer M3
violation type: Short
	srcs: net:A5_sim[2] net:RD2_sim[28]
	bbox = (519.2500, 108.1500) - (519.3500, 108.2500) on Layer M3
violation type: Short
	srcs: net:u_riscv_top/_247_ net:u_riscv_top/register_file/_07819_
	bbox = (519.2500, 233.7500) - (519.3500, 233.8500) on Layer M3
violation type: Short
	srcs: net:u_riscv_top/_229_ net:u_riscv_top/register_file/_07232_
	bbox = (519.2500, 252.3500) - (519.3500, 252.4500) on Layer M3
violation type: Short
	srcs: net:AluOp_sim[23] net:u_riscv_top/net684
	bbox = (519.2500, 289.9500) - (519.3500, 290.0500) on Layer M3
violation type: Short
	srcs: net:mem_wdata[13] net:u_data_mem/_18206_
	bbox = (519.2500, 529.5500) - (519.3500, 529.6500) on Layer M3
violation type: Short
	srcs: net:mem_wdata[13] net:u_data_mem/_18206_
	bbox = (519.2500, 529.5500) - (519.5500, 529.6500) on Layer M3
violation type: Short
	srcs: net:AluOp_sim[16] net:u_riscv_top/h1[31]
	bbox = (519.4500, 370.5500) - (519.5500, 370.6500) on Layer M3
violation type: Short
	srcs: net:u_riscv_top/net152 net:net1336
	bbox = (519.4500, 523.3500) - (519.5500, 523.4500) on Layer M3
violation type: Short
	srcs: net:u_riscv_top/net152 net:u_riscv_top/net599
	bbox = (519.4500, 523.7500) - (519.5500, 523.8500) on Layer M3
violation type: Short
	srcs: net:mem_wdata[13] net:u_data_mem/_18206_
	bbox = (519.4500, 529.5500) - (519.5500, 529.6500) on Layer M3
violation type: Short
	srcs: net:u_data_mem/_35528_ net:u_data_mem/_41416_
	bbox = (519.4500, 622.1500) - (519.5500, 622.2500) on Layer M3
violation type: Short
	srcs: net:u_data_mem/_37924_ net:u_data_mem/_40322_
	bbox = (519.4500, 701.7500) - (519.5500, 701.8500) on Layer M3
violation type: Short
	srcs: net:RD2_sim[5] net:u_riscv_top/register_file/_08718_
	bbox = (519.6100, 38.1500) - (519.7900, 38.2500) on Layer M3
violation type: Short
	srcs: net:u_data_mem/_38592_ net:u_data_mem/_41026_
	bbox = (519.6100, 695.5500) - (519.7500, 695.6500) on Layer M3
violation type: Short
	srcs: net:A2_sim[0] net:u_riscv_top/register_file/_08718_
	bbox = (519.6500, 37.9500) - (519.7500, 38.0500) on Layer M3
violation type: Short
	srcs: net:RD2_sim[5] net:u_riscv_top/register_file/_08718_
	bbox = (519.6500, 38.1500) - (519.7500, 38.2500) on Layer M3
violation type: Short
	srcs: net:u_data_mem/_38592_ net:u_data_mem/_41026_
	bbox = (519.6500, 695.5500) - (519.7500, 695.6500) on Layer M3
violation type: Short
	srcs: net:mem_wdata[26] net:rst
	bbox = (519.8100, 880.5500) - (520.1500, 880.6500) on Layer M3
violation type: Short
	srcs: net:RD1_sim[11] net:u_riscv_top/register_file/_06565_
	bbox = (519.8500, 46.5500) - (519.9500, 46.6500) on Layer M3
violation type: Short
	srcs: net:u_data_mem/_36729_ net:u_data_mem/bank2\[63\][29]
	bbox = (520.0100, 730.9500) - (520.1900, 731.0500) on Layer M3
violation type: Short
	srcs: net:u_data_mem/_36729_ net:u_data_mem/bank2\[63\][29]
	bbox = (520.0500, 730.9500) - (520.1500, 731.0500) on Layer M3
violation type: Short
	srcs: net:mem_wdata[26] net:rst
	bbox = (520.0500, 880.5500) - (520.1500, 880.6500) on Layer M3
violation type: Short
	srcs: net:u_riscv_top/register_file/_07222_ net:u_riscv_top/register_file/_08718_
	bbox = (520.2500, 37.3500) - (520.3500, 37.4500) on Layer M3
violation type: Short
	srcs: net:u_riscv_top/register_file/_08050_ net:u_riscv_top/register_file/_08718_
	bbox = (520.2500, 37.5500) - (520.3500, 37.6500) on Layer M3
violation type: Short
	srcs: net:mem_wdata[14] net:u_data_mem/_37337_
	bbox = (520.2500, 610.7500) - (520.3500, 610.8500) on Layer M3
violation type: Short
	srcs: net:u_data_mem/_37001_ net:u_data_mem/_40322_
	bbox = (520.6500, 701.5500) - (520.7500, 701.6500) on Layer M3
violation type: Short
	srcs: net:u_data_mem/_18228_ net:u_data_mem/_35537_
	bbox = (520.6500, 773.5500) - (520.7500, 773.6500) on Layer M3
violation type: Short
	srcs: net:u_riscv_top/register_file/_07222_ net:u_riscv_top/register_file/_08049_
	bbox = (521.0500, 37.1500) - (521.1500, 37.2500) on Layer M3
violation type: Short
	srcs: net:RD2_sim[12] net:u_riscv_top/register_file/regfile\[24\][2]
	bbox = (521.0500, 68.1500) - (521.1500, 68.2500) on Layer M3
violation type: Short
	srcs: net:u_riscv_top/rst_core_n net:u_riscv_top/pipeline_reg2/_0327_
	bbox = (521.0500, 294.9500) - (521.1500, 295.0500) on Layer M3
violation type: Short
	srcs: net:u_riscv_top/register_file/_08049_ net:u_riscv_top/register_file/_08050_
	bbox = (521.2500, 37.5500) - (521.3500, 37.6500) on Layer M3
violation type: Short
	srcs: net:RD1_sim[5] net:RD3_sim[14]
	bbox = (521.2500, 39.3500) - (521.3500, 39.4500) on Layer M3
violation type: Short
	srcs: net:u_data_mem/_37984_ net:u_data_mem/_37985_
	bbox = (521.6500, 879.9500) - (521.7500, 880.0500) on Layer M3
violation type: Short
	srcs: net:A3_sim[0] net:RD3_sim[5]
	bbox = (521.8500, 36.5500) - (521.9500, 36.6500) on Layer M3
violation type: Short
	srcs: net:u_data_mem/_35539_ net:u_data_mem/_35546_
	bbox = (523.0500, 973.1500) - (523.1500, 973.2500) on Layer M3
violation type: Short
	srcs: net:u_data_mem/_37374_ net:u_data_mem/_41231_
	bbox = (523.2500, 934.3500) - (523.3500, 934.4500) on Layer M3
violation type: Short
	srcs: net:u_riscv_top/h1[23] net:u_riscv_top/FP_Mult/_1035_
	bbox = (523.6500, 386.9500) - (523.7500, 387.0500) on Layer M3
violation type: Short
	srcs: net:mem_addr[0] net:u_data_mem/_41136_
	bbox = (523.6500, 862.1500) - (523.7500, 862.2500) on Layer M3
violation type: Short
	srcs: net:u_data_mem/_37353_ net:u_data_mem/_37508_
	bbox = (524.2500, 826.3500) - (524.3500, 826.4500) on Layer M3
violation type: Short
	srcs: net:u_riscv_top/register_file/_08050_ net:u_riscv_top/register_file/_09662_
	bbox = (524.8500, 145.9500) - (524.9500, 146.0500) on Layer M3
violation type: Short
	srcs: net:u_data_mem/_18260_ net:u_data_mem/_41015_
	bbox = (525.0500, 714.9500) - (525.1500, 715.0500) on Layer M3
violation type: Short
	srcs: net:u_data_mem/_35546_ net:u_data_mem/_35796_
	bbox = (525.8500, 730.3500) - (525.9500, 730.4500) on Layer M3
violation type: Short
	srcs: net:u_data_mem/_35796_ net:u_data_mem/_39571_
	bbox = (525.8500, 730.5500) - (525.9500, 730.6500) on Layer M3
violation type: Short
	srcs: net:u_riscv_top/register_file/_07814_ net:u_riscv_top/register_file/_09412_
	bbox = (526.8500, 136.5500) - (526.9500, 136.6500) on Layer M3
violation type: Short
	srcs: net:u_riscv_top/register_file/_07814_ net:u_riscv_top/register_file/_08850_
	bbox = (526.8500, 136.7500) - (526.9500, 136.8500) on Layer M3
violation type: Short
	srcs: net:u_data_mem/_40590_ net:u_data_mem/_41001_
	bbox = (527.0500, 876.7500) - (527.1500, 876.8500) on Layer M3
violation type: Short
	srcs: net:u_data_mem/_35539_ net:u_data_mem/_35546_
	bbox = (527.4500, 972.9500) - (527.5500, 973.0500) on Layer M3
violation type: Short
	srcs: net:u_data_mem/_35592_ net:u_data_mem/_39923_
	bbox = (527.8500, 945.3500) - (527.9500, 945.4500) on Layer M3
violation type: Short
	srcs: net:A3_sim[2] net:u_riscv_top/register_file/_07379_
	bbox = (528.0100, 182.7500) - (528.5300, 182.8500) on Layer M3
violation type: Short
	srcs: net:RD3_sim[12] net:u_riscv_top/register_file/_06568_
	bbox = (528.0500, 51.9500) - (528.1500, 52.0500) on Layer M3
violation type: Short
	srcs: net:u_riscv_top/register_file/_08850_ net:u_riscv_top/register_file/_09412_
	bbox = (528.4500, 136.7500) - (528.5500, 136.8500) on Layer M3
violation type: Short
	srcs: net:u_riscv_top/register_file/_07375_ net:u_riscv_top/register_file/_07394_
	bbox = (528.4500, 174.5500) - (528.5500, 174.6500) on Layer M3
violation type: Short
	srcs: net:u_data_mem/_19424_ net:u_data_mem/_40582_
	bbox = (529.2500, 919.9500) - (529.3500, 920.0500) on Layer M3
violation type: Short
	srcs: net:u_riscv_top/register_file/_08850_ net:u_riscv_top/register_file/_09426_
	bbox = (529.4500, 136.7500) - (529.5500, 136.8500) on Layer M3
violation type: Short
	srcs: net:u_riscv_top/register_file/_07222_ net:u_riscv_top/register_file/_08616_
	bbox = (529.6500, 138.7500) - (529.7500, 138.8500) on Layer M3
violation type: Short
	srcs: net:u_riscv_top/FP_Mult/_1181_ net:u_riscv_top/FP_Mult/state[5]
	bbox = (529.8500, 351.5500) - (529.9500, 351.6500) on Layer M3
violation type: Short
	srcs: net:u_data_mem/_19455_ net:u_data_mem/_40950_
	bbox = (529.8500, 910.9500) - (529.9500, 911.0500) on Layer M3
violation type: Short
	srcs: net:u_data_mem/_20218_ net:u_data_mem/_35592_
	bbox = (530.2500, 541.9500) - (530.3500, 542.0500) on Layer M3
violation type: Short
	srcs: net:u_data_mem/_19462_ net:u_data_mem/_41139_
	bbox = (530.2500, 898.3500) - (530.3500, 898.4500) on Layer M3
violation type: Short
	srcs: net:u_data_mem/_40810_ net:u_data_mem/_41254_
	bbox = (530.4500, 573.9500) - (530.5500, 574.0500) on Layer M3
violation type: Short
	srcs: net:u_riscv_top/register_file/_09512_ net:u_riscv_top/register_file/regfile\[22\][5]
	bbox = (530.6500, 39.1500) - (530.7500, 39.2500) on Layer M3
violation type: Short
	srcs: net:mem_addr[0] net:u_data_mem/_38072_
	bbox = (530.8500, 716.1500) - (530.9500, 716.2500) on Layer M3
violation type: Short
	srcs: net:u_data_mem/_35538_ net:u_data_mem/_38072_
	bbox = (530.8500, 716.5500) - (530.9500, 716.6500) on Layer M3
violation type: Short
	srcs: net:AluOp_sim[23] net:u_riscv_top/net684
	bbox = (531.4500, 289.9500) - (531.5500, 290.0500) on Layer M3
violation type: Short
	srcs: net:u_riscv_top/u_bridge_fp_mul_to_core/_006_ net:u_riscv_top/u_bridge_fp_mul_to_core/_017_
	bbox = (531.6500, 305.9500) - (531.7500, 306.0500) on Layer M3
violation type: Short
	srcs: net:u_riscv_top/register_file/_09560_ net:u_riscv_top/register_file/_10380_
	bbox = (531.8500, 80.9500) - (531.9500, 81.0500) on Layer M3
violation type: Short
	srcs: net:u_riscv_top/mux8_1/_603_ net:u_riscv_top/net683
	bbox = (531.8500, 307.5500) - (531.9500, 307.6500) on Layer M3
violation type: Short
	srcs: net:u_data_mem/_22055_ net:u_data_mem/_40980_
	bbox = (532.0500, 729.7500) - (532.1500, 729.8500) on Layer M3
violation type: Short
	srcs: net:u_data_mem/_22055_ net:u_data_mem/_40980_
	bbox = (532.0500, 729.7500) - (532.3900, 729.8500) on Layer M3
violation type: Short
	srcs: net:u_data_mem/_18261_ net:u_data_mem/_35534_
	bbox = (532.4500, 729.3500) - (532.5500, 729.4500) on Layer M3
violation type: Short
	srcs: net:RD4_sim[3] net:u_riscv_top/register_file/_08750_
	bbox = (534.0500, 73.5500) - (534.1500, 73.6500) on Layer M3
violation type: Short
	srcs: net:u_riscv_top/Next_PC_Alu[24] net:u_riscv_top/h2[30]
	bbox = (534.2500, 430.3500) - (534.3500, 430.4500) on Layer M3
violation type: Short
	srcs: net:u_data_mem/_35533_ net:u_data_mem/_41034_
	bbox = (534.2500, 588.1500) - (534.3500, 588.2500) on Layer M3
violation type: Short
	srcs: net:u_data_mem/_38460_ net:u_data_mem/_41247_
	bbox = (534.2500, 657.1500) - (534.3500, 657.2500) on Layer M3
violation type: Short
	srcs: net:A2_sim[0] net:u_riscv_top/register_file/_07227_
	bbox = (534.4500, 37.9500) - (534.5500, 38.0500) on Layer M3
violation type: Short
	srcs: net:u_riscv_top/register_file/_07227_ net:u_riscv_top/register_file/_09662_
	bbox = (534.4500, 38.1500) - (534.5500, 38.2500) on Layer M3
violation type: Short
	srcs: net:RD1_sim[20] net:u_riscv_top/register_file/_10086_
	bbox = (534.4500, 259.3500) - (534.5500, 259.4500) on Layer M3
violation type: Short
	srcs: net:u_riscv_top/h1[14] net:u_riscv_top/PC_inst/_037_
	bbox = (534.4500, 438.9500) - (534.5500, 439.0500) on Layer M3
violation type: Short
	srcs: net:RD1_sim[6] net:u_riscv_top/register_file/_10303_
	bbox = (535.0500, 122.1500) - (535.1500, 122.2500) on Layer M3
violation type: Short
	srcs: net:u_data_mem/_36493_ net:u_data_mem/_41145_
	bbox = (535.0500, 972.1500) - (535.1500, 972.2500) on Layer M3
violation type: Short
	srcs: net:u_riscv_top/register_file/_08884_ net:u_riscv_top/register_file/_09660_
	bbox = (535.2500, 23.9500) - (535.3500, 24.0500) on Layer M3
violation type: Short
	srcs: net:RD4_sim[29] net:u_riscv_top/register_file/_07286_
	bbox = (535.6500, 16.7500) - (535.7500, 16.8500) on Layer M3
violation type: Short
	srcs: net:A3_sim[2] net:u_riscv_top/register_file/_07344_
	bbox = (536.0100, 202.1500) - (536.3500, 202.2500) on Layer M3
violation type: Short
	srcs: net:A3_sim[2] net:u_riscv_top/register_file/_07344_
	bbox = (536.2500, 202.1500) - (536.3500, 202.2500) on Layer M3
violation type: Short
	srcs: net:A3_sim[0] net:u_riscv_top/register_file/_08850_
	bbox = (536.4500, 99.5500) - (536.5500, 99.6500) on Layer M3
violation type: Short
	srcs: net:u_data_mem/_18257_ net:u_data_mem/_40331_
	bbox = (536.4500, 699.5500) - (536.5500, 699.6500) on Layer M3
violation type: Short
	srcs: net:u_riscv_top/register_file/regfile\[18\][2] net:u_riscv_top/register_file/regfile\[22\][2]
	bbox = (536.6500, 55.5500) - (536.7500, 55.6500) on Layer M3
violation type: Short
	srcs: net:u_data_mem/_40932_ net:u_data_mem/_41051_
	bbox = (536.6500, 909.3500) - (536.7500, 909.4500) on Layer M3
violation type: Short
	srcs: net:u_riscv_top/register_file/_07344_ net:u_riscv_top/register_file/regfile\[22\][26]
	bbox = (536.6700, 202.1500) - (536.7500, 202.2500) on Layer M3
violation type: Short
	srcs: net:u_riscv_top/register_file/_07212_ net:u_riscv_top/register_file/_10589_
	bbox = (537.2500, 99.9500) - (537.3500, 100.0500) on Layer M3
violation type: Short
	srcs: net:u_riscv_top/register_file/_07212_ net:u_riscv_top/register_file/_10589_
	bbox = (537.2500, 99.9500) - (537.5900, 100.0500) on Layer M3
violation type: Short
	srcs: net:u_riscv_top/net152 net:net1202
	bbox = (538.0500, 523.5500) - (538.1500, 523.6500) on Layer M3
violation type: Short
	srcs: net:A3_sim[2] net:u_riscv_top/register_file/_08850_
	bbox = (538.2500, 136.9500) - (538.3500, 137.0500) on Layer M3
violation type: Short
	srcs: net:u_riscv_top/register_file/_07830_ net:u_riscv_top/register_file/regfile\[23\][8]
	bbox = (538.2500, 217.9500) - (538.3500, 218.0500) on Layer M3
violation type: Short
	srcs: net:u_riscv_top/mux8_1/_648_ net:u_riscv_top/net738
	bbox = (538.6500, 312.9500) - (538.7500, 313.0500) on Layer M3
violation type: Short
	srcs: net:u_data_mem/_38538_ net:u_data_mem/_41139_
	bbox = (538.8500, 863.9500) - (538.9500, 864.0500) on Layer M3
violation type: Short
	srcs: net:RD2_sim[5] net:u_riscv_top/register_file/_07890_
	bbox = (539.2500, 36.9500) - (539.3500, 37.0500) on Layer M3
violation type: Short
	srcs: net:RD2_sim[5] net:u_riscv_top/register_file/_07890_
	bbox = (539.2500, 36.9500) - (539.5500, 37.0500) on Layer M3
violation type: Short
	srcs: net:u_riscv_top/register_file/_07890_ net:u_riscv_top/register_file/_08049_
	bbox = (539.2500, 37.5500) - (539.3500, 37.6500) on Layer M3
violation type: Short
	srcs: net:u_riscv_top/register_file/_07890_ net:u_riscv_top/register_file/net2445
	bbox = (539.2500, 37.7500) - (539.3500, 37.8500) on Layer M3
violation type: Short
	srcs: net:u_data_mem/_35549_ net:u_data_mem/bank2\[6\][0]
	bbox = (539.2500, 574.1500) - (539.3500, 574.2500) on Layer M3
violation type: Short
	srcs: net:u_data_mem/_18159_ net:u_data_mem/_35542_
	bbox = (539.2500, 949.9500) - (539.3500, 950.0500) on Layer M3
violation type: Short
	srcs: net:RD2_sim[5] net:u_riscv_top/register_file/_07890_
	bbox = (539.4500, 36.9500) - (539.5500, 37.0500) on Layer M3
violation type: Short
	srcs: net:u_data_mem/_18131_ net:u_data_mem/_37508_
	bbox = (539.4500, 826.7500) - (539.5500, 826.8500) on Layer M3
violation type: Short
	srcs: net:u_data_mem/_18131_ net:u_data_mem/_37508_
	bbox = (539.4500, 826.7500) - (539.7500, 826.8500) on Layer M3
violation type: Short
	srcs: net:u_data_mem/_35552_ net:u_data_mem/_39762_
	bbox = (539.4500, 980.5500) - (539.5500, 980.6500) on Layer M3
violation type: Short
	srcs: net:u_data_mem/_18161_ net:u_data_mem/_39732_
	bbox = (539.6100, 974.1500) - (539.7900, 974.2500) on Layer M3
violation type: Short
	srcs: net:A1_sim[2] net:RD1_sim[27]
	bbox = (539.6500, 133.3500) - (539.7500, 133.4500) on Layer M3
violation type: Short
	srcs: net:u_data_mem/_41039_ net:u_data_mem/bank2\[57\][26]
	bbox = (539.6500, 695.3500) - (539.7500, 695.4500) on Layer M3
violation type: Short
	srcs: net:u_data_mem/_35539_ net:u_data_mem/_41106_
	bbox = (539.6500, 746.3500) - (539.7500, 746.4500) on Layer M3
violation type: Short
	srcs: net:u_data_mem/_18131_ net:u_data_mem/_37508_
	bbox = (539.6500, 826.7500) - (539.7500, 826.8500) on Layer M3
violation type: Short
	srcs: net:mem_wdata[28] net:u_data_mem/_39732_
	bbox = (539.6500, 973.7500) - (539.7500, 973.8500) on Layer M3
violation type: Short
	srcs: net:u_data_mem/_38146_ net:u_data_mem/_39732_
	bbox = (539.6500, 973.9500) - (539.7500, 974.0500) on Layer M3
violation type: Short
	srcs: net:u_data_mem/_18161_ net:u_data_mem/_39732_
	bbox = (539.6500, 974.1500) - (539.7500, 974.2500) on Layer M3
violation type: Short
	srcs: net:RD2_sim[5] net:u_riscv_top/register_file/regfile\[16\][5]
	bbox = (539.8100, 37.1500) - (539.9900, 37.2500) on Layer M3
violation type: Short
	srcs: net:RD2_sim[5] net:u_riscv_top/register_file/regfile\[16\][5]
	bbox = (539.8500, 37.1500) - (539.9500, 37.2500) on Layer M3
violation type: Short
	srcs: net:u_data_mem/_41167_ net:u_data_mem/bank2\[7\][0]
	bbox = (539.8500, 572.5500) - (539.9500, 572.6500) on Layer M3
violation type: Short
	srcs: net:RD2_sim[23] net:u_riscv_top/register_file/_08850_
	bbox = (539.9500, 179.7500) - (540.0500, 179.8500) on Layer M3
violation type: Short
	srcs: net:A2_sim[1] net:u_riscv_top/register_file/regfile\[16\][15]
	bbox = (539.9500, 250.7500) - (539.9900, 250.8500) on Layer M3
violation type: Short
	srcs: net:riscv_addr[0] net:u_riscv_top/u_bridge_div_to_core/data_hold[26]
	bbox = (539.9500, 273.7500) - (540.0500, 273.8500) on Layer M3
violation type: Short
	srcs: net:AluOp_sim[30] net:riscv_addr[20]
	bbox = (539.9500, 286.7500) - (540.0500, 286.8500) on Layer M3
violation type: Short
	srcs: net:u_riscv_top/h2[8] net:u_riscv_top/CSR_Register/_1140_
	bbox = (539.9500, 466.7500) - (540.0500, 466.8500) on Layer M3
violation type: Short
	srcs: net:WD5_sim[13] net:u_riscv_top/CSR_Register/_1405_
	bbox = (539.9500, 469.9500) - (540.0500, 470.0500) on Layer M3
violation type: Short
	srcs: net:u_data_mem/_18223_ net:u_data_mem/_35794_
	bbox = (539.9500, 609.5500) - (540.0500, 609.6500) on Layer M3
violation type: Short
	srcs: net:mem_wdata[8] net:u_data_mem/_18219_
	bbox = (539.9500, 629.3500) - (540.0500, 629.4500) on Layer M3
violation type: Short
	srcs: net:u_data_mem/_36729_ net:u_data_mem/_41051_
	bbox = (539.9500, 730.9500) - (540.0500, 731.0500) on Layer M3
violation type: Short
	srcs: net:u_data_mem/_41061_ net:u_data_mem/_41074_
	bbox = (539.9500, 747.3500) - (540.0500, 747.4500) on Layer M3
violation type: Short
	srcs: net:u_data_mem/_35532_ net:u_data_mem/_41042_
	bbox = (539.9500, 753.5500) - (540.0500, 753.6500) on Layer M3
violation type: Short
	srcs: net:u_data_mem/_35532_ net:u_data_mem/_41042_
	bbox = (539.9500, 753.5500) - (540.3500, 753.6500) on Layer M3
violation type: Short
	srcs: net:u_riscv_top/register_file/_09662_ net:clknet_8_27_0_clk
	bbox = (540.0100, 233.1500) - (540.0500, 233.2500) on Layer M3
violation type: Short
	srcs: net:u_riscv_top/h2[22] net:u_riscv_top/pipeline_reg2/_0422_
	bbox = (540.0500, 429.5500) - (540.1500, 429.6500) on Layer M3
violation type: Short
	srcs: net:u_riscv_top/h1[30] net:u_riscv_top/pipeline_reg2/_0416_
	bbox = (540.0500, 431.7500) - (540.1500, 431.8500) on Layer M3
violation type: Short
	srcs: net:u_riscv_top/pipeline_reg2/_0416_ net:u_riscv_top/pipeline_reg2/_0510_
	bbox = (540.0500, 432.1500) - (540.1500, 432.2500) on Layer M3
violation type: Short
	srcs: net:mem_wdata[15] net:u_data_mem/_39787_
	bbox = (540.0500, 708.9500) - (540.1500, 709.0500) on Layer M3
violation type: Short
	srcs: net:A2_sim[0] net:u_riscv_top/register_file/_08852_
	bbox = (540.2500, 60.3500) - (540.3500, 60.4500) on Layer M3
violation type: Short
	srcs: net:A2_sim[0] net:A2_sim[2]
	bbox = (540.2500, 60.5500) - (540.3500, 60.6500) on Layer M3
violation type: Short
	srcs: net:u_riscv_top/mux8_1/_621_ net:u_riscv_top/register_file/_09249_
	bbox = (540.2500, 253.9500) - (540.3500, 254.0500) on Layer M3
violation type: Short
	srcs: net:u_riscv_top/muxB2[21] net:u_riscv_top/CSR_Register/_1140_
	bbox = (540.2500, 466.7500) - (540.3500, 466.8500) on Layer M3
violation type: Short
	srcs: net:u_riscv_top/h2[8] net:u_riscv_top/muxB2[21]
	bbox = (540.2500, 466.9500) - (540.3500, 467.0500) on Layer M3
violation type: Short
	srcs: net:riscv_addr[15] net:u_riscv_top/muxB2[21]
	bbox = (540.2500, 467.3500) - (540.3500, 467.4500) on Layer M3
violation type: Short
	srcs: net:u_riscv_top/muxB2[21] net:u_riscv_top/CSR_Register/_1399_
	bbox = (540.2500, 467.5500) - (540.3500, 467.6500) on Layer M3
violation type: Short
	srcs: net:u_riscv_top/CSR_Register/_1483_ net:u_riscv_top/pipeline_reg2/_0422_
	bbox = (540.2500, 522.9500) - (540.3500, 523.0500) on Layer M3
violation type: Short
	srcs: net:u_riscv_top/pipeline_reg2/_0422_ net:u_riscv_top/net152
	bbox = (540.2500, 523.1500) - (540.3500, 523.2500) on Layer M3
violation type: Short
	srcs: net:u_riscv_top/pipeline_reg2/_0422_ net:u_riscv_top/CSR_Register/net746
	bbox = (540.2500, 523.3500) - (540.3500, 523.4500) on Layer M3
violation type: Short
	srcs: net:u_riscv_top/pipeline_reg2/_0422_ net:net1202
	bbox = (540.2500, 523.5500) - (540.3500, 523.6500) on Layer M3
violation type: Short
	srcs: net:u_data_mem/_41034_ net:u_data_mem/_41058_
	bbox = (540.2500, 588.5500) - (540.3500, 588.6500) on Layer M3
violation type: Short
	srcs: net:u_data_mem/_18222_ net:u_data_mem/_41110_
	bbox = (540.2500, 663.3500) - (540.3500, 663.4500) on Layer M3
violation type: Short
	srcs: net:u_data_mem/_35532_ net:u_data_mem/_41042_
	bbox = (540.2500, 753.5500) - (540.3500, 753.6500) on Layer M3
violation type: Short
	srcs: net:u_data_mem/_37740_ net:u_data_mem/_41017_
	bbox = (540.2500, 870.3500) - (540.3500, 870.4500) on Layer M3
violation type: Short
	srcs: net:u_data_mem/_37740_ net:u_data_mem/_41017_
	bbox = (540.2500, 870.3500) - (540.5500, 870.4500) on Layer M3
violation type: Short
	srcs: net:u_riscv_top/net439 net:u_riscv_top/CSR_Register/net739
	bbox = (540.4500, 497.1500) - (540.5500, 497.2500) on Layer M3
violation type: Short
	srcs: net:mem_wdata[18] net:u_data_mem/_36881_
	bbox = (540.4500, 638.3500) - (540.5500, 638.4500) on Layer M3
violation type: Short
	srcs: net:u_data_mem/_38229_ net:u_data_mem/_40339_
	bbox = (540.4500, 704.1500) - (540.5500, 704.2500) on Layer M3
violation type: Short
	srcs: net:u_data_mem/_39028_ net:u_data_mem/_39764_
	bbox = (540.4500, 793.9500) - (540.5500, 794.0500) on Layer M3
violation type: Short
	srcs: net:u_data_mem/_37740_ net:u_data_mem/_41017_
	bbox = (540.4500, 870.3500) - (540.5500, 870.4500) on Layer M3
violation type: Short
	srcs: net:u_riscv_top/TICK net:u_riscv_top/net498
	bbox = (540.8500, 525.3500) - (540.9500, 525.4500) on Layer M3
violation type: Short
	srcs: net:u_riscv_top/CSR_Register/_1347_ net:u_riscv_top/CSR_Register/_1359_
	bbox = (541.0500, 524.9500) - (541.1500, 525.0500) on Layer M3
violation type: Short
	srcs: net:u_data_mem/_37009_ net:u_data_mem/_41111_
	bbox = (541.0500, 655.3500) - (541.1500, 655.4500) on Layer M3
violation type: Short
	srcs: net:u_riscv_top/register_file/_08695_ net:u_riscv_top/register_file/net2445
	bbox = (541.4500, 37.9500) - (541.5500, 38.0500) on Layer M3
violation type: Short
	srcs: net:u_riscv_top/register_file/_08852_ net:u_riscv_top/register_file/_09586_
	bbox = (541.4500, 59.9500) - (541.5300, 60.0500) on Layer M3
violation type: Short
	srcs: net:u_riscv_top/register_file/_07377_ net:u_riscv_top/register_file/_08852_
	bbox = (541.4500, 178.3500) - (541.5500, 178.4500) on Layer M3
violation type: Short
	srcs: net:u_riscv_top/TICK net:u_riscv_top/net498
	bbox = (541.6500, 525.3500) - (541.7500, 525.4500) on Layer M3
violation type: Short
	srcs: net:mem_wdata[10] net:u_data_mem/_40200_
	bbox = (542.4500, 792.1500) - (542.5500, 792.2500) on Layer M3
violation type: Short
	srcs: net:u_riscv_top/register_file/_08879_ net:u_riscv_top/register_file/_08881_
	bbox = (542.6500, 26.9500) - (542.7500, 27.0500) on Layer M3
violation type: Short
	srcs: net:RD4_sim[9] net:u_riscv_top/register_file/regfile\[20\][9]
	bbox = (542.6500, 135.3500) - (542.7500, 135.4500) on Layer M3
violation type: Short
	srcs: net:A2_sim[1] net:clknet_8_25_0_clk
	bbox = (542.8500, 180.3500) - (542.9500, 180.4500) on Layer M3
violation type: Short
	srcs: net:u_data_mem/_41145_ net:clknet_10_948__leaf_clk
	bbox = (543.0500, 933.9500) - (543.1500, 934.0500) on Layer M3
violation type: Short
	srcs: net:u_riscv_top/u_bridge_div_to_core/_017_ net:u_riscv_top/u_bridge_div_to_core/data_hold[4]
	bbox = (543.4500, 298.7500) - (543.5500, 298.8500) on Layer M3
violation type: Short
	srcs: net:AluOp_sim[16] net:u_riscv_top/h1[4]
	bbox = (543.6500, 370.9500) - (543.7500, 371.0500) on Layer M3
violation type: Short
	srcs: net:u_riscv_top/_230_ net:u_riscv_top/register_file/regfile\[20\][8]
	bbox = (544.2500, 226.7500) - (544.3500, 226.8500) on Layer M3
violation type: Short
	srcs: net:RD3_sim[31] net:u_riscv_top/register_file/regfile\[16\][31]
	bbox = (544.6500, 93.3500) - (544.7500, 93.4500) on Layer M3
violation type: Short
	srcs: net:rst net:u_data_mem/_40465_
	bbox = (545.2500, 619.1500) - (545.3500, 619.2500) on Layer M3
violation type: Short
	srcs: net:RD4_sim[4] net:u_riscv_top/register_file/regfile\[20\][4]
	bbox = (545.4500, 161.9500) - (545.5500, 162.0500) on Layer M3
violation type: Short
	srcs: net:mem_wdata[10] net:u_data_mem/_40200_
	bbox = (546.4500, 792.1500) - (546.5500, 792.2500) on Layer M3
violation type: Short
	srcs: net:AluOp_sim[26] net:u_riscv_top/net868
	bbox = (546.6500, 278.3500) - (546.7500, 278.4500) on Layer M3
violation type: Short
	srcs: net:u_riscv_top/u_bridge_div_to_core/_048_ net:u_riscv_top/u_bridge_div_to_core/data_hold[4]
	bbox = (546.6500, 298.7500) - (546.7500, 298.8500) on Layer M3
violation type: Short
	srcs: net:mem_wdata[15] net:u_riscv_top/CSR_Register/_1416_
	bbox = (547.2500, 517.9500) - (547.3500, 518.0500) on Layer M3
violation type: Short
	srcs: net:AluOp_sim[23] net:u_riscv_top/mux8_1/_647_
	bbox = (547.4500, 289.9500) - (547.5500, 290.0500) on Layer M3
violation type: Short
	srcs: net:u_riscv_top/CSR_Register/_1411_ net:u_riscv_top/CSR_Register/minstret[17]
	bbox = (548.0500, 471.1500) - (548.1500, 471.2500) on Layer M3
violation type: Short
	srcs: net:u_data_mem/_35532_ net:clknet_10_867__leaf_clk
	bbox = (548.0500, 770.5500) - (548.1500, 770.6500) on Layer M3
violation type: Short
	srcs: net:u_riscv_top/ALU/int_alu_result[1] net:u_riscv_top/ALU/alu_res/_028_
	bbox = (549.0500, 361.9500) - (549.1500, 362.0500) on Layer M3
violation type: Short
	srcs: net:u_data_mem/_35704_ net:u_data_mem/_40626_
	bbox = (549.2500, 687.3500) - (549.3500, 687.4500) on Layer M3
violation type: Short
	srcs: net:u_data_mem/_18227_ net:u_data_mem/_39467_
	bbox = (549.4500, 737.5500) - (549.5500, 737.6500) on Layer M3
violation type: Short
	srcs: net:u_data_mem/_39472_ net:u_data_mem/_40626_
	bbox = (549.8500, 687.3500) - (549.9500, 687.4500) on Layer M3
violation type: Short
	srcs: net:u_data_mem/_18259_ net:u_data_mem/_18262_
	bbox = (550.0500, 721.9500) - (550.1500, 722.0500) on Layer M3
violation type: Short
	srcs: net:u_data_mem/_38828_ net:u_data_mem/bank3\[60\][28]
	bbox = (550.2500, 847.5500) - (550.3500, 847.6500) on Layer M3
violation type: Short
	srcs: net:u_data_mem/_18204_ net:u_data_mem/_38051_
	bbox = (550.8500, 573.9500) - (550.9500, 574.0500) on Layer M3
violation type: Short
	srcs: net:u_data_mem/_18155_ net:u_data_mem/_41224_
	bbox = (551.6500, 1014.9500) - (551.7500, 1015.0500) on Layer M3
violation type: Short
	srcs: net:u_data_mem/_35547_ net:u_data_mem/_35550_
	bbox = (551.8500, 808.3500) - (551.9500, 808.4500) on Layer M3
violation type: Short
	srcs: net:u_riscv_top/ALU/int_alu_result[4] net:u_riscv_top/ALU/alu_res/_010_
	bbox = (552.2500, 348.9500) - (552.3500, 349.0500) on Layer M3
violation type: Short
	srcs: net:RD4_sim[27] net:u_riscv_top/pipeline_reg1/_0553_
	bbox = (553.4500, 136.7500) - (553.5500, 136.8500) on Layer M3
violation type: Short
	srcs: net:u_riscv_top/muxA1[28] net:u_riscv_top/net756
	bbox = (554.6500, 118.5500) - (554.7500, 118.6500) on Layer M3
violation type: Short
	srcs: net:riscv_addr[10] net:u_riscv_top/u_bridge_div_to_core/data_hold[5]
	bbox = (554.8500, 305.9500) - (554.9500, 306.0500) on Layer M3
violation type: Short
	srcs: net:u_data_mem/_18134_ net:u_data_mem/_41196_
	bbox = (554.8500, 807.9500) - (554.9500, 808.0500) on Layer M3
violation type: Short
	srcs: net:u_riscv_top/h1[8] net:u_riscv_top/h2[29]
	bbox = (556.6500, 402.5500) - (556.7500, 402.6500) on Layer M3
violation type: Short
	srcs: net:u_data_mem/_18228_ net:u_data_mem/_20993_
	bbox = (556.6500, 766.7500) - (556.7500, 766.8500) on Layer M3
violation type: Short
	srcs: net:u_riscv_top/fp_add_done_synced net:u_riscv_top/net568
	bbox = (557.4500, 334.5500) - (557.5500, 334.6500) on Layer M3
violation type: Short
	srcs: net:mem_wdata[22] net:u_data_mem/_20242_
	bbox = (558.0500, 567.5500) - (558.1300, 567.6500) on Layer M3
violation type: Short
	srcs: net:riscv_addr[8] net:u_riscv_top/muxB0[18]
	bbox = (558.6500, 329.7500) - (558.7500, 329.8500) on Layer M3
violation type: Short
	srcs: net:u_data_mem/_35539_ net:u_data_mem/_35812_
	bbox = (558.6500, 538.3500) - (558.7500, 538.4500) on Layer M3
violation type: Short
	srcs: net:RD4_sim[5] net:u_riscv_top/pipeline_reg1/_0867_
	bbox = (558.8500, 30.3500) - (558.9500, 30.4500) on Layer M3
violation type: Short
	srcs: net:u_riscv_top/h2[8] net:u_riscv_top/net1253
	bbox = (559.0500, 465.9500) - (559.1500, 466.0500) on Layer M3
violation type: Short
	srcs: net:u_riscv_top/CSR_Register/_1399_ net:u_riscv_top/CSR_Register/mcycle[19]
	bbox = (559.0500, 474.9500) - (559.1500, 475.0500) on Layer M3
violation type: Short
	srcs: net:SrcA_sim_i[25] net:u_riscv_top/z[24]
	bbox = (559.4500, 394.1500) - (559.5500, 394.2500) on Layer M3
violation type: Short
	srcs: net:u_data_mem/_18155_ net:u_data_mem/_41224_
	bbox = (559.4500, 1014.9500) - (559.5500, 1015.0500) on Layer M3
violation type: Short
	srcs: net:u_data_mem/_35377_ net:u_data_mem/_39937_
	bbox = (559.6500, 865.5500) - (559.7500, 865.6500) on Layer M3
violation type: Short
	srcs: net:u_data_mem/_37506_ net:u_data_mem/_38525_
	bbox = (559.6500, 951.9500) - (559.7500, 952.0500) on Layer M3
violation type: Short
	srcs: net:u_riscv_top/muxB0[27] net:u_riscv_top/rst_core_n
	bbox = (559.8500, 246.5500) - (559.9500, 246.6500) on Layer M3
violation type: Short
	srcs: net:mem_addr[2] net:u_data_mem/_19420_
	bbox = (560.0100, 879.5500) - (560.5300, 879.6500) on Layer M3
violation type: Short
	srcs: net:mem_addr[0] net:u_data_mem/_35750_
	bbox = (560.4500, 879.9500) - (560.5500, 880.0500) on Layer M3
violation type: Short
	srcs: net:u_riscv_top/div_result_md[28] net:u_riscv_top/mux8_1/_662_
	bbox = (560.6500, 268.3500) - (560.7500, 268.4500) on Layer M3
violation type: Short
	srcs: net:u_riscv_top/muxB2[3] net:u_riscv_top/pipeline_reg1/net1278
	bbox = (560.6500, 476.7500) - (560.7500, 476.8500) on Layer M3
violation type: Short
	srcs: net:u_data_mem/_19243_ net:u_data_mem/_37969_
	bbox = (560.6500, 898.3500) - (560.7500, 898.4500) on Layer M3
violation type: Short
	srcs: net:u_data_mem/_26153_ net:u_data_mem/_41196_
	bbox = (560.8500, 829.3500) - (560.9500, 829.4500) on Layer M3
violation type: Short
	srcs: net:u_riscv_top/u_bridge_core_to_fft/data_hold[111] net:u_riscv_top/net1313
	bbox = (560.9495, 248.9500) - (560.9505, 249.0500) on Layer M3
violation type: Short
	srcs: net:u_riscv_top/u_bridge_core_to_fft/_0653_ net:u_riscv_top/u_bridge_core_to_fft/data_hold[123]
	bbox = (560.9500, 145.3500) - (561.0500, 145.4500) on Layer M3
violation type: Short
	srcs: net:u_riscv_top/u_bridge_core_to_fft/data_hold[111] net:u_riscv_top/net1313
	bbox = (560.9500, 248.9500) - (561.0500, 249.0500) on Layer M3
violation type: Short
	srcs: net:u_riscv_top/u_bridge_core_to_fft/data_hold[111] net:u_riscv_top/net1313
	bbox = (560.9500, 248.9500) - (561.1500, 249.0500) on Layer M3
violation type: Short
	srcs: net:riscv_addr[9] net:u_riscv_top/net857
	bbox = (560.9500, 328.9500) - (561.0500, 329.0500) on Layer M3
violation type: Short
	srcs: net:u_riscv_top/h1[15] net:u_riscv_top/pipeline_reg1/net642
	bbox = (560.9500, 438.7500) - (561.0500, 438.8500) on Layer M3
violation type: Short
	srcs: net:rst net:u_riscv_top/pipeline_reg2/_0422_
	bbox = (560.9500, 453.9500) - (561.0500, 454.0500) on Layer M3
violation type: Short
	srcs: net:mem_wdata[21] net:u_data_mem/_35583_
	bbox = (560.9500, 720.1500) - (561.0500, 720.2500) on Layer M3
violation type: Short
	srcs: net:u_data_mem/_36729_ net:u_data_mem/_41026_
	bbox = (560.9500, 730.9500) - (561.0500, 731.0500) on Layer M3
violation type: Short
	srcs: net:u_data_mem/_38146_ net:u_data_mem/_38380_
	bbox = (560.9500, 973.9500) - (561.0500, 974.0500) on Layer M3
violation type: Short
	srcs: net:u_riscv_top/divider/_1100_ net:u_riscv_top/divider/_1512_
	bbox = (561.0100, 282.1500) - (561.1900, 282.2500) on Layer M3
violation type: Short
	srcs: net:u_riscv_top/u_bridge_core_to_fft/data_hold[111] net:u_riscv_top/net1313
	bbox = (561.0495, 248.9500) - (561.0505, 249.2500) on Layer M3
violation type: Short
	srcs: net:u_riscv_top/u_bridge_core_to_fft/data_hold[111] net:u_riscv_top/net1313
	bbox = (561.0495, 249.1500) - (561.0505, 249.2500) on Layer M3
violation type: Short
	srcs: net:u_riscv_top/u_bridge_core_to_fft/data_hold[111] net:u_riscv_top/net1313
	bbox = (561.0500, 248.9500) - (561.1500, 249.0500) on Layer M3
violation type: Short
	srcs: net:u_riscv_top/divider/_1100_ net:u_riscv_top/divider/_1512_
	bbox = (561.0500, 282.1500) - (561.1500, 282.2500) on Layer M3
violation type: Short
	srcs: net:u_riscv_top/divider/_1100_ net:u_riscv_top/u_bridge_div_to_core/data_hold[1]
	bbox = (561.0500, 282.3500) - (561.1500, 282.4500) on Layer M3
violation type: Short
	srcs: net:u_riscv_top/ALU/int_alu_result[17] net:u_riscv_top/ALU/alu/_1959_
	bbox = (561.0500, 403.9500) - (561.1500, 404.0500) on Layer M3
violation type: Short
	srcs: net:RD4_sim[26] net:u_riscv_top/net491
	bbox = (561.2500, 173.1500) - (561.3500, 173.2500) on Layer M3
violation type: Short
	srcs: net:u_riscv_top/ALU/int_alu_result[1] net:u_riscv_top/ALU/int_alu_result[2]
	bbox = (561.2500, 362.1500) - (561.3500, 362.2500) on Layer M3
violation type: Short
	srcs: net:u_data_mem/_18216_ net:u_data_mem/_38886_
	bbox = (561.2500, 618.9500) - (561.3500, 619.0500) on Layer M3
violation type: Short
	srcs: net:mem_wdata[26] net:u_data_mem/_35533_
	bbox = (561.2500, 735.9500) - (561.3500, 736.0500) on Layer M3
violation type: Short
	srcs: net:u_data_mem/_40950_ net:u_data_mem/_40965_
	bbox = (561.2500, 910.9500) - (561.3500, 911.0500) on Layer M3
violation type: Short
	srcs: net:u_data_mem/_35566_ net:u_data_mem/_36863_
	bbox = (561.2500, 991.7500) - (561.3500, 991.8500) on Layer M3
violation type: Short
	srcs: net:u_riscv_top/h1[15] net:u_riscv_top/pipeline_reg1/net642
	bbox = (561.4500, 438.7500) - (561.5500, 438.8500) on Layer M3
violation type: Short
	srcs: net:u_riscv_top/h1[15] net:u_riscv_top/pipeline_reg1/net642
	bbox = (561.4500, 438.7500) - (561.7500, 438.8500) on Layer M3
violation type: Short
	srcs: net:u_riscv_top/h1[15] net:u_riscv_top/pipeline_reg1/net642
	bbox = (561.6500, 438.7500) - (561.7500, 438.8500) on Layer M3
violation type: Short
	srcs: net:mem_wdata[6] net:u_data_mem/_39765_
	bbox = (561.6500, 979.5500) - (561.7500, 979.6500) on Layer M3
violation type: Short
	srcs: net:i_decode[21] net:u_riscv_top/div_result_md[25]
	bbox = (561.8500, 271.9500) - (561.9500, 272.0500) on Layer M3
violation type: Short
	srcs: net:u_riscv_top/mux8_1/_623_ net:u_riscv_top/mux8_1/_658_
	bbox = (562.0500, 255.1500) - (562.1500, 255.2500) on Layer M3
violation type: Short
	srcs: net:u_riscv_top/muxB2[24] net:u_riscv_top/CSR_Register/net897
	bbox = (562.2500, 484.3500) - (562.3500, 484.4500) on Layer M3
violation type: Short
	srcs: net:mem_wdata[11] net:u_data_mem/_39063_
	bbox = (562.8500, 813.5500) - (562.9500, 813.6500) on Layer M3
violation type: Short
	srcs: net:u_riscv_top/div_result_md[14] net:u_riscv_top/h1[4]
	bbox = (564.4500, 298.5500) - (564.5500, 298.6500) on Layer M3
violation type: Short
	srcs: net:u_riscv_top/mux3/_0746_ net:u_riscv_top/pipeline_reg1/net1014
	bbox = (564.6500, 432.1500) - (564.7500, 432.2500) on Layer M3
violation type: Short
	srcs: net:riscv_addr[5] net:u_riscv_top/h2[26]
	bbox = (564.8500, 312.9500) - (564.9500, 313.0500) on Layer M3
violation type: Short
	srcs: net:u_riscv_top/ALU/alu/_1886_ net:u_riscv_top/ALU/alu/_2588_
	bbox = (566.0500, 368.5500) - (566.1500, 368.6500) on Layer M3
violation type: Short
	srcs: net:u_riscv_top/ALU/int_alu_result[12] net:u_riscv_top/ALU/alu/_2523_
	bbox = (566.4500, 377.7500) - (566.5500, 377.8500) on Layer M3
violation type: Short
	srcs: net:u_riscv_top/muxA1[12] net:u_riscv_top/net583
	bbox = (566.8500, 28.9500) - (566.9500, 29.0500) on Layer M3
violation type: Short
	srcs: net:u_riscv_top/muxB2[25] net:u_riscv_top/mux3/_0699_
	bbox = (567.2100, 433.1500) - (567.3300, 433.2500) on Layer M3
violation type: Short
	srcs: net:u_riscv_top/stallF net:net214
	bbox = (567.6500, 464.5500) - (567.7500, 464.6500) on Layer M3
violation type: Short
	srcs: net:u_data_mem/_35546_ net:u_data_mem/_38900_
	bbox = (568.0500, 999.5500) - (568.1500, 999.6500) on Layer M3
violation type: Short
	srcs: net:u_riscv_top/h1[9] net:u_riscv_top/ALU/alu/_1888_
	bbox = (568.2500, 403.3500) - (568.3500, 403.4500) on Layer M3
violation type: Short
	srcs: net:i_ex[12] net:u_riscv_top/u_bridge_core_to_div/_108_
	bbox = (568.4500, 322.3500) - (568.5500, 322.4500) on Layer M3
violation type: Short
	srcs: net:u_riscv_top/ALU/alu/_2107_ net:u_riscv_top/ALU/alu/_2503_
	bbox = (568.6500, 385.3500) - (568.7500, 385.4500) on Layer M3
violation type: Short
	srcs: net:u_data_mem/_37506_ net:u_data_mem/_38525_
	bbox = (569.2500, 951.9500) - (569.3500, 952.0500) on Layer M3
violation type: Short
	srcs: net:u_data_mem/_35534_ net:u_data_mem/_39935_
	bbox = (569.8500, 865.9500) - (569.9500, 866.0500) on Layer M3
violation type: Short
	srcs: net:u_riscv_top/CSR_Register/_1411_ net:u_riscv_top/CSR_Register/_1416_
	bbox = (570.8500, 486.9500) - (570.9500, 487.0500) on Layer M3
violation type: Short
	srcs: net:u_riscv_top/muxB2[15] net:u_riscv_top/CSR_Register/_1405_
	bbox = (571.0100, 486.5500) - (571.5300, 486.6500) on Layer M3
violation type: Short
	srcs: net:u_riscv_top/h1[8] net:u_riscv_top/h1[9]
	bbox = (571.0500, 403.3500) - (571.1500, 403.4500) on Layer M3
violation type: Short
	srcs: net:u_riscv_top/muxB2[13] net:u_riscv_top/net502
	bbox = (571.8500, 498.7500) - (571.9500, 498.8500) on Layer M3
violation type: Short
	srcs: net:u_riscv_top/TICK net:u_riscv_top/stallF
	bbox = (573.6500, 528.7500) - (573.7500, 528.8500) on Layer M3
violation type: Short
	srcs: net:u_riscv_top/div_result_md[15] net:u_riscv_top/h1[4]
	bbox = (574.0500, 298.5500) - (574.1500, 298.6500) on Layer M3
violation type: Short
	srcs: net:u_data_mem/_19061_ net:u_data_mem/_38380_
	bbox = (574.2500, 973.5500) - (574.3500, 973.6500) on Layer M3
violation type: Short
	srcs: net:u_riscv_top/TICK net:u_riscv_top/net1348
	bbox = (574.6500, 235.9500) - (574.7500, 236.0500) on Layer M3
violation type: Short
	srcs: net:u_riscv_top/TICK net:u_riscv_top/net1348
	bbox = (574.6500, 235.9500) - (574.9500, 236.0500) on Layer M3
violation type: Short
	srcs: net:u_riscv_top/TICK net:u_riscv_top/net1348
	bbox = (574.8500, 235.9500) - (574.9500, 236.0500) on Layer M3
violation type: Short
	srcs: net:u_data_mem/_41114_ net:u_data_mem/bank2\[16\][31]
	bbox = (575.4500, 619.3500) - (575.5500, 619.4500) on Layer M3
violation type: Short
	srcs: net:mem_wdata[15] net:u_data_mem/_21937_
	bbox = (575.6500, 709.3500) - (575.7500, 709.4500) on Layer M3
violation type: Short
	srcs: net:u_riscv_top/mux8_1/_602_ net:u_riscv_top/mux8_1/_607_
	bbox = (575.8500, 280.9500) - (575.9500, 281.0500) on Layer M3
violation type: Short
	srcs: net:u_riscv_top/h1[10] net:u_riscv_top/divider/_1112_
	bbox = (576.0500, 303.9500) - (576.1500, 304.0500) on Layer M3
violation type: Short
	srcs: net:u_riscv_top/h2[11] net:u_riscv_top/ALU/int_alu_result[29]
	bbox = (576.0500, 343.9500) - (576.1500, 344.0500) on Layer M3
violation type: Short
	srcs: net:u_riscv_top/muxB4[11] net:u_riscv_top/mux3/_0700_
	bbox = (576.2500, 440.7500) - (576.3500, 440.8500) on Layer M3
violation type: Short
	srcs: net:u_riscv_top/muxB4[11] net:u_riscv_top/mux3/_0700_
	bbox = (576.2500, 440.7500) - (576.5500, 440.8500) on Layer M3
violation type: Short
	srcs: net:u_riscv_top/muxB4[11] net:u_riscv_top/mux3/_0700_
	bbox = (576.4500, 440.7500) - (576.5500, 440.8500) on Layer M3
violation type: Short
	srcs: net:u_riscv_top/muxB4[11] net:u_riscv_top/mux3/_0710_
	bbox = (576.8500, 445.9500) - (576.9500, 446.0500) on Layer M3
violation type: Short
	srcs: net:u_data_mem/_35546_ net:u_data_mem/_38900_
	bbox = (577.0500, 999.5500) - (577.1500, 999.6500) on Layer M3
violation type: Short
	srcs: net:u_riscv_top/CSR_Register/CSR_WD_r[16] net:u_riscv_top/CSR_Register/_1416_
	bbox = (578.6100, 478.1500) - (578.7900, 478.2500) on Layer M3
violation type: Short
	srcs: net:u_riscv_top/CSR_Register/CSR_WD_r[16] net:u_riscv_top/CSR_Register/_1416_
	bbox = (578.6500, 478.1500) - (578.7500, 478.2500) on Layer M3
violation type: Short
	srcs: net:u_data_mem/_18263_ net:u_data_mem/_37017_
	bbox = (578.6500, 681.9500) - (578.7500, 682.0500) on Layer M3
violation type: Short
	srcs: net:u_riscv_top/ALU/int_alu_result[1] net:u_riscv_top/ALU/int_alu_result[8]
	bbox = (579.8500, 361.7500) - (579.9500, 361.8500) on Layer M3
violation type: Short
	srcs: net:u_riscv_top/fft_req_data_b[57] net:u_riscv_top/u_bridge_core_to_fft/net544
	bbox = (581.0500, 160.1500) - (581.1500, 160.2500) on Layer M3
violation type: Short
	srcs: net:u_riscv_top/CSR_Register/_0864_ net:u_riscv_top/pipeline_register3/_223_
	bbox = (581.0500, 496.5500) - (581.1500, 496.6500) on Layer M3
violation type: Short
	srcs: net:u_riscv_top/CSR_Register/_1644_ net:u_riscv_top/CSR_Register/net963
	bbox = (581.0500, 521.7500) - (581.1500, 521.8500) on Layer M3
violation type: Short
	srcs: net:u_data_mem/_38936_ net:u_data_mem/_41164_
	bbox = (581.0500, 998.9500) - (581.1500, 999.0500) on Layer M3
violation type: Short
	srcs: net:u_data_mem/_38936_ net:u_data_mem/_41164_
	bbox = (581.0500, 998.9500) - (581.3900, 999.0500) on Layer M3
violation type: Short
	srcs: net:mem_wdata[6] net:u_data_mem/_39765_
	bbox = (581.2500, 979.3500) - (581.3500, 979.4500) on Layer M3
violation type: Short
	srcs: net:u_data_mem/_35542_ net:u_data_mem/_37226_
	bbox = (581.4500, 722.5500) - (581.5500, 722.6500) on Layer M3
violation type: Short
	srcs: net:u_data_mem/_34924_ net:u_data_mem/_41117_
	bbox = (581.4500, 880.1500) - (581.5500, 880.2500) on Layer M3
violation type: Short
	srcs: net:u_data_mem/_18152_ net:u_data_mem/_34924_
	bbox = (581.4500, 880.5500) - (581.5500, 880.6500) on Layer M3
violation type: Short
	srcs: net:u_data_mem/_18152_ net:u_data_mem/_34924_
	bbox = (581.4500, 880.5500) - (581.7500, 880.6500) on Layer M3
violation type: Short
	srcs: net:u_riscv_top/divider/_1423_ net:u_riscv_top/u_bridge_core_to_div/_006_
	bbox = (581.6500, 304.7500) - (581.7500, 304.8500) on Layer M3
violation type: Short
	srcs: net:u_riscv_top/divider/_1423_ net:u_riscv_top/u_bridge_core_to_div/_006_
	bbox = (581.6500, 304.7500) - (581.9500, 304.8500) on Layer M3
violation type: Short
	srcs: net:u_riscv_top/h2[28] net:u_riscv_top/muxB5[12]
	bbox = (581.6500, 439.3500) - (581.7500, 439.4500) on Layer M3
violation type: Short
	srcs: net:u_riscv_top/stallF net:u_riscv_top/CSR_Register/net903
	bbox = (581.6500, 514.5500) - (581.7500, 514.6500) on Layer M3
violation type: Short
	srcs: net:u_data_mem/_18152_ net:u_data_mem/_34924_
	bbox = (581.6500, 880.5500) - (581.7500, 880.6500) on Layer M3
violation type: Short
	srcs: net:u_riscv_top/divider/_1423_ net:u_riscv_top/u_bridge_core_to_div/_006_
	bbox = (581.8500, 304.7500) - (581.9500, 304.8500) on Layer M3
violation type: Short
	srcs: net:u_riscv_top/h1[8] net:u_riscv_top/ALU/_07_
	bbox = (581.8500, 402.9500) - (581.9500, 403.0500) on Layer M3
violation type: Short
	srcs: net:u_riscv_top/h1[8] net:u_riscv_top/h2[29]
	bbox = (581.8500, 403.1500) - (581.9500, 403.2500) on Layer M3
violation type: Short
	srcs: net:u_riscv_top/CSR_Register/CSR_WD_r[16] net:u_riscv_top/CSR_Register/_1140_
	bbox = (581.9495, 478.1500) - (581.9505, 478.2500) on Layer M3
violation type: Short
	srcs: net:u_data_mem/_35600_ net:u_data_mem/_37228_
	bbox = (581.9495, 722.9500) - (581.9505, 723.0500) on Layer M3
violation type: Short
	srcs: net:u_riscv_top/mux8_1/_607_ net:u_riscv_top/u_bridge_core_to_div/net2076
	bbox = (581.9500, 280.7500) - (582.0500, 280.8500) on Layer M3
violation type: Short
	srcs: net:u_riscv_top/mux8_1/_602_ net:u_riscv_top/mux8_1/_607_
	bbox = (581.9500, 280.9500) - (582.0500, 281.0500) on Layer M3
violation type: Short
	srcs: net:u_riscv_top/AluSrcB[0] net:u_riscv_top/pipeline_reg1/net1083
	bbox = (581.9500, 437.9500) - (582.0500, 438.0500) on Layer M3
violation type: Short
	srcs: net:u_riscv_top/TICK net:u_riscv_top/CSR_Register/_1405_
	bbox = (581.9500, 513.9500) - (582.0500, 514.0500) on Layer M3
violation type: Short
	srcs: net:mem_wdata[26] net:u_data_mem/bank2\[4\][24]
	bbox = (581.9500, 568.9500) - (582.0500, 569.0500) on Layer M3
violation type: Short
	srcs: net:u_data_mem/_18260_ net:u_data_mem/_35583_
	bbox = (581.9500, 692.3500) - (582.0500, 692.4500) on Layer M3
violation type: Short
	srcs: net:u_data_mem/_35533_ net:u_data_mem/_41217_
	bbox = (581.9500, 735.5500) - (582.0500, 735.6500) on Layer M3
violation type: Short
	srcs: net:u_data_mem/_36236_ net:u_data_mem/_37749_
	bbox = (582.0500, 942.7500) - (582.1500, 942.8500) on Layer M3
violation type: Short
	srcs: net:u_riscv_top/muxB2[15] net:u_riscv_top/CSR_Register/net2225
	bbox = (582.2100, 486.5500) - (582.7300, 486.6500) on Layer M3
violation type: Short
	srcs: net:u_riscv_top/h1[8] net:u_riscv_top/ALU/_07_
	bbox = (582.2500, 402.9500) - (582.3500, 403.0500) on Layer M3
violation type: Short
	srcs: net:u_riscv_top/stallF net:u_riscv_top/CSR_Register/spi_q
	bbox = (582.2500, 514.5500) - (582.3500, 514.6500) on Layer M3
violation type: Short
	srcs: net:u_riscv_top/CSR_Register/spi_q net:u_riscv_top/CSR_Register/net903
	bbox = (582.2500, 514.7500) - (582.3500, 514.8500) on Layer M3
violation type: Short
	srcs: net:u_data_mem/_18206_ net:u_data_mem/_41138_
	bbox = (582.2500, 577.9500) - (582.3500, 578.0500) on Layer M3
violation type: Short
	srcs: net:mem_wdata[14] net:u_data_mem/_41222_
	bbox = (582.2500, 737.1500) - (582.3500, 737.2500) on Layer M3
violation type: Short
	srcs: net:u_data_mem/_18257_ net:u_data_mem/_40080_
	bbox = (582.6500, 676.5500) - (582.7500, 676.6500) on Layer M3
violation type: Short
	srcs: net:u_data_mem/_40900_ net:u_data_mem/bank3\[52\][16]
	bbox = (582.6500, 969.9500) - (582.7500, 970.0500) on Layer M3
violation type: Short
	srcs: net:u_data_mem/_19092_ net:u_data_mem/_39765_
	bbox = (583.2500, 979.5500) - (583.3500, 979.6500) on Layer M3
violation type: Short
	srcs: net:u_data_mem/_19092_ net:u_data_mem/_39765_
	bbox = (583.2500, 979.5500) - (583.3900, 979.6500) on Layer M3
violation type: Short
	srcs: net:u_data_mem/_35536_ net:u_data_mem/_39765_
	bbox = (583.6500, 979.5500) - (583.7500, 979.6500) on Layer M3
violation type: Short
	srcs: net:u_riscv_top/CSR_Register/_1416_ net:u_riscv_top/CSR_Register/net849
	bbox = (583.8100, 502.7500) - (584.3300, 502.8500) on Layer M3
violation type: Short
	srcs: net:u_data_mem/_35546_ net:u_data_mem/_41164_
	bbox = (584.2500, 999.1500) - (584.3500, 999.2500) on Layer M3
violation type: Short
	srcs: net:u_riscv_top/net476 net:u_riscv_top/net493
	bbox = (586.0500, 527.1500) - (586.1500, 527.2500) on Layer M3
violation type: Short
	srcs: net:u_riscv_top/CSR_Register/_1140_ net:u_riscv_top/CSR_Register/trap_r
	bbox = (586.2100, 501.5500) - (586.7300, 501.6500) on Layer M3
violation type: Short
	srcs: net:u_data_mem/_35532_ net:u_data_mem/_41254_
	bbox = (586.4500, 541.3500) - (586.5500, 541.4500) on Layer M3
violation type: Short
	srcs: net:WD5_sim[9] net:u_riscv_top/muxB2[31]
	bbox = (586.6500, 511.3500) - (586.7500, 511.4500) on Layer M3
violation type: Short
	srcs: net:u_riscv_top/ALU/alu/_1943_ net:u_riscv_top/ALU/alu/_1999_
	bbox = (587.6100, 371.7500) - (587.8200, 371.8500) on Layer M3
violation type: Short
	srcs: net:u_riscv_top/ALU/alu/_1943_ net:u_riscv_top/ALU/alu/_1999_
	bbox = (587.6500, 371.7500) - (587.7500, 371.8500) on Layer M3
violation type: Short
	srcs: net:u_riscv_top/ALU/alu/_1999_ net:u_riscv_top/ALU/alu/_2270_
	bbox = (587.6500, 371.9500) - (587.7500, 372.0500) on Layer M3
violation type: Short
	srcs: net:u_data_mem/_40340_ net:clknet_10_427__leaf_clk
	bbox = (588.8500, 702.1500) - (588.9500, 702.2500) on Layer M3
violation type: Short
	srcs: net:u_riscv_top/ALU/alu/_2264_ net:u_riscv_top/ALU/alu/_2586_
	bbox = (589.2500, 370.9500) - (589.3500, 371.0500) on Layer M3
violation type: Short
	srcs: net:u_riscv_top/AluSrcB[2] net:u_riscv_top/muxB3[11]
	bbox = (590.0100, 438.5500) - (590.5300, 438.6500) on Layer M3
violation type: Short
	srcs: net:u_data_mem/_18164_ net:u_data_mem/_36241_
	bbox = (590.4500, 917.5500) - (590.5500, 917.6500) on Layer M3
violation type: Short
	srcs: net:u_riscv_top/h2[28] net:u_riscv_top/divider/_1204_
	bbox = (591.0500, 330.9500) - (591.1500, 331.0500) on Layer M3
violation type: Short
	srcs: net:u_riscv_top/muxB5[12] net:u_riscv_top/mux3/_0823_
	bbox = (591.2500, 437.5500) - (591.3500, 437.6500) on Layer M3
violation type: Short
	srcs: net:A3_sim[2] net:u_riscv_top/u_bridge_div_to_core/_173_
	bbox = (593.0500, 256.9500) - (593.1500, 257.0500) on Layer M3
violation type: Short
	srcs: net:u_data_mem/_18709_ net:u_data_mem/_37969_
	bbox = (593.6500, 898.3500) - (593.7500, 898.4500) on Layer M3
violation type: Short
	srcs: net:u_data_mem/_35760_ net:u_data_mem/_41141_
	bbox = (593.8500, 962.7500) - (593.9500, 962.8500) on Layer M3
violation type: Short
	srcs: net:u_riscv_top/CSR_Register/_1399_ net:u_riscv_top/pipeline_register3/_223_
	bbox = (594.8500, 496.9500) - (594.9500, 497.0500) on Layer M3
violation type: Short
	srcs: net:u_data_mem/_20844_ net:u_data_mem/_35544_
	bbox = (594.8500, 629.9500) - (594.9500, 630.0500) on Layer M3
violation type: Short
	srcs: net:u_data_mem/_35549_ net:u_data_mem/_36282_
	bbox = (596.0500, 908.7500) - (596.1500, 908.8500) on Layer M3
violation type: Short
	srcs: net:u_riscv_top/CSR_Register/_1408_ net:u_riscv_top/pipeline_register3/_218_
	bbox = (596.2500, 519.5500) - (596.3500, 519.6500) on Layer M3
violation type: Short
	srcs: net:u_riscv_top/CSR_Register/_1484_ net:u_riscv_top/CSR_Register/_1522_
	bbox = (596.4500, 501.9500) - (596.5500, 502.0500) on Layer M3
violation type: Short
	srcs: net:u_riscv_top/CSR_Register/_1484_ net:u_riscv_top/net330
	bbox = (596.4500, 502.1500) - (596.5500, 502.2500) on Layer M3
violation type: Short
	srcs: net:mem_wdata[1] net:u_data_mem/_38593_
	bbox = (596.6500, 694.5500) - (596.7500, 694.6500) on Layer M3
violation type: Short
	srcs: net:u_data_mem/_40897_ net:u_data_mem/_40900_
	bbox = (597.8500, 969.9500) - (597.9500, 970.0500) on Layer M3
violation type: Short
	srcs: net:u_riscv_top/ALU/alu/_1942_ net:u_riscv_top/ALU/alu/_2533_
	bbox = (599.0500, 372.5500) - (599.1500, 372.6500) on Layer M3
violation type: Short
	srcs: net:u_data_mem/_20941_ net:u_data_mem/_36107_
	bbox = (600.6500, 754.1500) - (600.7500, 754.2500) on Layer M3
violation type: Short
	srcs: net:u_riscv_top/u_bridge_core_to_div/_032_ net:u_riscv_top/u_bridge_core_to_div/net2126
	bbox = (600.8500, 340.3500) - (600.9500, 340.4500) on Layer M3
violation type: Short
	srcs: net:u_data_mem/_36729_ net:u_data_mem/_41064_
	bbox = (601.2500, 730.9500) - (601.3500, 731.0500) on Layer M3
violation type: Short
	srcs: net:u_data_mem/_35534_ net:clknet_10_428__leaf_clk
	bbox = (601.4500, 721.7500) - (601.5500, 721.8500) on Layer M3
violation type: Short
	srcs: net:u_riscv_top/divider/_1390_ net:u_riscv_top/divider/_1448_
	bbox = (601.8500, 305.7500) - (601.9500, 305.8500) on Layer M3
violation type: Short
	srcs: net:u_riscv_top/CSR_Register/_1411_ net:u_riscv_top/CSR_Register/spi_q
	bbox = (601.8500, 478.3500) - (601.9500, 478.4500) on Layer M3
violation type: Short
	srcs: net:u_riscv_top/CSR_Register/_1347_ net:u_riscv_top/net467
	bbox = (601.8500, 479.9500) - (601.9500, 480.0500) on Layer M3
violation type: Short
	srcs: net:u_riscv_top/CSR_Register/_1411_ net:u_riscv_top/CSR_Register/net928
	bbox = (602.4500, 478.3500) - (602.5500, 478.4500) on Layer M3
violation type: Short
	srcs: net:u_riscv_top/mux3/_0699_ net:u_riscv_top/mux3/_0701_
	bbox = (602.6500, 441.1500) - (602.7500, 441.2500) on Layer M3
violation type: Short
	srcs: net:u_riscv_top/mux3/_0696_ net:u_riscv_top/mux3/_0701_
	bbox = (602.6500, 441.3500) - (602.7500, 441.4500) on Layer M3
violation type: Short
	srcs: net:mem_wdata[5] net:u_data_mem/_41151_
	bbox = (602.6500, 862.3500) - (602.7500, 862.4500) on Layer M3
violation type: Short
	srcs: net:u_riscv_top/div_result_md[30] net:u_riscv_top/divider/_0980_
	bbox = (602.9500, 270.9500) - (603.0500, 271.0500) on Layer M3
violation type: Short
	srcs: net:u_riscv_top/ALU/alu/_2264_ net:u_riscv_top/ALU/alu/_2498_
	bbox = (602.9500, 387.1500) - (603.0500, 387.2500) on Layer M3
violation type: Short
	srcs: net:u_riscv_top/ALU/alu/_2485_ net:u_riscv_top/ALU/alu/_2500_
	bbox = (602.9500, 390.3500) - (603.0500, 390.4500) on Layer M3
violation type: Short
	srcs: net:u_riscv_top/AluSrcA net:u_riscv_top/ALU/alu/_1959_
	bbox = (602.9500, 430.5500) - (603.0500, 430.6500) on Layer M3
violation type: Short
	srcs: net:u_data_mem/_35551_ net:u_data_mem/_40057_
	bbox = (602.9500, 649.7500) - (603.0500, 649.8500) on Layer M3
violation type: Short
	srcs: net:mem_wdata[1] net:mem_wdata[22]
	bbox = (602.9500, 683.5500) - (603.0500, 683.6500) on Layer M3
violation type: Short
	srcs: net:mem_wdata[1] net:mem_wdata[24]
	bbox = (602.9500, 683.7500) - (603.0500, 683.8500) on Layer M3
violation type: Short
	srcs: net:u_data_mem/_18263_ net:u_data_mem/_36729_
	bbox = (602.9500, 731.1500) - (603.0500, 731.2500) on Layer M3
violation type: Short
	srcs: net:u_data_mem/_36848_ net:u_data_mem/_41437_
	bbox = (602.9500, 800.9500) - (603.0500, 801.0500) on Layer M3
violation type: Short
	srcs: net:u_riscv_top/AluSrcA net:u_riscv_top/ALU/alu/_1959_
	bbox = (603.0495, 430.3500) - (603.0505, 430.4500) on Layer M3
violation type: Short
	srcs: net:u_riscv_top/AluSrcA net:u_riscv_top/ALU/alu/_1959_
	bbox = (603.0495, 430.3500) - (603.0505, 430.6500) on Layer M3
violation type: Short
	srcs: net:u_riscv_top/muxB6[20] net:u_riscv_top/mux3/_0706_
	bbox = (603.2500, 442.7500) - (603.3500, 442.8500) on Layer M3
violation type: Short
	srcs: net:u_riscv_top/muxB4[11] net:u_riscv_top/muxB6[20]
	bbox = (603.2500, 442.9500) - (603.3500, 443.0500) on Layer M3
violation type: Short
	srcs: net:u_riscv_top/muxB5[12] net:u_riscv_top/muxB6[20]
	bbox = (603.2500, 443.1500) - (603.3500, 443.2500) on Layer M3
violation type: Short
	srcs: net:rst net:u_data_mem/_41404_
	bbox = (603.2500, 622.3500) - (603.3500, 622.4500) on Layer M3
violation type: Short
	srcs: net:u_data_mem/_35581_ net:u_data_mem/_37974_
	bbox = (603.2500, 912.7500) - (603.3500, 912.8500) on Layer M3
violation type: Short
	srcs: net:u_data_mem/_18169_ net:u_data_mem/_38936_
	bbox = (603.2500, 999.3500) - (603.3500, 999.4500) on Layer M3
violation type: Short
	srcs: net:u_data_mem/_35567_ net:u_data_mem/_41371_
	bbox = (603.6500, 916.3500) - (603.7500, 916.4500) on Layer M3
violation type: Short
	srcs: net:u_riscv_top/ALU/alu/_2386_ net:u_riscv_top/ALU/alu/_2392_
	bbox = (604.2500, 379.5500) - (604.3500, 379.6500) on Layer M3
violation type: Short
	srcs: net:u_data_mem/_18522_ net:u_data_mem/_36501_
	bbox = (605.6500, 834.9500) - (605.7500, 835.0500) on Layer M3
violation type: Short
	srcs: net:u_data_mem/_20204_ net:u_data_mem/_41058_
	bbox = (605.8500, 564.9500) - (605.9500, 565.0500) on Layer M3
violation type: Short
	srcs: net:mem_wdata[1] net:u_data_mem/_35747_
	bbox = (606.0500, 883.9500) - (606.1500, 884.0500) on Layer M3
violation type: Short
	srcs: net:u_riscv_top/ALU/alu/_2220_ net:u_riscv_top/ALU/alu/_2441_
	bbox = (606.6500, 388.9500) - (606.7500, 389.0500) on Layer M3
violation type: Short
	srcs: net:u_riscv_top/controller/_1126_ net:u_riscv_top/pipeline_register3/_218_
	bbox = (606.6500, 520.3500) - (606.7500, 520.4500) on Layer M3
violation type: Short
	srcs: net:u_riscv_top/ALU/alu/_2407_ net:u_riscv_top/ALU/alu/_2464_
	bbox = (607.2500, 394.3500) - (607.3500, 394.4500) on Layer M3
violation type: Short
	srcs: net:mem_wdata[2] net:u_data_mem/_41260_
	bbox = (608.8500, 913.9500) - (608.9500, 914.0500) on Layer M3
violation type: Short
	srcs: net:u_riscv_top/muxB7[25] net:u_riscv_top/ALU/alu/_1959_
	bbox = (609.6500, 430.3500) - (609.7500, 430.4500) on Layer M3
violation type: Short
	srcs: net:u_data_mem/_35539_ net:u_data_mem/_35549_
	bbox = (609.8100, 652.5500) - (610.3300, 652.6500) on Layer M3
violation type: Short
	srcs: net:mem_wdata[0] net:u_data_mem/_41153_
	bbox = (610.2500, 874.3500) - (610.3500, 874.4500) on Layer M3
violation type: Short
	srcs: net:mem_wdata[30] net:u_data_mem/_35533_
	bbox = (610.6500, 953.5500) - (610.7500, 953.6500) on Layer M3
violation type: Short
	srcs: net:u_riscv_top/mux8_1/_647_ net:u_riscv_top/mux8_1/_652_
	bbox = (611.8500, 289.5500) - (611.9500, 289.6500) on Layer M3
violation type: Short
	srcs: net:u_riscv_top/fp_add_done_synced net:u_riscv_top/divider/_1678_
	bbox = (612.8500, 334.5500) - (612.9500, 334.6500) on Layer M3
violation type: Short
	srcs: net:WD5_sim[2] net:u_riscv_top/CSR_Register/mcycle[15]
	bbox = (612.8500, 487.9500) - (612.9500, 488.0500) on Layer M3
violation type: Short
	srcs: net:u_riscv_top/ALU/alu/_2229_ net:u_riscv_top/ALU/alu/_2283_
	bbox = (613.2500, 367.5500) - (613.3500, 367.6500) on Layer M3
violation type: Short
	srcs: net:u_riscv_top/ALU/alu/_2247_ net:u_riscv_top/ALU/alu/_2585_
	bbox = (615.6500, 370.7500) - (615.7500, 370.8500) on Layer M3
violation type: Short
	srcs: net:u_riscv_top/ALU/alu/_2264_ net:u_riscv_top/ALU/alu/_2445_
	bbox = (616.0500, 387.1500) - (616.1500, 387.2500) on Layer M3
violation type: Short
	srcs: net:mem_addr[2] net:u_data_mem/_41254_
	bbox = (616.0500, 541.9500) - (616.1500, 542.0500) on Layer M3
violation type: Short
	srcs: net:u_riscv_top/ALU/alu/_2251_ net:u_riscv_top/ALU/alu/_2441_
	bbox = (616.6500, 388.9500) - (616.7500, 389.0500) on Layer M3
violation type: Short
	srcs: net:u_riscv_top/ALU/alu/_2485_ net:u_riscv_top/ALU/alu/_2500_
	bbox = (616.6500, 390.5500) - (616.7500, 390.6500) on Layer M3
violation type: Short
	srcs: net:u_data_mem/_35533_ net:u_data_mem/_39706_
	bbox = (617.6500, 849.5500) - (617.7500, 849.6500) on Layer M3
violation type: Short
	srcs: net:u_data_mem/_35546_ net:u_data_mem/_41043_
	bbox = (617.6500, 897.9500) - (617.7500, 898.0500) on Layer M3
violation type: Short
	srcs: net:u_riscv_top/ALU/alu/_2267_ net:u_riscv_top/ALU/alu/_2269_
	bbox = (618.6500, 415.5500) - (618.7500, 415.6500) on Layer M3
violation type: Short
	srcs: net:u_data_mem/_19002_ net:u_data_mem/_37506_
	bbox = (618.6500, 951.9500) - (618.7500, 952.0500) on Layer M3
violation type: Short
	srcs: net:u_data_mem/_35542_ net:u_data_mem/_41062_
	bbox = (619.0500, 737.7500) - (619.1500, 737.8500) on Layer M3
violation type: Short
	srcs: net:u_riscv_top/muxB7[25] net:u_riscv_top/ALU/alu/_1959_
	bbox = (619.4500, 429.9500) - (619.5500, 430.0500) on Layer M3
violation type: Short
	srcs: net:u_data_mem/_41043_ net:u_data_mem/bank3\[38\][29]
	bbox = (620.2500, 880.3500) - (620.3500, 880.4500) on Layer M3
violation type: Short
	srcs: net:u_data_mem/_18262_ net:u_data_mem/_22015_
	bbox = (620.4500, 721.5500) - (620.5500, 721.6500) on Layer M3
violation type: Short
	srcs: net:u_riscv_top/divider/_1068_ net:u_riscv_top/divider/_1381_
	bbox = (620.6500, 300.7500) - (620.7500, 300.8500) on Layer M3
violation type: Short
	srcs: net:u_riscv_top/_238_ net:u_riscv_top/net1972
	bbox = (620.8500, 253.5500) - (620.9500, 253.6500) on Layer M3
violation type: Short
	srcs: net:riscv_trans_done net:u_riscv_top/net407
	bbox = (620.8500, 492.9500) - (620.9500, 493.0500) on Layer M3
violation type: Short
	srcs: net:u_data_mem/_37022_ net:clknet_10_415__leaf_clk
	bbox = (621.4500, 615.7500) - (621.5500, 615.8500) on Layer M3
violation type: Short
	srcs: net:u_riscv_top/CSR_Register/_1287_ net:u_riscv_top/CSR_Register/trap_r
	bbox = (623.6100, 510.9500) - (624.0500, 511.0500) on Layer M3
violation type: Short
	srcs: net:mem_addr[0] net:u_data_mem/_39077_
	bbox = (623.6500, 571.7500) - (623.7500, 571.8500) on Layer M3
violation type: Short
	srcs: net:u_riscv_top/ALU/alu/_2463_ net:u_riscv_top/ALU/alu/_2500_
	bbox = (623.8500, 390.7500) - (623.9500, 390.8500) on Layer M3
violation type: Short
	srcs: net:u_riscv_top/ALU/alu/_2425_ net:u_riscv_top/ALU/alu/_2463_
	bbox = (623.8500, 390.9500) - (623.9500, 391.0500) on Layer M3
violation type: Short
	srcs: net:u_riscv_top/CSR_Register/_1399_ net:u_riscv_top/CSR_Register/_1416_
	bbox = (623.8500, 519.9500) - (623.9500, 520.0500) on Layer M3
violation type: Short
	srcs: net:i_decode[24] net:u_riscv_top/ALU/alu/_2269_
	bbox = (623.9495, 415.9500) - (623.9505, 416.2500) on Layer M3
violation type: Short
	srcs: net:i_decode[24] net:u_riscv_top/ALU/alu/_2269_
	bbox = (623.9495, 416.1500) - (623.9505, 416.2500) on Layer M3
violation type: Short
	srcs: net:u_riscv_top/CSR_Register/_1408_ net:u_riscv_top/CSR_Register/net808
	bbox = (623.9495, 484.3500) - (623.9505, 484.4500) on Layer M3
violation type: Short
	srcs: net:u_riscv_top/divider/_1589_ net:u_riscv_top/mux8_1/_615_
	bbox = (623.9500, 257.5500) - (624.0500, 257.6500) on Layer M3
violation type: Short
	srcs: net:u_riscv_top/ALU/alu/_2264_ net:u_riscv_top/ALU/alu/_2445_
	bbox = (623.9500, 387.5500) - (624.0500, 387.6500) on Layer M3
violation type: Short
	srcs: net:u_riscv_top/ALU/alu/_2407_ net:u_riscv_top/ALU/alu/_2468_
	bbox = (623.9500, 394.3500) - (624.0500, 394.4500) on Layer M3
violation type: Short
	srcs: net:i_decode[24] net:u_riscv_top/ALU/alu/_2269_
	bbox = (623.9500, 415.9500) - (624.0500, 416.0500) on Layer M3
violation type: Short
	srcs: net:u_riscv_top/CSR_Register/_1287_ net:u_riscv_top/CSR_Register/trap_r
	bbox = (623.9500, 510.9500) - (624.0500, 511.0500) on Layer M3
violation type: Short
	srcs: net:u_data_mem/_35533_ net:u_data_mem/_39706_
	bbox = (623.9500, 849.7500) - (624.0500, 849.8500) on Layer M3
violation type: Short
	srcs: net:u_riscv_top/stallF net:u_riscv_top/pipeline_reg2/net285
	bbox = (624.0500, 467.5500) - (624.1500, 467.6500) on Layer M3
violation type: Short
	srcs: net:mem_wdata[31] net:u_data_mem/_35536_
	bbox = (624.0500, 915.3500) - (624.1500, 915.4500) on Layer M3
violation type: Short
	srcs: net:u_riscv_top/ALU/alu/_2229_ net:u_riscv_top/ALU/alu/_2375_
	bbox = (624.2500, 359.1500) - (624.3500, 359.2500) on Layer M3
violation type: Short
	srcs: net:u_data_mem/_18151_ net:u_data_mem/_37740_
	bbox = (624.2500, 870.7500) - (624.3500, 870.8500) on Layer M3
violation type: Short
	srcs: net:u_riscv_top/div_req_data_b[63] net:u_riscv_top/mux8_1/_672_
	bbox = (624.4500, 260.5500) - (624.5300, 260.6500) on Layer M3
violation type: Short
	srcs: net:u_riscv_top/mux8_1/_610_ net:u_riscv_top/mux8_1/_672_
	bbox = (624.4500, 260.7500) - (624.5500, 260.8500) on Layer M3
violation type: Short
	srcs: net:u_data_mem/_35601_ net:u_data_mem/_39074_
	bbox = (624.6100, 771.3500) - (625.1300, 771.4500) on Layer M3
violation type: Short
	srcs: net:u_riscv_top/ALU/alu/_2191_ net:u_riscv_top/ALU/alu/_2663_
	bbox = (624.6500, 406.1500) - (624.7500, 406.2500) on Layer M3
violation type: Short
	srcs: net:u_riscv_top/CSR_Register/_1176_ net:u_riscv_top/CSR_Register/_1282_
	bbox = (624.6500, 493.3500) - (624.7500, 493.4500) on Layer M3
violation type: Short
	srcs: net:u_data_mem/_35536_ net:u_data_mem/_36236_
	bbox = (624.6500, 942.9500) - (624.7500, 943.0500) on Layer M3
violation type: Short
	srcs: net:u_data_mem/_35601_ net:u_data_mem/_39074_
	bbox = (625.0500, 771.3500) - (625.1300, 771.4500) on Layer M3
violation type: Short
	srcs: net:u_riscv_top/ALU/alu/_1919_ net:u_riscv_top/ALU/alu/_2314_
	bbox = (625.2100, 405.5500) - (625.3900, 405.6500) on Layer M3
violation type: Short
	srcs: net:u_riscv_top/ALU/alu/_1919_ net:u_riscv_top/ALU/alu/_2314_
	bbox = (625.2500, 405.5500) - (625.3500, 405.6500) on Layer M3
violation type: Short
	srcs: net:u_riscv_top/ALU/alu/_1935_ net:u_riscv_top/ALU/alu/_2191_
	bbox = (625.8100, 406.5500) - (625.9900, 406.6500) on Layer M3
violation type: Short
	srcs: net:u_riscv_top/ALU/alu/_1919_ net:u_riscv_top/ALU/alu/_2663_
	bbox = (625.8500, 405.5500) - (625.9500, 405.6500) on Layer M3
violation type: Short
	srcs: net:SrcB_sim_i[3] net:u_riscv_top/ALU/alu/_2663_
	bbox = (625.8500, 405.7500) - (625.9500, 405.8500) on Layer M3
violation type: Short
	srcs: net:u_riscv_top/ALU/alu/_1935_ net:u_riscv_top/ALU/alu/_2191_
	bbox = (625.8500, 406.5500) - (625.9500, 406.6500) on Layer M3
violation type: Short
	srcs: net:u_data_mem/_35723_ net:u_data_mem/_38580_
	bbox = (626.0500, 606.3500) - (626.1500, 606.4500) on Layer M3
violation type: Short
	srcs: net:u_riscv_top/div_req_data_b[63] net:u_riscv_top/divider/rs1_latched[28]
	bbox = (626.4500, 262.7500) - (626.5500, 262.8500) on Layer M3
violation type: Short
	srcs: net:u_riscv_top/CSR_Register/_1525_ net:u_riscv_top/net337
	bbox = (628.0500, 501.9500) - (628.1500, 502.0500) on Layer M3
violation type: Short
	srcs: net:u_riscv_top/ALU/alu/_2418_ net:u_riscv_top/ALU/alu/_2441_
	bbox = (629.0500, 388.5500) - (629.1500, 388.6500) on Layer M3
violation type: Short
	srcs: net:u_data_mem/_35572_ net:u_data_mem/_35949_
	bbox = (629.6500, 820.9500) - (629.7500, 821.0500) on Layer M3
violation type: Short
	srcs: net:u_riscv_top/ALU/alu/_2191_ net:u_riscv_top/ALU/alu/_2265_
	bbox = (629.8500, 406.5500) - (629.9500, 406.6500) on Layer M3
violation type: Short
	srcs: net:u_riscv_top/muxB5[12] net:u_riscv_top/mux3/_0701_
	bbox = (629.8500, 439.3500) - (629.9500, 439.4500) on Layer M3
violation type: Short
	srcs: net:u_riscv_top/div_req_data_b[49] net:u_riscv_top/h1[10]
	bbox = (630.2500, 304.3500) - (630.3500, 304.4500) on Layer M3
violation type: Short
	srcs: net:SrcB_sim_i[1] net:u_riscv_top/ALU/alu/_2636_
	bbox = (630.2500, 397.7500) - (630.3500, 397.8500) on Layer M3
violation type: Short
	srcs: net:SrcB_sim_i[1] net:u_riscv_top/ALU/alu/_2636_
	bbox = (630.2500, 397.7500) - (630.5500, 397.8500) on Layer M3
violation type: Short
	srcs: net:SrcB_sim_i[1] net:u_riscv_top/ALU/alu/_2636_
	bbox = (630.4500, 397.7500) - (630.5500, 397.8500) on Layer M3
violation type: Short
	srcs: net:u_data_mem/_18255_ net:u_data_mem/_36908_
	bbox = (630.6500, 635.9500) - (630.7500, 636.0500) on Layer M3
violation type: Short
	srcs: net:u_riscv_top/ALU/alu/_2361_ net:u_riscv_top/ALU/alu/_2696_
	bbox = (631.0500, 371.3500) - (631.1500, 371.4500) on Layer M3
violation type: Short
	srcs: net:u_riscv_top/ALU/alu/_2361_ net:u_riscv_top/ALU/alu/_2696_
	bbox = (631.0500, 371.3500) - (631.5900, 371.4500) on Layer M3
violation type: Short
	srcs: net:u_riscv_top/ALU/alu/_2264_ net:u_riscv_top/ALU/alu/_2498_
	bbox = (631.2500, 387.5500) - (631.3500, 387.6500) on Layer M3
violation type: Short
	srcs: net:SrcB_sim_i[0] net:u_riscv_top/ALU/alu/_2558_
	bbox = (631.6500, 374.1500) - (631.7500, 374.2500) on Layer M3
violation type: Short
	srcs: net:u_riscv_top/CSR_Register/_1525_ net:u_riscv_top/CSR_Register/net2285
	bbox = (634.6500, 501.9500) - (634.7500, 502.0500) on Layer M3
violation type: Short
	srcs: net:u_data_mem/_19151_ net:u_data_mem/_35552_
	bbox = (635.2500, 978.9500) - (635.3500, 979.0500) on Layer M3
violation type: Short
	srcs: net:u_riscv_top/ALU/alu/_1934_ net:u_riscv_top/ALU/alu/_1936_
	bbox = (635.4500, 394.5500) - (635.5500, 394.6500) on Layer M3
violation type: Short
	srcs: net:u_riscv_top/ALU/int_alu_result[1] net:u_riscv_top/ALU/int_alu_result[2]
	bbox = (636.0500, 361.9500) - (636.1500, 362.0500) on Layer M3
violation type: Short
	srcs: net:u_riscv_top/div_req_data_b[63] net:u_riscv_top/u_bridge_core_to_div/_006_
	bbox = (637.6500, 262.5500) - (637.7500, 262.6500) on Layer M3
violation type: Short
	srcs: net:u_riscv_top/CSR_Register/_1290_ net:u_riscv_top/CSR_Register/mtvec1[11]
	bbox = (639.6500, 514.3500) - (639.7500, 514.4500) on Layer M3
violation type: Short
	srcs: net:rst net:u_riscv_top/pipeline_register3/_242_
	bbox = (639.8500, 494.5500) - (639.9500, 494.6500) on Layer M3
violation type: Short
	srcs: net:u_data_mem/_36282_ net:u_data_mem/_41153_
	bbox = (639.8500, 907.3500) - (639.9500, 907.4500) on Layer M3
violation type: Short
	srcs: net:u_data_mem/_35542_ net:u_data_mem/_41153_
	bbox = (639.8500, 907.7500) - (639.9500, 907.8500) on Layer M3
violation type: Short
	srcs: net:u_riscv_top/ALU/alu/_2392_ net:u_riscv_top/ALU/alu/_2419_
	bbox = (640.6500, 380.1500) - (640.7500, 380.2500) on Layer M3
violation type: Short
	srcs: net:u_riscv_top/CSR_Register/mcycle[12] net:u_riscv_top/CSR_Register/minstret[12]
	bbox = (640.8500, 499.9500) - (640.9500, 500.0500) on Layer M3
violation type: Short
	srcs: net:u_riscv_top/CSR_Register/mcycle[12] net:u_riscv_top/CSR_Register/minstret[12]
	bbox = (640.8500, 499.9500) - (641.1500, 500.0500) on Layer M3
violation type: Short
	srcs: net:u_riscv_top/CSR_Register/mcycle[12] net:u_riscv_top/CSR_Register/minstret[12]
	bbox = (641.0500, 499.9500) - (641.1500, 500.0500) on Layer M3
violation type: Short
	srcs: net:u_data_mem/_38150_ net:u_data_mem/bank3\[54\][26]
	bbox = (642.6500, 960.9500) - (642.7500, 961.0500) on Layer M3
violation type: Short
	srcs: net:u_data_mem/_35552_ net:u_data_mem/_40192_
	bbox = (643.2500, 978.5500) - (643.3500, 978.6500) on Layer M3
violation type: Short
	srcs: net:u_riscv_top/ALU/alu/_2468_ net:u_riscv_top/ALU/alu/_2497_
	bbox = (643.6500, 393.9500) - (643.7500, 394.0500) on Layer M3
violation type: Short
	srcs: net:u_riscv_top/fft/fft_core/_1973_ net:u_riscv_top/fft/fft_core/p1_3_i[5]
	bbox = (643.8500, 191.1500) - (643.9500, 191.2500) on Layer M3
violation type: Short
	srcs: net:u_riscv_top/ALU/alu/_2207_ net:u_riscv_top/ALU/alu/_2419_
	bbox = (643.8500, 379.9500) - (643.9500, 380.0500) on Layer M3
violation type: Short
	srcs: net:SrcA_sim_i[10] net:SrcA_sim_i[11]
	bbox = (644.2700, 407.7500) - (644.7900, 407.8500) on Layer M3
violation type: Short
	srcs: net:AluResultSrc[1] net:u_riscv_top/h2[5]
	bbox = (644.6500, 352.3500) - (644.7500, 352.4500) on Layer M3
violation type: Short
	srcs: net:start_div_sim net:u_riscv_top/h2[5]
	bbox = (644.6500, 352.5500) - (644.7500, 352.6500) on Layer M3
violation type: Short
	srcs: net:i_decode[31] net:u_riscv_top/muxB4[11]
	bbox = (644.6500, 441.1500) - (644.7500, 441.2500) on Layer M3
violation type: Short
	srcs: net:u_riscv_top/fft/fft_core/t2_2_i[3] net:u_riscv_top/u_bridge_fft_to_core/_0234_
	bbox = (644.8500, 208.9500) - (644.9500, 209.0500) on Layer M3
violation type: Short
	srcs: net:u_riscv_top/muxB4[11] net:u_riscv_top/mux3/_0701_
	bbox = (644.8500, 440.5500) - (644.9500, 440.6500) on Layer M3
violation type: Short
	srcs: net:u_riscv_top/muxB4[11] net:u_riscv_top/mux3/_0705_
	bbox = (644.8500, 440.7500) - (644.9500, 440.8500) on Layer M3
violation type: Short
	srcs: net:u_riscv_top/_239_ net:clknet_8_29_0_clk
	bbox = (644.9500, 181.5500) - (645.0500, 181.6500) on Layer M3
violation type: Short
	srcs: net:u_riscv_top/_238_ net:u_riscv_top/u_bridge_div_to_core/_006_
	bbox = (644.9500, 253.9500) - (645.0500, 254.0500) on Layer M3
violation type: Short
	srcs: net:i_decode[14] net:u_riscv_top/muxB7[29]
	bbox = (644.9500, 448.3500) - (645.0500, 448.4500) on Layer M3
violation type: Short
	srcs: net:u_data_mem/_35552_ net:u_data_mem/_40192_
	bbox = (644.9500, 978.9500) - (645.0500, 979.0500) on Layer M3
violation type: Short
	srcs: net:u_data_mem/_38342_ net:u_data_mem/_41260_
	bbox = (644.9500, 1002.7500) - (645.0500, 1002.8500) on Layer M3
violation type: Short
	srcs: net:u_riscv_top/ALU/alu/_2195_ net:u_riscv_top/ALU/alu/_2204_
	bbox = (645.2500, 395.7500) - (645.3500, 395.8500) on Layer M3
violation type: Short
	srcs: net:u_riscv_top/ALU/alu/_2253_ net:u_riscv_top/ALU/alu/_2259_
	bbox = (645.2500, 411.7500) - (645.3500, 411.8500) on Layer M3
violation type: Short
	srcs: net:u_data_mem/_21749_ net:u_data_mem/_37335_
	bbox = (645.2500, 611.7500) - (645.3500, 611.8500) on Layer M3
violation type: Short
	srcs: net:u_data_mem/_35539_ net:u_data_mem/_35567_
	bbox = (645.2500, 997.1500) - (645.3500, 997.2500) on Layer M3
violation type: Short
	srcs: net:mem_addr[2] net:u_data_mem/_38345_
	bbox = (645.2500, 1003.9500) - (645.3500, 1004.0500) on Layer M3
violation type: Short
	srcs: net:u_riscv_top/ALU/int_alu_result[2] net:u_riscv_top/ALU/alu/_2580_
	bbox = (645.4500, 362.3500) - (645.5500, 362.4500) on Layer M3
violation type: Short
	srcs: net:u_data_mem/_37740_ net:u_data_mem/bank3\[36\][3]
	bbox = (645.8500, 871.3500) - (645.9500, 871.4500) on Layer M3
violation type: Short
	srcs: net:u_riscv_top/ALU/int_alu_result[8] net:u_riscv_top/ALU/alu/_2580_
	bbox = (646.0700, 362.1500) - (646.1500, 362.2500) on Layer M3
violation type: Short
	srcs: net:u_riscv_top/fft/fft_core/_2607_ net:u_riscv_top/fft/fft_core/t1_3_i[2]
	bbox = (646.4500, 217.9500) - (646.5500, 218.0500) on Layer M3
violation type: Short
	srcs: net:u_data_mem/_35552_ net:u_data_mem/_40192_
	bbox = (647.0500, 978.9500) - (647.1500, 979.0500) on Layer M3
violation type: Short
	srcs: net:u_riscv_top/divider/_1292_ net:u_riscv_top/divider/_1458_
	bbox = (648.4500, 313.3500) - (648.5500, 313.4500) on Layer M3
violation type: Short
	srcs: net:u_data_mem/_38371_ net:u_data_mem/bank3\[33\][14]
	bbox = (648.8500, 907.3500) - (648.9500, 907.4500) on Layer M3
violation type: Short
	srcs: net:u_riscv_top/mux8_1/_602_ net:u_riscv_top/mux8_1/_607_
	bbox = (649.8500, 255.7500) - (649.9500, 255.8500) on Layer M3
violation type: Short
	srcs: net:A5_sim[1] net:u_riscv_top/fft/fft_core/_2292_
	bbox = (650.6500, 113.1500) - (650.7500, 113.2500) on Layer M3
violation type: Short
	srcs: net:clk_md net:u_riscv_top/ALU/alu/_2027_
	bbox = (651.4700, 412.9500) - (651.9900, 413.0500) on Layer M3
violation type: Short
	srcs: net:u_riscv_top/muxB4[11] net:u_riscv_top/muxB6[11]
	bbox = (652.6700, 440.1500) - (652.7500, 440.2500) on Layer M3
violation type: Short
	srcs: net:u_riscv_top/muxB4[11] net:u_riscv_top/muxB6[11]
	bbox = (652.6700, 440.1500) - (653.1900, 440.2500) on Layer M3
violation type: Short
	srcs: net:u_riscv_top/PC_NEXT_CSR[10] net:u_riscv_top/muxB2[0]
	bbox = (654.0500, 474.9500) - (654.1500, 475.0500) on Layer M3
violation type: Short
	srcs: net:i_decode[21] net:u_riscv_top/divider/_1287_
	bbox = (654.8500, 271.9500) - (654.9500, 272.0500) on Layer M3
violation type: Short
	srcs: net:u_riscv_top/fp_add_done_synced net:u_riscv_top/divider/_1685_
	bbox = (657.2500, 334.3500) - (657.3500, 334.4500) on Layer M3
violation type: Short
	srcs: net:u_riscv_top/fft/fft_core/_2206_ net:clknet_6_37__leaf_clk_fft
	bbox = (657.4500, 154.5500) - (657.5500, 154.6500) on Layer M3
violation type: Short
	srcs: net:u_riscv_top/divider/_1561_ net:u_riscv_top/mux8_1/_662_
	bbox = (660.4500, 268.1500) - (660.5500, 268.2500) on Layer M3
violation type: Short
	srcs: net:u_riscv_top/fp_add_done_synced net:u_riscv_top/h2[3]
	bbox = (661.0500, 334.5500) - (661.1500, 334.6500) on Layer M3
violation type: Short
	srcs: net:u_data_mem/_34832_ net:u_data_mem/_41209_
	bbox = (662.0500, 910.9500) - (662.1500, 911.0500) on Layer M3
violation type: Short
	srcs: net:u_riscv_top/CSR_Register/_1644_ net:u_riscv_top/controller/_1126_
	bbox = (663.2500, 520.1500) - (663.3500, 520.2500) on Layer M3
violation type: Short
	srcs: net:u_riscv_top/ALU/alu/_1858_ net:u_riscv_top/ALU/alu/_2229_
	bbox = (663.4500, 404.9500) - (663.5500, 405.0500) on Layer M3
violation type: Short
	srcs: net:u_riscv_top/mux3/_0702_ net:u_riscv_top/pipeline_reg1/net981
	bbox = (663.4500, 437.3500) - (663.5500, 437.4500) on Layer M3
violation type: Short
	srcs: net:u_riscv_top/ALU/alu/_1897_ net:u_riscv_top/mux3/_0762_
	bbox = (664.0100, 429.7500) - (664.3500, 429.8500) on Layer M3
violation type: Short
	srcs: net:u_riscv_top/ALU/alu/_2253_ net:u_riscv_top/ALU/alu/_2765_
	bbox = (664.2500, 412.3500) - (664.3500, 412.4500) on Layer M3
violation type: Short
	srcs: net:u_riscv_top/ALU/alu/_1897_ net:u_riscv_top/mux3/_0762_
	bbox = (664.2500, 429.7500) - (664.3500, 429.8500) on Layer M3
violation type: Short
	srcs: net:u_riscv_top/h2[2] net:u_riscv_top/divider/_1245_
	bbox = (665.0500, 330.9500) - (665.1500, 331.0500) on Layer M3
violation type: Short
	srcs: net:u_data_mem/_35534_ net:u_data_mem/_41071_
	bbox = (665.2500, 648.3500) - (665.3500, 648.4500) on Layer M3
violation type: Short
	srcs: net:SrcB_sim_i[0] net:u_riscv_top/ALU/alu/_1954_
	bbox = (665.9500, 373.3500) - (666.0500, 373.4500) on Layer M3
violation type: Short
	srcs: net:u_riscv_top/ALU/alu/_2099_ net:u_riscv_top/ALU/alu/_2257_
	bbox = (665.9500, 403.7500) - (666.0500, 403.8500) on Layer M3
violation type: Short
	srcs: net:u_riscv_top/fft/fft_core/_2096_ net:u_riscv_top/fft/fft_core/_2097_
	bbox = (666.2500, 75.9500) - (666.3500, 76.0500) on Layer M3
violation type: Short
	srcs: net:u_data_mem/_38834_ net:u_data_mem/_39695_
	bbox = (666.2500, 853.3500) - (666.3500, 853.4500) on Layer M3
violation type: Short
	srcs: net:u_riscv_top/ALU/int_alu_result[4] net:u_riscv_top/ALU/int_alu_result[7]
	bbox = (666.6500, 360.1500) - (666.7500, 360.2500) on Layer M3
violation type: Short
	srcs: net:u_riscv_top/muxB2[8] net:u_riscv_top/CSR_Register/_1282_
	bbox = (669.0500, 507.7500) - (669.1500, 507.8500) on Layer M3
violation type: Short
	srcs: net:u_riscv_top/h1[3] net:u_riscv_top/rst_core_n
	bbox = (669.8500, 294.9500) - (669.9500, 295.0500) on Layer M3
violation type: Short
	srcs: net:clknet_10_460__leaf_clk net:u_riscv_top/net161
	bbox = (670.2500, 509.5500) - (670.3500, 509.6500) on Layer M3
violation type: Short
	srcs: net:u_riscv_top/CSR_Register/spi_q net:u_riscv_top/CSR_Register/trap_r
	bbox = (670.6100, 507.9500) - (670.7900, 508.0500) on Layer M3
violation type: Short
	srcs: net:u_riscv_top/CSR_Register/spi_q net:u_riscv_top/CSR_Register/trap_r
	bbox = (670.6500, 507.9500) - (670.7500, 508.0500) on Layer M3
violation type: Short
	srcs: net:rst net:u_riscv_top/CSR_Register/net1016
	bbox = (671.2100, 515.1500) - (671.3300, 515.2500) on Layer M3
violation type: Short
	srcs: net:u_riscv_top/ALU/int_alu_result[4] net:u_riscv_top/ALU/int_alu_result[7]
	bbox = (671.2500, 359.9500) - (671.3500, 360.0500) on Layer M3
violation type: Short
	srcs: net:rst net:u_riscv_top/CSR_Register/net1016
	bbox = (671.2500, 515.1500) - (671.3300, 515.2500) on Layer M3
violation type: Short
	srcs: net:u_riscv_top/h1[3] net:u_riscv_top/divider/is_div_zero
	bbox = (674.4500, 294.7500) - (674.5500, 294.8500) on Layer M3
violation type: Short
	srcs: net:SrcB_sim_i[2] net:u_riscv_top/ALU/alu/_2049_
	bbox = (676.2500, 357.9500) - (676.3500, 358.0500) on Layer M3
violation type: Short
	srcs: net:u_riscv_top/muxB2[6] net:u_riscv_top/pipeline_reg2/_0472_
	bbox = (677.2700, 502.5500) - (677.3500, 502.6500) on Layer M3
violation type: Short
	srcs: net:u_riscv_top/muxB2[6] net:u_riscv_top/pipeline_reg2/_0472_
	bbox = (677.2700, 502.5500) - (677.3900, 502.6500) on Layer M3
violation type: Short
	srcs: net:u_riscv_top/u_bridge_core_to_div/_121_ net:u_riscv_top/u_bridge_core_to_div/_348_
	bbox = (677.4500, 348.9500) - (677.5500, 349.0500) on Layer M3
violation type: Short
	srcs: net:u_riscv_top/ALU/alu/_1760_ net:u_riscv_top/ALU/alu/_2269_
	bbox = (677.4500, 388.9500) - (677.5500, 389.0500) on Layer M3
violation type: Short
	srcs: net:u_data_mem/_41209_ net:u_data_mem/bank3\[15\][4]
	bbox = (677.4500, 979.3500) - (677.5500, 979.4500) on Layer M3
violation type: Short
	srcs: net:u_riscv_top/ALU/alu/_2122_ net:u_riscv_top/ALU/alu/_2137_
	bbox = (677.6500, 424.5500) - (677.7500, 424.6500) on Layer M3
violation type: Short
	srcs: net:u_riscv_top/CSR_Register/_1389_ net:u_riscv_top/CSR_Register/net720
	bbox = (681.0100, 502.5500) - (681.1900, 502.6500) on Layer M3
violation type: Short
	srcs: net:u_riscv_top/h2[3] net:u_riscv_top/divider/_1718_
	bbox = (681.0500, 334.5500) - (681.1500, 334.6500) on Layer M3
violation type: Short
	srcs: net:u_riscv_top/CSR_Register/_1389_ net:u_riscv_top/CSR_Register/net720
	bbox = (681.0500, 502.5500) - (681.1500, 502.6500) on Layer M3
violation type: Short
	srcs: net:AluResultSrc[2] net:u_riscv_top/divider/work[31]
	bbox = (681.2500, 277.3500) - (681.3500, 277.4500) on Layer M3
violation type: Short
	srcs: net:u_riscv_top/AluSrcB[0] net:u_riscv_top/pipeline_reg1/net938
	bbox = (683.8500, 439.3500) - (683.9500, 439.4500) on Layer M3
violation type: Short
	srcs: net:u_riscv_top/muxB2[1] net:u_riscv_top/CSR_Register/_1399_
	bbox = (684.6500, 480.7500) - (684.7500, 480.8500) on Layer M3
violation type: Short
	srcs: net:u_riscv_top/fft/fft_core/_2108_ net:u_riscv_top/fft/fft_core/_3510_
	bbox = (685.4500, 82.5500) - (685.5500, 82.6500) on Layer M3
violation type: Short
	srcs: net:AluResultSrc[2] net:u_riscv_top/divider/work[31]
	bbox = (686.2500, 277.3500) - (686.3500, 277.4500) on Layer M3
violation type: Short
	srcs: net:u_data_mem/_18125_ net:u_data_mem/_38923_
	bbox = (686.9500, 956.1500) - (687.0500, 956.2500) on Layer M3
violation type: Short
	srcs: net:u_riscv_top/muxB5[0] net:u_riscv_top/mux3/_0705_
	bbox = (687.0495, 433.9500) - (687.0505, 434.0500) on Layer M3
violation type: Short
	srcs: net:u_data_mem/_18125_ net:u_data_mem/_38923_
	bbox = (687.0495, 955.9500) - (687.0505, 956.0500) on Layer M3
violation type: Short
	srcs: net:u_data_mem/_18125_ net:u_data_mem/_38923_
	bbox = (687.0495, 955.9500) - (687.0505, 956.2500) on Layer M3
violation type: Short
	srcs: net:SrcB_sim_i[1] net:u_riscv_top/mux3/_0776_
	bbox = (687.2500, 416.3500) - (687.3500, 416.4500) on Layer M3
violation type: Short
	srcs: net:u_riscv_top/AluSrcB[2] net:u_riscv_top/mux3/_0696_
	bbox = (687.4500, 434.5500) - (687.5500, 434.6500) on Layer M3
violation type: Short
	srcs: net:u_riscv_top/muxB7[25] net:u_riscv_top/mux3/_0781_
	bbox = (687.8500, 430.3500) - (687.9500, 430.4500) on Layer M3
violation type: Short
	srcs: net:u_riscv_top/CSR_Register/_1287_ net:clknet_8_115_0_clk
	bbox = (689.2100, 501.5500) - (689.7300, 501.6500) on Layer M3
violation type: Short
	srcs: net:u_riscv_top/muxB6[6] net:u_riscv_top/controller/_0691_
	bbox = (701.0500, 433.5500) - (701.1500, 433.6500) on Layer M3
violation type: Short
	srcs: net:u_riscv_top/divider/_1639_ net:u_riscv_top/divider/state[2]
	bbox = (701.2500, 307.5500) - (701.3500, 307.6500) on Layer M3
violation type: Short
	srcs: net:u_riscv_top/CSR_Register/_1609_ net:u_riscv_top/CSR_Register/spi_q
	bbox = (701.2500, 502.3500) - (701.3500, 502.4500) on Layer M3
violation type: Short
	srcs: net:u_riscv_top/mux3/_0789_ net:u_riscv_top/pipeline_reg2/_0370_
	bbox = (702.6100, 432.3500) - (702.7300, 432.4500) on Layer M3
violation type: Short
	srcs: net:u_riscv_top/AluSrcB[2] net:u_riscv_top/mux3/_0696_
	bbox = (707.2500, 413.5500) - (707.3500, 413.6500) on Layer M3
violation type: Short
	srcs: net:u_riscv_top/CSR_Register/_1411_ net:u_riscv_top/CSR_Register/mepc[4]
	bbox = (707.8100, 501.1500) - (707.9900, 501.2500) on Layer M3
violation type: Short
	srcs: net:u_riscv_top/CSR_Register/_1411_ net:u_riscv_top/CSR_Register/_1471_
	bbox = (707.8500, 475.5500) - (707.9500, 475.6500) on Layer M3
violation type: Short
	srcs: net:u_riscv_top/CSR_Register/_1411_ net:u_riscv_top/CSR_Register/mepc[4]
	bbox = (707.8500, 501.1500) - (707.9500, 501.2500) on Layer M3
violation type: Short
	srcs: net:u_riscv_top/AluSrcB[2] net:u_riscv_top/muxB5[0]
	bbox = (707.9100, 413.5500) - (708.0900, 413.6500) on Layer M3
violation type: Short
	srcs: net:u_riscv_top/AluSrcB[2] net:u_riscv_top/muxB5[0]
	bbox = (707.9500, 413.5500) - (708.0500, 413.6500) on Layer M3
violation type: Short
	srcs: net:u_riscv_top/_253_ net:u_riscv_top/fft/fft_core/p2_7_i[4]
	bbox = (708.0500, 170.3500) - (708.1500, 170.4500) on Layer M3
violation type: Short
	srcs: net:u_riscv_top/_253_ net:u_riscv_top/fft/fft_core/p2_7_i[4]
	bbox = (708.0500, 170.3500) - (708.3500, 170.4500) on Layer M3
violation type: Short
	srcs: net:u_riscv_top/_253_ net:u_riscv_top/fft/fft_core/p2_7_i[4]
	bbox = (708.2500, 170.3500) - (708.3500, 170.4500) on Layer M3
violation type: Short
	srcs: net:rst net:u_riscv_top/CSR_Register/mstatus[7]
	bbox = (708.2500, 510.9500) - (708.3500, 511.0500) on Layer M3
violation type: Short
	srcs: net:u_riscv_top/CSR_Register/_1408_ net:u_riscv_top/CSR_Register/_1471_
	bbox = (708.4500, 475.3500) - (708.5500, 475.4500) on Layer M3
violation type: Short
	srcs: net:u_riscv_top/AluSrcA net:u_riscv_top/mux3/_0691_
	bbox = (711.0500, 424.5500) - (711.1500, 424.6500) on Layer M3
violation type: Short
	srcs: net:u_riscv_top/CSR_Register/_1287_ net:u_riscv_top/CSR_Register/mstatus[4]
	bbox = (711.0500, 499.9500) - (711.1500, 500.0500) on Layer M3
violation type: Short
	srcs: net:AluResultSrc[2] net:u_riscv_top/divider/work[31]
	bbox = (711.2500, 277.3500) - (711.3500, 277.4500) on Layer M3
violation type: Short
	srcs: net:riscv_trans_done net:u_riscv_top/CSR_Register/_0919_
	bbox = (716.2500, 493.3500) - (716.3500, 493.4500) on Layer M3
violation type: Short
	srcs: net:u_riscv_top/mux3/_0815_ net:u_riscv_top/net402
	bbox = (720.0500, 419.5500) - (720.1500, 419.6500) on Layer M3
violation type: Short
	srcs: net:u_riscv_top/muxB6[2] net:u_riscv_top/mux3/_0706_
	bbox = (721.0100, 418.3500) - (721.5300, 418.4500) on Layer M3
violation type: Short
	srcs: net:u_riscv_top/sign net:u_riscv_top/net485
	bbox = (724.2500, 406.5500) - (724.3500, 406.6500) on Layer M3
violation type: Short
	srcs: net:u_riscv_top/CSR_Register/_1416_ net:clknet_8_119_0_clk
	bbox = (728.9500, 502.7500) - (729.0500, 502.8500) on Layer M3
violation type: Short
	srcs: net:u_riscv_top/sign net:u_riscv_top/net485
	bbox = (729.8500, 406.5500) - (729.9500, 406.6500) on Layer M3
violation type: Short
	srcs: net:u_riscv_top/controller/state[0] net:clknet_10_303__leaf_clk
	bbox = (740.0500, 415.3500) - (740.1500, 415.4500) on Layer M3
violation type: Short
	srcs: net:u_riscv_top/controller/_1046_ net:u_riscv_top/controller/_1367_
	bbox = (742.2500, 434.7500) - (742.3500, 434.8500) on Layer M3
violation type: Short
	srcs: net:u_riscv_top/CSR_Register/_1409_ net:u_riscv_top/CSR_Register/_1416_
	bbox = (747.2500, 502.9500) - (747.3300, 503.0500) on Layer M3
violation type: Short
	srcs: net:u_riscv_top/controller/_1069_ net:u_riscv_top/controller/_1096_
	bbox = (749.6500, 451.5500) - (749.7500, 451.6500) on Layer M3
violation type: Short
	srcs: net:u_riscv_top/CSR_Register/_1400_ net:clknet_10_479__leaf_clk
	bbox = (750.6500, 505.5500) - (750.7500, 505.6500) on Layer M3
violation type: Short
	srcs: net:u_riscv_top/CSR_EN net:u_riscv_top/CSR_Register/CSR_addr_r[0]
	bbox = (750.8500, 501.9500) - (750.9500, 502.0500) on Layer M3
violation type: Short
	srcs: net:u_riscv_top/controller/_1161_ net:u_riscv_top/controller/state[0]
	bbox = (755.8500, 422.7500) - (755.9500, 422.8500) on Layer M3
violation type: Short
	srcs: net:i_decode[26] net:u_riscv_top/controller/_1063_
	bbox = (762.6500, 433.5500) - (762.7500, 433.6500) on Layer M3
violation type: Short
	srcs: net:u_riscv_top/controller/_0998_ net:u_riscv_top/controller/_0999_
	bbox = (770.9500, 460.1500) - (771.0500, 460.2500) on Layer M3
violation type: Short
	srcs: net:u_riscv_top/controller/_0844_ net:u_riscv_top/controller/_1280_
	bbox = (771.6500, 430.5500) - (771.7500, 430.6500) on Layer M3
violation type: Short
	srcs: net:imem/_2136_ net:u_riscv_top/net469
	bbox = (836.0500, 411.7500) - (836.1500, 411.8500) on Layer M3
violation type: Short
	srcs: net:imem/_4072_ net:u_riscv_top/controller/net2310
	bbox = (839.4500, 402.9500) - (839.5500, 403.0500) on Layer M3
violation type: Short
	srcs: net:imem/_2119_ net:u_riscv_top/controller/_0691_
	bbox = (846.0500, 415.5500) - (846.1500, 415.6500) on Layer M3
violation type: Short
	srcs: net:imem/_2135_ net:imem/_3557_
	bbox = (851.0500, 414.1500) - (851.1500, 414.2500) on Layer M3
violation type: Short
	srcs: net:imem/_3556_ net:imem/_3890_
	bbox = (854.9500, 324.5500) - (855.0500, 324.6500) on Layer M3
violation type: Short
	srcs: net:imem/_2135_ net:imem/_3557_
	bbox = (855.6500, 414.1500) - (855.7500, 414.2500) on Layer M3
violation type: Short
	srcs: net:imem_addr[2] net:u_riscv_top/net1077
	bbox = (857.6500, 376.3500) - (857.7500, 376.4500) on Layer M3
violation type: Short
	srcs: net:imem/_2125_ net:imem/_3698_
	bbox = (857.8500, 339.9500) - (857.9500, 340.0500) on Layer M3
violation type: Short
	srcs: net:imem/_2135_ net:imem/_3557_
	bbox = (858.8500, 414.1500) - (858.9500, 414.2500) on Layer M3
violation type: Short
	srcs: net:imem/mem\[12\][6] net:u_riscv_top/net485
	bbox = (864.8500, 406.7500) - (864.9500, 406.8500) on Layer M3
violation type: Short
	srcs: net:imem_addr[3] net:u_riscv_top/controller/_1021_
	bbox = (866.4500, 369.1500) - (866.5500, 369.2500) on Layer M3
violation type: Short
	srcs: net:imem_instr[6] net:imem/_2135_
	bbox = (869.8500, 414.1500) - (869.9500, 414.2500) on Layer M3
violation type: Short
	srcs: net:u_riscv_top/net252 net:u_riscv_top/controller/net2315
	bbox = (881.4500, 404.3500) - (881.5500, 404.4500) on Layer M3
violation type: Short
	srcs: net:imem/_2132_ net:u_riscv_top/controller/net1226
	bbox = (885.2500, 418.9500) - (885.3500, 419.0500) on Layer M3
violation type: Short
	srcs: net:imem/_3872_ net:u_riscv_top/controller/net2310
	bbox = (895.2500, 402.7500) - (895.3500, 402.8500) on Layer M3
violation type: Short
	srcs: net:imem/_3872_ net:u_riscv_top/controller/net2310
	bbox = (895.2500, 402.7500) - (895.5900, 402.8500) on Layer M3
violation type: Short
	srcs: net:im_wr_inst[11] net:imem/_2129_
	bbox = (897.2500, 423.9500) - (897.3500, 424.0500) on Layer M3
violation type: Short
	srcs: net:imem/mem\[11\][10] net:u_riscv_top/controller/net2320
	bbox = (903.8500, 402.9500) - (903.9500, 403.0500) on Layer M3
violation type: Short
	srcs: net:imem_addr[3] net:imem/_3559_
	bbox = (922.6500, 415.3500) - (922.7500, 415.4500) on Layer M3
violation type: Short
	srcs: net:imem/_4066_ net:imem/_4067_
	bbox = (929.6500, 376.1500) - (929.7500, 376.2500) on Layer M3
violation type: Short
	srcs: net:imem_addr[3] net:imem/_2136_
	bbox = (944.8500, 416.3500) - (944.9500, 416.4500) on Layer M3
violation type: Short
	srcs: net:u_riscv_top/controller/_1309_ net:u_riscv_top/net210
	bbox = (950.8500, 423.1500) - (950.9500, 423.2500) on Layer M3
violation type: Short
	srcs: net:imem/_2369_ net:u_riscv_top/fwdB[1]
	bbox = (954.6500, 345.7500) - (954.7500, 345.8500) on Layer M3
violation type: Short
	srcs: net:imem/_2109_ net:imem/_4050_
	bbox = (959.8500, 307.9500) - (959.9500, 308.0500) on Layer M3
violation type: Short
	srcs: net:imem/_2136_ net:u_riscv_top/controller/_0691_
	bbox = (960.2500, 415.5500) - (960.3500, 415.6500) on Layer M3
violation type: Short
	srcs: net:u_riscv_top/controller/_1021_ net:u_riscv_top/controller/_1322_
	bbox = (973.2500, 298.5500) - (973.3500, 298.6500) on Layer M3
violation type: Short
	srcs: net:imem/_2125_ net:u_riscv_top/controller/_1021_
	bbox = (974.4500, 298.7500) - (974.5500, 298.8500) on Layer M3
violation type: Short
	srcs: net:imem/_3559_ net:imem/_3795_
	bbox = (976.4500, 289.5500) - (976.5500, 289.6500) on Layer M3
violation type: Short
	srcs: net:imem/_2120_ net:imem/_3795_
	bbox = (979.8500, 290.1500) - (979.9500, 290.2500) on Layer M3
violation type: Short
	srcs: net:imem/_2120_ net:imem/_3795_
	bbox = (979.8500, 290.1500) - (980.1500, 290.2500) on Layer M3
violation type: Short
	srcs: net:imem/_2134_ net:imem/_4051_
	bbox = (979.8500, 413.7500) - (979.9500, 413.8500) on Layer M3
violation type: Short
	srcs: net:imem/_2120_ net:imem/_3795_
	bbox = (980.0500, 290.1500) - (980.1500, 290.2500) on Layer M3
violation type: Short
	srcs: net:imem/_3557_ net:imem/_3795_
	bbox = (980.4500, 290.1500) - (980.5500, 290.2500) on Layer M3
violation type: Short
	srcs: net:imem/_2132_ net:imem/_2135_
	bbox = (980.6500, 412.1500) - (980.7500, 412.2500) on Layer M3
violation type: Short
	srcs: net:imem/_3742_ net:imem/_3795_
	bbox = (980.8500, 290.3500) - (980.9500, 290.4500) on Layer M3
violation type: Short
	srcs: net:u_riscv_top/net1052 net:u_riscv_top/net2220
	bbox = (980.9500, 488.1500) - (981.0500, 488.2500) on Layer M3
violation type: Short
	srcs: net:A5_sim[4] net:u_riscv_top/controller/net2278
	bbox = (980.9500, 497.3500) - (980.9900, 497.4500) on Layer M3
violation type: Short
	srcs: net:A5_sim[1] net:WD5_sim[31]
	bbox = (985.0500, 485.9500) - (985.1500, 486.0500) on Layer M3
violation type: Short
	srcs: net:u_riscv_top/H/_164_ net:u_riscv_top/controller/net1816
	bbox = (986.0500, 483.9500) - (986.1500, 484.0500) on Layer M3
violation type: Short
	srcs: net:u_riscv_top/H/_162_ net:u_riscv_top/net2220
	bbox = (986.4500, 488.3500) - (986.5500, 488.4500) on Layer M3
violation type: Short
	srcs: net:u_riscv_top/H/_162_ net:u_riscv_top/net2220
	bbox = (986.4500, 488.3500) - (986.5900, 488.4500) on Layer M3
violation type: Short
	srcs: net:imem/_3557_ net:imem/_3742_
	bbox = (986.8500, 289.9500) - (986.9500, 290.0500) on Layer M3
violation type: Short
	srcs: net:u_riscv_top/CSR_Register/CSR_addr_r[10] net:u_riscv_top/net1024
	bbox = (1001.9500, 506.1500) - (1002.0500, 506.2500) on Layer M3
violation type: Short
	srcs: net:rst net:u_riscv_top/controller/net2218
	bbox = (1002.6500, 494.5500) - (1002.7500, 494.6500) on Layer M3
violation type: Short
	srcs: net:i_ex[29] net:u_riscv_top/controller/net2167
	bbox = (1009.2500, 492.9500) - (1009.3500, 493.0500) on Layer M3
violation type: Short
	srcs: net:u_riscv_top/controller/net2167 net:u_riscv_top/controller/net2326
	bbox = (1009.2500, 493.1500) - (1009.3500, 493.2500) on Layer M3
violation type: Short
	srcs: net:rst net:u_riscv_top/controller/net2326
	bbox = (1009.8500, 493.3500) - (1009.9500, 493.4500) on Layer M3
violation type: Short
	srcs: net:rst net:u_riscv_top/controller/net2326
	bbox = (1009.8500, 493.3500) - (1009.9500, 493.6500) on Layer M3
violation type: Short
	srcs: net:rst net:u_riscv_top/controller/net2326
	bbox = (1009.8500, 493.5500) - (1009.9500, 493.6500) on Layer M3
violation type: Short
	srcs: net:i_ex[31] net:u_riscv_top/net1052
	bbox = (1010.4700, 486.9500) - (1010.5500, 487.0500) on Layer M3
violation type: Short
	srcs: net:i_ex[11] net:u_riscv_top/net1239
	bbox = (1013.2500, 488.7500) - (1013.3500, 488.8500) on Layer M3
violation type: Short
	srcs: net:u_riscv_top/controller/_1026_ net:u_riscv_top/net364
	bbox = (1013.6500, 494.7500) - (1013.7500, 494.8500) on Layer M3
violation type: Short
	srcs: net:i_ex[29] net:u_riscv_top/controller/net365
	bbox = (1018.4500, 492.9500) - (1018.5500, 493.0500) on Layer M3
violation type: Short
	srcs: net:i_ex[11] net:i_ex[25]
	bbox = (1023.6500, 483.1500) - (1023.7500, 483.2500) on Layer M3
violation type: Short
	srcs: net:i_ex[25] net:clknet_10_381__leaf_clk
	bbox = (1023.6500, 483.3500) - (1023.7500, 483.4500) on Layer M3
violation type: Short
	srcs: net:clknet_8_128_0_clk net:net1672
	bbox = (64.4500, 494.3500) - (64.5500, 494.4500) on Layer M4
violation type: Short
	srcs: net:u_data_mem/_36047_ net:u_data_mem/_40386_
	bbox = (114.6500, 946.7500) - (114.7500, 946.8500) on Layer M4
violation type: Short
	srcs: net:u_data_mem/_36047_ net:u_data_mem/_37086_
	bbox = (114.8500, 938.9500) - (114.9500, 939.0500) on Layer M4
violation type: Short
	srcs: net:u_gpio/_1387_ net:u_gpio/_1401_
	bbox = (123.4500, 540.7500) - (123.5500, 540.8500) on Layer M4
violation type: Short
	srcs: net:u_gpio/_1387_ net:u_gpio/_1395_
	bbox = (124.6500, 516.5500) - (124.7500, 516.6500) on Layer M4
violation type: Short
	srcs: net:u_gpio/_1244_ net:u_gpio/int_enable_q[21]
	bbox = (131.4500, 540.3500) - (131.5500, 540.4500) on Layer M4
violation type: Short
	srcs: net:u_gpio/_1244_ net:u_gpio/int_enable_q[21]
	bbox = (131.4500, 540.3500) - (131.5500, 540.6500) on Layer M4
violation type: Short
	srcs: net:u_gpio/_1244_ net:u_gpio/int_enable_q[21]
	bbox = (131.4500, 540.5500) - (131.5500, 540.6500) on Layer M4
violation type: Short
	srcs: net:u_data_mem/_41226_ net:u_data_mem/_41232_
	bbox = (152.0500, 855.1500) - (152.1500, 855.2500) on Layer M4
violation type: Short
	srcs: net:u_data_mem/_35536_ net:u_data_mem/bank0\[47\][27]
	bbox = (156.8500, 959.5500) - (156.9500, 959.6500) on Layer M4
violation type: Short
	srcs: net:u_data_mem/_35536_ net:u_data_mem/bank0\[47\][27]
	bbox = (156.8500, 959.5500) - (156.9500, 959.8500) on Layer M4
violation type: Short
	srcs: net:u_data_mem/_35536_ net:u_data_mem/bank0\[47\][27]
	bbox = (156.8500, 959.7500) - (156.9500, 959.8500) on Layer M4
violation type: Short
	srcs: net:u_gpio/_1440_ net:u_gpio/_1532_
	bbox = (162.2500, 514.7500) - (162.3500, 514.8500) on Layer M4
violation type: Short
	srcs: net:u_riscv_top/multiplier/_08000_ net:u_riscv_top/multiplier/_08697_
	bbox = (163.0500, 330.3100) - (163.1500, 330.4500) on Layer M4
violation type: Short
	srcs: net:u_riscv_top/multiplier/_08000_ net:u_riscv_top/multiplier/_08697_
	bbox = (163.0500, 330.3500) - (163.1500, 330.4500) on Layer M4
violation type: Short
	srcs: net:u_riscv_top/multiplier/_09160_ net:u_riscv_top/multiplier/_09245_
	bbox = (166.2500, 266.5500) - (166.3500, 266.6500) on Layer M4
violation type: Short
	srcs: net:u_riscv_top/multiplier/_09160_ net:u_riscv_top/multiplier/_09245_
	bbox = (166.2500, 266.5500) - (166.3500, 267.0500) on Layer M4
violation type: Short
	srcs: net:u_riscv_top/multiplier/_09160_ net:u_riscv_top/multiplier/_09245_
	bbox = (166.2500, 266.9500) - (166.3500, 267.0500) on Layer M4
violation type: Short
	srcs: net:u_riscv_top/multiplier/_07549_ net:u_riscv_top/multiplier/_09245_
	bbox = (166.4500, 266.5500) - (166.5500, 266.6500) on Layer M4
violation type: Short
	srcs: net:mem_wdata[30] net:u_gpio/_1233_
	bbox = (166.4500, 456.1500) - (166.5500, 456.2500) on Layer M4
violation type: Short
	srcs: net:u_data_mem/_35583_ net:u_data_mem/_40233_
	bbox = (174.6500, 769.7500) - (174.7500, 769.8500) on Layer M4
violation type: Short
	srcs: net:u_gpio/_1378_ net:u_gpio/_1395_
	bbox = (181.6500, 560.9500) - (181.7500, 561.0500) on Layer M4
violation type: Short
	srcs: net:u_riscv_top/multiplier/_10211_ net:u_riscv_top/u_bridge_core_to_mult/net1537
	bbox = (196.8500, 434.9500) - (196.9500, 435.0500) on Layer M4
violation type: Short
	srcs: net:u_riscv_top/multiplier/_08522_ net:u_riscv_top/multiplier/_10350_
	bbox = (204.2500, 434.5500) - (204.3500, 434.6500) on Layer M4
violation type: Short
	srcs: net:u_data_mem/_39437_ net:u_data_mem/_41077_
	bbox = (204.6500, 922.1500) - (204.7500, 922.2500) on Layer M4
violation type: Short
	srcs: net:u_riscv_top/multiplier/_08603_ net:u_riscv_top/multiplier/_08631_
	bbox = (206.2500, 389.5500) - (206.3500, 389.6500) on Layer M4
violation type: Short
	srcs: net:mem_addr[2] net:u_data_mem/_36644_
	bbox = (206.4500, 875.9500) - (206.5500, 876.0500) on Layer M4
violation type: Short
	srcs: net:u_data_mem/_36644_ net:u_data_mem/_40949_
	bbox = (206.8500, 958.9500) - (206.9500, 959.0500) on Layer M4
violation type: Short
	srcs: net:u_data_mem/_36644_ net:u_data_mem/_40949_
	bbox = (206.8500, 958.9500) - (206.9500, 959.0900) on Layer M4
violation type: Short
	srcs: net:u_data_mem/_37638_ net:u_data_mem/_40976_
	bbox = (207.4500, 687.9500) - (207.5500, 688.0500) on Layer M4
violation type: Short
	srcs: net:u_data_mem/_35542_ net:u_data_mem/_37853_
	bbox = (211.4500, 834.1500) - (211.5500, 834.2500) on Layer M4
violation type: Short
	srcs: net:mem_wdata[1] net:u_data_mem/_18335_
	bbox = (221.6500, 729.9500) - (221.7500, 730.0500) on Layer M4
violation type: Short
	srcs: net:u_data_mem/_39015_ net:u_data_mem/_41160_
	bbox = (226.2500, 721.1500) - (226.3500, 721.2500) on Layer M4
violation type: Short
	srcs: net:u_data_mem/_36220_ net:u_data_mem/_40947_
	bbox = (232.6500, 707.9500) - (232.7500, 708.0500) on Layer M4
violation type: Short
	srcs: net:u_data_mem/_18367_ net:u_data_mem/_39607_
	bbox = (233.4500, 665.9500) - (233.5500, 666.0500) on Layer M4
violation type: Short
	srcs: net:mem_wdata[2] net:u_data_mem/_35620_
	bbox = (234.8500, 853.9500) - (234.9500, 854.0500) on Layer M4
violation type: Short
	srcs: net:mem_wdata[2] net:u_data_mem/_35620_
	bbox = (234.8500, 853.9500) - (234.9500, 854.4500) on Layer M4
violation type: Short
	srcs: net:mem_wdata[2] net:u_data_mem/_35620_
	bbox = (234.8500, 854.3500) - (234.9500, 854.4500) on Layer M4
violation type: Short
	srcs: net:u_data_mem/_37429_ net:u_data_mem/_41177_
	bbox = (235.8500, 791.9500) - (235.9500, 792.0500) on Layer M4
violation type: Short
	srcs: net:u_data_mem/_37429_ net:u_data_mem/_41177_
	bbox = (235.8500, 791.9500) - (236.1500, 792.0500) on Layer M4
violation type: Short
	srcs: net:u_data_mem/_37429_ net:u_data_mem/_41177_
	bbox = (236.0500, 791.9500) - (236.1500, 792.0500) on Layer M4
violation type: Short
	srcs: net:u_data_mem/_35551_ net:u_data_mem/_40520_
	bbox = (236.4500, 938.9500) - (236.5500, 939.0500) on Layer M4
violation type: Short
	srcs: net:mem_wdata[2] net:u_data_mem/_40555_
	bbox = (236.6500, 771.3500) - (236.7500, 771.4500) on Layer M4
violation type: Short
	srcs: net:u_data_mem/_35543_ net:u_data_mem/_35552_
	bbox = (241.2500, 708.1500) - (241.3500, 708.2500) on Layer M4
violation type: Short
	srcs: net:u_data_mem/_35543_ net:u_data_mem/_37121_
	bbox = (241.6500, 744.1500) - (241.7500, 744.2500) on Layer M4
violation type: Short
	srcs: net:u_data_mem/_18304_ net:u_data_mem/_41350_
	bbox = (243.8500, 586.7500) - (243.9500, 586.8500) on Layer M4
violation type: Short
	srcs: net:u_data_mem/_35582_ net:u_data_mem/_39515_
	bbox = (244.8500, 770.7500) - (244.9500, 770.8500) on Layer M4
violation type: Short
	srcs: net:u_data_mem/_18361_ net:u_data_mem/_18363_
	bbox = (251.2500, 686.9500) - (251.3500, 687.0500) on Layer M4
violation type: Short
	srcs: net:u_data_mem/_18363_ net:u_data_mem/_25221_
	bbox = (251.4500, 686.9500) - (251.5500, 687.0500) on Layer M4
violation type: Short
	srcs: net:u_data_mem/_18363_ net:u_data_mem/_25221_
	bbox = (251.4500, 686.9500) - (251.5500, 687.4500) on Layer M4
violation type: Short
	srcs: net:u_data_mem/_18363_ net:u_data_mem/_25221_
	bbox = (251.4500, 687.3500) - (251.5500, 687.4500) on Layer M4
violation type: Short
	srcs: net:u_data_mem/_35532_ net:u_data_mem/_36042_
	bbox = (251.8500, 686.9500) - (251.9500, 687.0500) on Layer M4
violation type: Short
	srcs: net:u_riscv_top/multiplier/_06925_ net:u_riscv_top/multiplier/_10321_
	bbox = (257.2500, 266.9500) - (257.3500, 267.0500) on Layer M4
violation type: Short
	srcs: net:u_data_mem/_35620_ net:u_data_mem/_36953_
	bbox = (259.0500, 822.5500) - (259.1500, 822.6500) on Layer M4
violation type: Short
	srcs: net:u_data_mem/_35542_ net:u_data_mem/_41084_
	bbox = (259.2500, 777.3500) - (259.3500, 777.4500) on Layer M4
violation type: Short
	srcs: net:mem_wdata[23] net:u_data_mem/_41147_
	bbox = (263.2500, 938.9500) - (263.3500, 939.0500) on Layer M4
violation type: Short
	srcs: net:mem_wdata[6] net:u_data_mem/_40966_
	bbox = (264.6500, 750.3100) - (264.7500, 750.4500) on Layer M4
violation type: Short
	srcs: net:mem_wdata[6] net:u_data_mem/_40966_
	bbox = (264.6500, 750.3500) - (264.7500, 750.4500) on Layer M4
violation type: Short
	srcs: net:u_data_mem/_37730_ net:u_data_mem/_41022_
	bbox = (266.6500, 770.9500) - (266.7500, 771.0500) on Layer M4
violation type: Short
	srcs: net:mem_wdata[3] net:u_data_mem/_40407_
	bbox = (276.4500, 959.1500) - (276.5500, 959.2500) on Layer M4
violation type: Short
	srcs: net:u_data_mem/_36660_ net:u_data_mem/_40984_
	bbox = (278.6500, 770.7500) - (278.7500, 770.8500) on Layer M4
violation type: Short
	srcs: net:u_riscv_top/multiplier/_07890_ net:u_riscv_top/multiplier/_09540_
	bbox = (282.6500, 308.9500) - (282.7500, 309.0500) on Layer M4
violation type: Short
	srcs: net:u_data_mem/_18317_ net:u_data_mem/_41255_
	bbox = (282.8500, 602.9500) - (282.9500, 603.0500) on Layer M4
violation type: Short
	srcs: net:u_data_mem/_35601_ net:u_data_mem/_39826_
	bbox = (283.4500, 645.1500) - (283.5500, 645.2500) on Layer M4
violation type: Short
	srcs: net:mem_addr[1] net:u_data_mem/_39826_
	bbox = (283.8500, 645.1500) - (283.9500, 645.2500) on Layer M4
violation type: Short
	srcs: net:u_data_mem/_41250_ net:u_data_mem/bank1\[52\][5]
	bbox = (286.2500, 771.7100) - (286.3500, 771.8900) on Layer M4
violation type: Short
	srcs: net:u_data_mem/_41250_ net:u_data_mem/bank1\[52\][5]
	bbox = (286.2500, 771.7500) - (286.3500, 771.8500) on Layer M4
violation type: Short
	srcs: net:mem_wdata[31] net:u_data_mem/_40985_
	bbox = (287.2500, 817.3500) - (287.3500, 817.4500) on Layer M4
violation type: Short
	srcs: net:mem_wdata[8] net:u_data_mem/_40962_
	bbox = (289.2500, 965.1500) - (289.3500, 965.2500) on Layer M4
violation type: Short
	srcs: net:mem_wdata[13] net:u_data_mem/_25130_
	bbox = (291.4500, 728.9500) - (291.5500, 729.0500) on Layer M4
violation type: Short
	srcs: net:u_data_mem/_18356_ net:u_data_mem/_41239_
	bbox = (292.2500, 771.3500) - (292.3500, 771.4500) on Layer M4
violation type: Short
	srcs: net:u_riscv_top/multiplier/_09628_ net:u_riscv_top/multiplier/_10281_
	bbox = (294.2500, 376.5500) - (294.3500, 376.6500) on Layer M4
violation type: Short
	srcs: net:u_riscv_top/register_file/_10490_ net:u_riscv_top/register_file/_10505_
	bbox = (301.4500, 131.5500) - (301.5500, 131.6500) on Layer M4
violation type: Short
	srcs: net:u_data_mem/_18358_ net:u_data_mem/bank1\[49\][13]
	bbox = (303.0500, 770.9500) - (303.1500, 771.0500) on Layer M4
violation type: Short
	srcs: net:mem_wdata[4] net:u_data_mem/_41028_
	bbox = (303.2500, 587.5500) - (303.3500, 587.6500) on Layer M4
violation type: Short
	srcs: net:u_riscv_top/register_file/_06196_ net:u_riscv_top/register_file/_10505_
	bbox = (306.4500, 210.9500) - (306.5500, 211.0500) on Layer M4
violation type: Short
	srcs: net:u_data_mem/_38015_ net:u_data_mem/_41244_
	bbox = (306.6500, 770.5500) - (306.7500, 770.6500) on Layer M4
violation type: Short
	srcs: net:u_data_mem/_38015_ net:u_data_mem/_41244_
	bbox = (306.6500, 770.5500) - (306.7500, 770.8500) on Layer M4
violation type: Short
	srcs: net:u_data_mem/_38015_ net:u_data_mem/_41244_
	bbox = (306.6500, 770.7500) - (306.7500, 770.8500) on Layer M4
violation type: Short
	srcs: net:mem_addr[1] net:u_data_mem/_38036_
	bbox = (308.0500, 548.9500) - (308.1500, 549.0500) on Layer M4
violation type: Short
	srcs: net:mem_addr[1] net:u_data_mem/_38036_
	bbox = (308.0500, 560.9500) - (308.1500, 561.0500) on Layer M4
violation type: Short
	srcs: net:u_data_mem/_37989_ net:u_data_mem/_38023_
	bbox = (308.0500, 624.7500) - (308.1500, 624.8500) on Layer M4
violation type: Short
	srcs: net:u_data_mem/_35583_ net:u_data_mem/_41144_
	bbox = (309.0500, 644.7500) - (309.1500, 644.8500) on Layer M4
violation type: Short
	srcs: net:mem_wdata[23] net:u_data_mem/_36021_
	bbox = (309.4500, 624.1500) - (309.5500, 624.2500) on Layer M4
violation type: Short
	srcs: net:mem_wdata[23] net:u_data_mem/_36021_
	bbox = (309.4500, 663.3500) - (309.5500, 663.4500) on Layer M4
violation type: Short
	srcs: net:mem_wdata[13] net:u_data_mem/_41144_
	bbox = (311.0500, 678.5500) - (311.1500, 678.6500) on Layer M4
violation type: Short
	srcs: net:u_data_mem/_35601_ net:u_data_mem/_40958_
	bbox = (316.0500, 981.5500) - (316.1500, 981.6500) on Layer M4
violation type: Short
	srcs: net:u_data_mem/_35552_ net:u_data_mem/_35601_
	bbox = (316.2500, 981.1500) - (316.3500, 981.2500) on Layer M4
violation type: Short
	srcs: net:u_data_mem/_35552_ net:u_data_mem/_35601_
	bbox = (316.2500, 981.1500) - (316.3500, 981.6500) on Layer M4
violation type: Short
	srcs: net:u_data_mem/_35552_ net:u_data_mem/_35601_
	bbox = (316.2500, 981.5500) - (316.3500, 981.6500) on Layer M4
violation type: Short
	srcs: net:u_data_mem/_18338_ net:u_data_mem/_40994_
	bbox = (317.0500, 707.9500) - (317.1500, 708.0500) on Layer M4
violation type: Short
	srcs: net:mem_wdata[1] net:u_data_mem/_37693_
	bbox = (317.2500, 964.5500) - (317.3500, 964.6500) on Layer M4
violation type: Short
	srcs: net:u_data_mem/_40986_ net:u_data_mem/_40994_
	bbox = (317.6500, 729.7500) - (317.7500, 729.8500) on Layer M4
violation type: Short
	srcs: net:u_riscv_top/register_file/_08049_ net:u_riscv_top/register_file/_09660_
	bbox = (318.0500, 140.9500) - (318.1500, 141.0500) on Layer M4
violation type: Short
	srcs: net:u_riscv_top/register_file/_06190_ net:u_riscv_top/register_file/_09660_
	bbox = (318.2500, 140.9500) - (318.3500, 141.0500) on Layer M4
violation type: Short
	srcs: net:u_riscv_top/register_file/_06194_ net:u_riscv_top/register_file/_09660_
	bbox = (318.6500, 140.9500) - (318.7500, 141.0500) on Layer M4
violation type: Short
	srcs: net:u_data_mem/_41002_ net:u_data_mem/_41133_
	bbox = (321.0500, 938.9500) - (321.1500, 939.0500) on Layer M4
violation type: Short
	srcs: net:u_data_mem/_41002_ net:u_data_mem/_41133_
	bbox = (321.0500, 938.9500) - (321.3500, 939.0500) on Layer M4
violation type: Short
	srcs: net:u_data_mem/_41002_ net:u_data_mem/_41133_
	bbox = (321.2500, 938.9500) - (321.3500, 939.0500) on Layer M4
violation type: Short
	srcs: net:mem_rdata[26] net:u_data_mem/_37616_
	bbox = (329.4500, 561.3500) - (329.5500, 561.4500) on Layer M4
violation type: Short
	srcs: net:mem_rdata[26] net:u_data_mem/_37616_
	bbox = (329.4500, 569.1500) - (329.5500, 569.2500) on Layer M4
violation type: Short
	srcs: net:u_riscv_top/register_file/_08941_ net:u_riscv_top/register_file/regfile\[6\][0]
	bbox = (331.0500, 182.9500) - (331.1500, 183.0500) on Layer M4
violation type: Short
	srcs: net:u_riscv_top/register_file/_08941_ net:u_riscv_top/register_file/regfile\[6\][0]
	bbox = (331.0500, 182.9500) - (331.3500, 183.0500) on Layer M4
violation type: Short
	srcs: net:u_riscv_top/register_file/_08941_ net:u_riscv_top/register_file/regfile\[6\][0]
	bbox = (331.2500, 182.9500) - (331.3500, 183.0500) on Layer M4
violation type: Short
	srcs: net:u_riscv_top/multiplier/_10339_ net:clknet_8_34_0_clk
	bbox = (331.6500, 350.7500) - (331.7500, 350.8500) on Layer M4
violation type: Short
	srcs: net:u_riscv_top/register_file/_06216_ net:u_riscv_top/register_file/_10507_
	bbox = (331.8500, 182.9500) - (331.9500, 183.0500) on Layer M4
violation type: Short
	srcs: net:u_riscv_top/register_file/_06216_ net:u_riscv_top/register_file/_10507_
	bbox = (331.8500, 182.9500) - (331.9500, 183.0900) on Layer M4
violation type: Short
	srcs: net:mem_wdata[2] net:u_data_mem/_36425_
	bbox = (331.8500, 559.1500) - (331.9500, 559.2500) on Layer M4
violation type: Short
	srcs: net:u_riscv_top/register_file/_06214_ net:u_riscv_top/register_file/_06216_
	bbox = (332.2500, 182.9500) - (332.3500, 183.0500) on Layer M4
violation type: Short
	srcs: net:u_riscv_top/register_file/_06214_ net:u_riscv_top/register_file/_06217_
	bbox = (332.4500, 209.5500) - (332.5500, 209.6500) on Layer M4
violation type: Short
	srcs: net:u_riscv_top/register_file/_09778_ net:u_riscv_top/register_file/_10513_
	bbox = (334.6500, 140.9500) - (334.7500, 141.0500) on Layer M4
violation type: Short
	srcs: net:u_riscv_top/h1[30] net:u_riscv_top/u_bridge_core_to_fp_add/_333_
	bbox = (336.0500, 392.9500) - (336.1500, 393.0500) on Layer M4
violation type: Short
	srcs: net:u_riscv_top/h1[30] net:u_riscv_top/u_bridge_core_to_fp_add/_333_
	bbox = (336.0500, 392.9500) - (336.3500, 393.0500) on Layer M4
violation type: Short
	srcs: net:u_riscv_top/h1[30] net:u_riscv_top/u_bridge_core_to_fp_add/_333_
	bbox = (336.2500, 392.9500) - (336.3500, 393.0500) on Layer M4
violation type: Short
	srcs: net:u_riscv_top/register_file/_06214_ net:u_riscv_top/register_file/_10529_
	bbox = (339.4500, 77.9500) - (339.5500, 78.0500) on Layer M4
violation type: Short
	srcs: net:u_riscv_top/register_file/_06214_ net:u_riscv_top/register_file/_06217_
	bbox = (339.8500, 32.5500) - (339.9500, 32.6500) on Layer M4
violation type: Short
	srcs: net:u_data_mem/_35549_ net:u_data_mem/_41210_
	bbox = (345.8500, 629.5100) - (345.9500, 629.6500) on Layer M4
violation type: Short
	srcs: net:u_data_mem/_35549_ net:u_data_mem/_41210_
	bbox = (345.8500, 629.5500) - (345.9500, 629.6500) on Layer M4
violation type: Short
	srcs: net:u_data_mem/_18350_ net:u_data_mem/_41134_
	bbox = (348.4500, 540.3500) - (348.5500, 540.4500) on Layer M4
violation type: Short
	srcs: net:u_riscv_top/register_file/_10516_ net:u_riscv_top/register_file/_10518_
	bbox = (348.8500, 231.1500) - (348.9500, 231.2500) on Layer M4
violation type: Short
	srcs: net:u_data_mem/_35551_ net:u_data_mem/_39298_
	bbox = (349.0500, 691.7100) - (349.1500, 691.8900) on Layer M4
violation type: Short
	srcs: net:u_data_mem/_35551_ net:u_data_mem/_39298_
	bbox = (349.0500, 691.7500) - (349.1500, 691.8500) on Layer M4
violation type: Short
	srcs: net:u_riscv_top/register_file/_09662_ net:u_riscv_top/register_file/_10516_
	bbox = (349.4500, 98.9500) - (349.5500, 99.0500) on Layer M4
violation type: Short
	srcs: net:u_riscv_top/register_file/_09662_ net:u_riscv_top/register_file/_10516_
	bbox = (349.4500, 98.9500) - (349.7500, 99.0500) on Layer M4
violation type: Short
	srcs: net:mem_addr[0] net:u_data_mem/_39307_
	bbox = (349.4500, 708.5500) - (349.5500, 708.6500) on Layer M4
violation type: Short
	srcs: net:u_riscv_top/register_file/_09662_ net:u_riscv_top/register_file/_10516_
	bbox = (349.6500, 98.9500) - (349.7500, 99.0500) on Layer M4
violation type: Short
	srcs: net:u_riscv_top/register_file/_07230_ net:u_riscv_top/register_file/_09723_
	bbox = (349.6500, 115.7100) - (349.7500, 115.8900) on Layer M4
violation type: Short
	srcs: net:u_riscv_top/register_file/_08049_ net:u_riscv_top/register_file/_08402_
	bbox = (354.6500, 203.9500) - (354.7500, 204.0500) on Layer M4
violation type: Short
	srcs: net:u_riscv_top/register_file/_08049_ net:u_riscv_top/register_file/_08402_
	bbox = (354.6500, 203.9500) - (354.9500, 204.0500) on Layer M4
violation type: Short
	srcs: net:u_riscv_top/register_file/_08049_ net:u_riscv_top/register_file/_08402_
	bbox = (354.8500, 203.9500) - (354.9500, 204.0500) on Layer M4
violation type: Short
	srcs: net:A2_sim[0] net:u_riscv_top/register_file/_06210_
	bbox = (357.2500, 245.3500) - (357.3500, 245.4500) on Layer M4
violation type: Short
	srcs: net:mem_wdata[23] net:clknet_10_625__leaf_clk
	bbox = (359.6500, 644.9500) - (359.7500, 645.0500) on Layer M4
violation type: Short
	srcs: net:mem_wdata[23] net:u_data_mem/_41117_
	bbox = (364.2500, 644.9500) - (364.3500, 645.0500) on Layer M4
violation type: Short
	srcs: net:u_riscv_top/FP_Adder/fracB[18] net:u_riscv_top/FP_Adder/zeroA
	bbox = (368.2500, 431.1500) - (368.3500, 431.2500) on Layer M4
violation type: Short
	srcs: net:mem_wdata[19] net:u_data_mem/_18289_
	bbox = (369.2500, 852.5500) - (369.3500, 852.6500) on Layer M4
violation type: Short
	srcs: net:mem_wdata[17] net:u_data_mem/_25000_
	bbox = (371.2500, 770.9500) - (371.3500, 771.0500) on Layer M4
violation type: Short
	srcs: net:u_data_mem/_25000_ net:u_data_mem/_41024_
	bbox = (371.4500, 770.9500) - (371.5500, 771.0500) on Layer M4
violation type: Short
	srcs: net:A3_sim[0] net:u_riscv_top/register_file/_10054_
	bbox = (376.6500, 182.9500) - (376.7500, 183.0500) on Layer M4
violation type: Short
	srcs: net:wb_data_sim[10] net:u_data_mem/_41197_
	bbox = (377.0500, 507.3500) - (377.1500, 507.4500) on Layer M4
violation type: Short
	srcs: net:u_riscv_top/register_file/_08050_ net:u_riscv_top/register_file/regfile\[24\][12]
	bbox = (378.8500, 56.9500) - (378.9500, 57.0500) on Layer M4
violation type: Short
	srcs: net:u_data_mem/_35592_ net:u_data_mem/_41197_
	bbox = (379.2500, 560.9500) - (379.3500, 561.0500) on Layer M4
violation type: Short
	srcs: net:u_riscv_top/register_file/_08850_ net:u_riscv_top/register_file/_10522_
	bbox = (379.4500, 55.3500) - (379.5500, 55.4500) on Layer M4
violation type: Short
	srcs: net:u_data_mem/_35534_ net:u_data_mem/_41134_
	bbox = (379.8500, 564.7500) - (379.9500, 564.8500) on Layer M4
violation type: Short
	srcs: net:u_data_mem/_38276_ net:u_data_mem/_41088_
	bbox = (381.6500, 715.3500) - (381.7500, 715.4500) on Layer M4
violation type: Short
	srcs: net:u_data_mem/_38276_ net:u_data_mem/_41088_
	bbox = (381.6500, 729.9500) - (381.7500, 730.0500) on Layer M4
violation type: Short
	srcs: net:u_data_mem/_35539_ net:u_data_mem/_41088_
	bbox = (381.8500, 644.9500) - (381.9500, 645.0500) on Layer M4
violation type: Short
	srcs: net:A3_sim[0] net:u_riscv_top/register_file/regfile\[22\][24]
	bbox = (382.0500, 159.5500) - (382.1500, 159.6500) on Layer M4
violation type: Short
	srcs: net:u_data_mem/_35539_ net:u_data_mem/_41088_
	bbox = (382.0500, 636.7500) - (382.1500, 636.8500) on Layer M4
violation type: Short
	srcs: net:u_data_mem/_39611_ net:u_data_mem/_41088_
	bbox = (382.0500, 657.9500) - (382.1500, 658.0500) on Layer M4
violation type: Short
	srcs: net:u_riscv_top/register_file/_06194_ net:u_riscv_top/register_file/_09660_
	bbox = (383.4500, 160.3500) - (383.5500, 160.4500) on Layer M4
violation type: Short
	srcs: net:u_riscv_top/register_file/_08852_ net:u_riscv_top/register_file/net2420
	bbox = (384.0500, 161.7500) - (384.1500, 161.8500) on Layer M4
violation type: Short
	srcs: net:mem_rdata[14] net:u_data_mem/_37621_
	bbox = (384.2500, 635.7500) - (384.3500, 635.8500) on Layer M4
violation type: Short
	srcs: net:u_data_mem/_35566_ net:u_data_mem/_41219_
	bbox = (384.2500, 918.1500) - (384.3500, 918.2500) on Layer M4
violation type: Short
	srcs: net:u_data_mem/_35566_ net:u_data_mem/_41219_
	bbox = (384.2500, 918.1500) - (384.5500, 918.2500) on Layer M4
violation type: Short
	srcs: net:u_riscv_top/register_file/_06189_ net:u_riscv_top/register_file/net2420
	bbox = (384.4500, 159.1500) - (384.5500, 159.2500) on Layer M4
violation type: Short
	srcs: net:wb_data_sim[0] net:net1383
	bbox = (384.4500, 472.5500) - (384.5500, 472.6500) on Layer M4
violation type: Short
	srcs: net:u_data_mem/_35566_ net:u_data_mem/_41219_
	bbox = (384.4500, 917.5500) - (384.5500, 917.6500) on Layer M4
violation type: Short
	srcs: net:u_data_mem/_35566_ net:u_data_mem/_41219_
	bbox = (384.4500, 917.5500) - (384.5500, 917.8500) on Layer M4
violation type: Short
	srcs: net:u_data_mem/_35566_ net:u_data_mem/_41219_
	bbox = (384.4500, 917.7500) - (384.5500, 917.8500) on Layer M4
violation type: Short
	srcs: net:u_data_mem/_35566_ net:u_data_mem/_41219_
	bbox = (384.4500, 918.1500) - (384.5500, 918.2500) on Layer M4
violation type: Short
	srcs: net:u_riscv_top/FP_Adder/_1903_ net:net1383
	bbox = (384.6500, 413.7500) - (384.7500, 413.8500) on Layer M4
violation type: Short
	srcs: net:u_data_mem/_35543_ net:u_data_mem/_41102_
	bbox = (384.6500, 833.9500) - (384.7500, 834.0500) on Layer M4
violation type: Short
	srcs: net:u_data_mem/_35543_ net:u_data_mem/_41102_
	bbox = (384.6500, 833.9500) - (384.9500, 834.0500) on Layer M4
violation type: Short
	srcs: net:u_data_mem/_35543_ net:u_data_mem/_41102_
	bbox = (384.8500, 833.9500) - (384.9500, 834.0500) on Layer M4
violation type: Short
	srcs: net:riscv_addr[22] net:u_riscv_top/net2371
	bbox = (386.2500, 434.9500) - (386.3500, 435.0500) on Layer M4
violation type: Short
	srcs: net:u_data_mem/_38263_ net:u_data_mem/_41184_
	bbox = (386.2500, 602.9500) - (386.3500, 603.0500) on Layer M4
violation type: Short
	srcs: net:u_data_mem/_35566_ net:u_data_mem/_40945_
	bbox = (386.2500, 644.9500) - (386.3500, 645.0500) on Layer M4
violation type: Short
	srcs: net:u_data_mem/_35566_ net:u_data_mem/_40945_
	bbox = (386.2500, 644.9500) - (386.3500, 645.2500) on Layer M4
violation type: Short
	srcs: net:u_data_mem/_35566_ net:u_data_mem/_40945_
	bbox = (386.2500, 645.1500) - (386.3500, 645.2500) on Layer M4
violation type: Short
	srcs: net:u_data_mem/_35533_ net:u_data_mem/_41102_
	bbox = (386.2500, 812.9500) - (386.3500, 813.0500) on Layer M4
violation type: Short
	srcs: net:u_data_mem/_18294_ net:u_data_mem/_35559_
	bbox = (386.2500, 854.3500) - (386.3500, 854.4500) on Layer M4
violation type: Short
	srcs: net:u_riscv_top/register_file/_08050_ net:u_riscv_top/register_file/_10520_
	bbox = (386.6500, 182.5500) - (386.7500, 182.6500) on Layer M4
violation type: Short
	srcs: net:mem_wdata[0] net:u_data_mem/_35559_
	bbox = (386.6500, 868.9500) - (386.7500, 869.0500) on Layer M4
violation type: Short
	srcs: net:u_data_mem/_35559_ net:u_data_mem/_41029_
	bbox = (386.8500, 876.1500) - (386.9500, 876.2500) on Layer M4
violation type: Short
	srcs: net:u_data_mem/_41027_ net:u_data_mem/_41029_
	bbox = (387.0500, 875.9500) - (387.1500, 876.0500) on Layer M4
violation type: Short
	srcs: net:u_data_mem/_41027_ net:u_data_mem/_41029_
	bbox = (387.0500, 875.9500) - (387.3500, 876.0500) on Layer M4
violation type: Short
	srcs: net:u_data_mem/_41027_ net:u_data_mem/_41029_
	bbox = (387.2500, 875.9500) - (387.3500, 876.0500) on Layer M4
violation type: Short
	srcs: net:u_data_mem/_35551_ net:u_data_mem/_41059_
	bbox = (387.4500, 784.3500) - (387.5500, 784.4500) on Layer M4
violation type: Short
	srcs: net:u_data_mem/_35551_ net:u_data_mem/_41059_
	bbox = (387.4500, 784.3500) - (387.5500, 784.4900) on Layer M4
violation type: Short
	srcs: net:u_data_mem/_40980_ net:u_data_mem/_41099_
	bbox = (387.6500, 731.9500) - (387.7500, 732.0500) on Layer M4
violation type: Short
	srcs: net:u_data_mem/_35542_ net:u_data_mem/_35838_
	bbox = (387.6500, 771.3500) - (387.7500, 771.4500) on Layer M4
violation type: Short
	srcs: net:u_data_mem/_41059_ net:u_data_mem/_41099_
	bbox = (387.8500, 749.9500) - (387.9500, 750.0500) on Layer M4
violation type: Short
	srcs: net:u_data_mem/_36876_ net:u_data_mem/_41059_
	bbox = (388.0500, 749.9500) - (388.1500, 750.0500) on Layer M4
violation type: Short
	srcs: net:u_data_mem/_35573_ net:u_data_mem/_35593_
	bbox = (388.0500, 875.9500) - (388.1500, 876.0500) on Layer M4
violation type: Short
	srcs: net:u_data_mem/_35573_ net:u_data_mem/_35593_
	bbox = (388.0500, 884.7500) - (388.1500, 884.8500) on Layer M4
violation type: Short
	srcs: net:u_data_mem/_35593_ net:u_data_mem/_41081_
	bbox = (388.2500, 876.7100) - (388.3500, 876.8900) on Layer M4
violation type: Short
	srcs: net:u_data_mem/_35593_ net:u_data_mem/_41081_
	bbox = (388.2500, 876.7500) - (388.3500, 876.8500) on Layer M4
violation type: Short
	srcs: net:u_data_mem/_18115_ net:u_data_mem/_41099_
	bbox = (388.4500, 866.5500) - (388.5500, 866.6500) on Layer M4
violation type: Short
	srcs: net:u_riscv_top/register_file/_06195_ net:u_riscv_top/net2434
	bbox = (389.6500, 182.9500) - (389.7500, 183.0500) on Layer M4
violation type: Short
	srcs: net:u_riscv_top/register_file/_10521_ net:u_riscv_top/register_file/_10525_
	bbox = (391.0500, 159.9500) - (391.1500, 160.0500) on Layer M4
violation type: Short
	srcs: net:u_riscv_top/register_file/_10521_ net:u_riscv_top/register_file/_10525_
	bbox = (391.2500, 161.7500) - (391.3500, 161.8500) on Layer M4
violation type: Short
	srcs: net:u_data_mem/_18115_ net:u_data_mem/_41074_
	bbox = (391.2500, 812.9500) - (391.3500, 813.0500) on Layer M4
violation type: Short
	srcs: net:u_data_mem/_18115_ net:u_data_mem/_41074_
	bbox = (391.2500, 812.9500) - (391.5500, 813.0500) on Layer M4
violation type: Short
	srcs: net:u_data_mem/_18115_ net:u_data_mem/_41074_
	bbox = (391.4500, 812.9500) - (391.5500, 813.0500) on Layer M4
violation type: Short
	srcs: net:u_data_mem/_18233_ net:u_data_mem/_35611_
	bbox = (392.4500, 695.9500) - (392.5500, 696.0500) on Layer M4
violation type: Short
	srcs: net:u_data_mem/_35530_ net:u_data_mem/_35611_
	bbox = (392.6500, 720.9500) - (392.7500, 721.0500) on Layer M4
violation type: Short
	srcs: net:u_data_mem/_35530_ net:u_data_mem/_35611_
	bbox = (392.6500, 728.9500) - (392.7500, 729.0500) on Layer M4
violation type: Short
	srcs: net:u_data_mem/_35530_ net:u_data_mem/_35611_
	bbox = (392.6500, 728.9500) - (392.9500, 729.0500) on Layer M4
violation type: Short
	srcs: net:u_data_mem/_41081_ net:u_data_mem/_41211_
	bbox = (392.6500, 833.9500) - (392.7500, 834.0500) on Layer M4
violation type: Short
	srcs: net:u_data_mem/_41081_ net:u_data_mem/_41211_
	bbox = (392.6500, 833.9500) - (392.9500, 834.0500) on Layer M4
violation type: Short
	srcs: net:u_data_mem/_35530_ net:u_data_mem/_35611_
	bbox = (392.8500, 728.9500) - (392.9500, 729.0500) on Layer M4
violation type: Short
	srcs: net:u_data_mem/_41081_ net:u_data_mem/_41211_
	bbox = (392.8500, 833.9500) - (392.9500, 834.0500) on Layer M4
violation type: Short
	srcs: net:u_riscv_top/register_file/_08049_ net:u_riscv_top/register_file/_08050_
	bbox = (393.4500, 82.5500) - (393.5500, 82.6500) on Layer M4
violation type: Short
	srcs: net:mem_wdata[0] net:u_data_mem/_41086_
	bbox = (393.4500, 896.9500) - (393.5500, 897.0500) on Layer M4
violation type: Short
	srcs: net:u_riscv_top/register_file/_07234_ net:u_riscv_top/register_file/_08050_
	bbox = (393.6500, 81.1500) - (393.7500, 81.2500) on Layer M4
violation type: Short
	srcs: net:u_riscv_top/register_file/_07234_ net:u_riscv_top/register_file/_09660_
	bbox = (393.8500, 80.1500) - (393.9500, 80.2500) on Layer M4
violation type: Short
	srcs: net:u_data_mem/_35582_ net:u_data_mem/_35593_
	bbox = (393.8500, 665.3500) - (393.9500, 665.4500) on Layer M4
violation type: Short
	srcs: net:u_data_mem/_35542_ net:u_data_mem/_35566_
	bbox = (394.0500, 623.7500) - (394.1500, 623.8500) on Layer M4
violation type: Short
	srcs: net:u_riscv_top/register_file/_07234_ net:u_riscv_top/register_file/_09660_
	bbox = (394.2500, 56.9500) - (394.3500, 57.0500) on Layer M4
violation type: Short
	srcs: net:u_data_mem/_35593_ net:u_data_mem/_40593_
	bbox = (394.8500, 729.3500) - (394.9500, 729.4500) on Layer M4
violation type: Short
	srcs: net:u_riscv_top/register_file/_07236_ net:u_riscv_top/register_file/_09660_
	bbox = (396.0500, 204.1500) - (396.1500, 204.2500) on Layer M4
violation type: Short
	srcs: net:u_data_mem/_35542_ net:clknet_8_159_0_clk
	bbox = (396.2500, 709.5500) - (396.3500, 709.6500) on Layer M4
violation type: Short
	srcs: net:u_data_mem/_18350_ net:u_data_mem/_41134_
	bbox = (396.6500, 600.5500) - (396.7500, 600.6500) on Layer M4
violation type: Short
	srcs: net:mem_addr[2] net:u_data_mem/_18237_
	bbox = (398.4500, 686.9500) - (398.5500, 687.0500) on Layer M4
violation type: Short
	srcs: net:WD5_sim[23] net:u_riscv_top/h1[10]
	bbox = (399.4500, 350.9500) - (399.5500, 351.0500) on Layer M4
violation type: Short
	srcs: net:u_riscv_top/register_file/_06191_ net:u_riscv_top/register_file/_09107_
	bbox = (399.8500, 35.9500) - (399.9500, 36.0500) on Layer M4
violation type: Short
	srcs: net:u_riscv_top/register_file/_06191_ net:u_riscv_top/register_file/_09107_
	bbox = (399.8500, 35.9500) - (400.1500, 36.0500) on Layer M4
violation type: Short
	srcs: net:u_riscv_top/FP_Adder/expA[5] net:u_riscv_top/FP_Adder/expA[6]
	bbox = (399.8500, 368.5500) - (399.9500, 368.6500) on Layer M4
violation type: Short
	srcs: net:u_riscv_top/register_file/_06191_ net:u_riscv_top/register_file/_09107_
	bbox = (400.0500, 35.9500) - (400.1500, 36.0500) on Layer M4
violation type: Short
	srcs: net:u_riscv_top/register_file/_07232_ net:u_riscv_top/register_file/_08436_
	bbox = (401.0500, 204.5500) - (401.1500, 204.6500) on Layer M4
violation type: Short
	srcs: net:u_riscv_top/register_file/_10512_ net:u_riscv_top/register_file/net2433
	bbox = (401.6500, 220.1500) - (401.7500, 220.2500) on Layer M4
violation type: Short
	srcs: net:u_riscv_top/register_file/_10512_ net:u_riscv_top/register_file/_10528_
	bbox = (402.6500, 144.3500) - (402.7500, 144.4500) on Layer M4
violation type: Short
	srcs: net:u_riscv_top/register_file/net2417 net:u_riscv_top/net2449
	bbox = (403.8500, 141.1500) - (403.9500, 141.2500) on Layer M4
violation type: Short
	srcs: net:u_riscv_top/register_file/_07235_ net:u_riscv_top/register_file/_08049_
	bbox = (406.8500, 141.5500) - (406.9500, 141.6500) on Layer M4
violation type: Short
	srcs: net:u_riscv_top/register_file/_06200_ net:u_riscv_top/register_file/_10519_
	bbox = (408.4500, 100.7500) - (408.5500, 100.8500) on Layer M4
violation type: Short
	srcs: net:u_riscv_top/register_file/_07228_ net:u_riscv_top/register_file/_10519_
	bbox = (408.6500, 98.9500) - (408.7500, 99.0500) on Layer M4
violation type: Short
	srcs: net:u_data_mem/_25567_ net:u_data_mem/_35601_
	bbox = (409.6500, 877.1500) - (409.7500, 877.2500) on Layer M4
violation type: Short
	srcs: net:u_data_mem/_25567_ net:u_data_mem/_35601_
	bbox = (409.6500, 877.1500) - (409.7500, 877.4500) on Layer M4
violation type: Short
	srcs: net:u_data_mem/_25567_ net:u_data_mem/_35601_
	bbox = (409.6500, 877.3500) - (409.7500, 877.4500) on Layer M4
violation type: Short
	srcs: net:mem_wdata[14] net:u_data_mem/_40173_
	bbox = (413.6500, 897.3500) - (413.7500, 897.4500) on Layer M4
violation type: Short
	srcs: net:u_riscv_top/register_file/net2405 net:u_riscv_top/register_file/net2450
	bbox = (414.4500, 329.7500) - (414.5500, 329.8500) on Layer M4
violation type: Short
	srcs: net:u_riscv_top/register_file/net2405 net:u_riscv_top/register_file/net2450
	bbox = (414.4500, 330.3500) - (414.5500, 330.4500) on Layer M4
violation type: Short
	srcs: net:u_riscv_top/FP_Adder/result_sign net:u_riscv_top/register_file/net2380
	bbox = (416.0500, 351.3500) - (416.1500, 351.4500) on Layer M4
violation type: Short
	srcs: net:u_riscv_top/FP_Adder/_1464_ net:u_riscv_top/register_file/net2380
	bbox = (416.0500, 435.1500) - (416.1500, 435.2500) on Layer M4
violation type: Short
	srcs: net:u_riscv_top/register_file/_08566_ net:u_riscv_top/register_file/_09662_
	bbox = (416.2500, 98.9500) - (416.3500, 99.0500) on Layer M4
violation type: Short
	srcs: net:u_data_mem/_40066_ net:u_data_mem/_41118_
	bbox = (416.4500, 596.7500) - (416.5500, 596.8500) on Layer M4
violation type: Short
	srcs: net:A2_sim[0] net:u_riscv_top/register_file/_07234_
	bbox = (418.0500, 56.9500) - (418.1500, 57.0500) on Layer M4
violation type: Short
	srcs: net:u_data_mem/_35573_ net:u_data_mem/_40089_
	bbox = (421.2500, 601.9500) - (421.3500, 602.0500) on Layer M4
violation type: Short
	srcs: net:u_data_mem/_35534_ net:u_data_mem/_35572_
	bbox = (421.4500, 899.3500) - (421.5500, 899.4500) on Layer M4
violation type: Short
	srcs: net:mem_wdata[21] net:u_data_mem/_38341_
	bbox = (421.8500, 917.9500) - (421.9500, 918.0500) on Layer M4
violation type: Short
	srcs: net:u_riscv_top/register_file/_10486_ net:u_riscv_top/register_file/regfile\[11\][11]
	bbox = (422.0500, 98.9500) - (422.1500, 99.0500) on Layer M4
violation type: Short
	srcs: net:mem_wdata[21] net:u_data_mem/_38341_
	bbox = (422.0500, 890.3500) - (422.1500, 890.4500) on Layer M4
violation type: Short
	srcs: net:u_riscv_top/register_file/_10508_ net:u_riscv_top/register_file/net2451
	bbox = (424.4500, 256.1500) - (424.5500, 256.2500) on Layer M4
violation type: Short
	srcs: net:mem_rdata[24] net:u_data_mem/_37319_
	bbox = (428.6500, 673.7500) - (428.7500, 673.8500) on Layer M4
violation type: Short
	srcs: net:u_riscv_top/register_file/_09865_ net:u_riscv_top/register_file/_10501_
	bbox = (429.8500, 174.7500) - (429.9500, 174.8500) on Layer M4
violation type: Short
	srcs: net:u_riscv_top/register_file/_08852_ net:u_riscv_top/register_file/_09118_
	bbox = (432.6500, 241.3500) - (432.7500, 241.4500) on Layer M4
violation type: Short
	srcs: net:u_riscv_top/register_file/_10501_ net:u_riscv_top/register_file/_10510_
	bbox = (433.0500, 119.9500) - (433.1500, 120.0500) on Layer M4
violation type: Short
	srcs: net:u_riscv_top/register_file/_06216_ net:u_riscv_top/register_file/_08938_
	bbox = (433.8500, 114.1100) - (433.9500, 114.2900) on Layer M4
violation type: Short
	srcs: net:u_riscv_top/register_file/_06216_ net:u_riscv_top/register_file/_08938_
	bbox = (433.8500, 114.1500) - (433.9500, 114.2500) on Layer M4
violation type: Short
	srcs: net:u_riscv_top/register_file/_06216_ net:u_riscv_top/register_file/_10498_
	bbox = (433.8500, 117.1500) - (433.9500, 117.2500) on Layer M4
violation type: Short
	srcs: net:u_riscv_top/register_file/_06192_ net:u_riscv_top/register_file/_08138_
	bbox = (434.4500, 115.5500) - (434.5500, 115.6500) on Layer M4
violation type: Short
	srcs: net:u_riscv_top/register_file/_10507_ net:u_riscv_top/register_file/_10519_
	bbox = (436.6500, 162.5500) - (436.7500, 162.6500) on Layer M4
violation type: Short
	srcs: net:u_data_mem/_35552_ net:u_data_mem/_41425_
	bbox = (438.6500, 602.9500) - (438.7500, 603.0500) on Layer M4
violation type: Short
	srcs: net:u_data_mem/_35537_ net:u_data_mem/_41425_
	bbox = (438.8500, 602.9500) - (438.9500, 603.0500) on Layer M4
violation type: Short
	srcs: net:u_data_mem/_18121_ net:u_data_mem/_40941_
	bbox = (441.0500, 854.9500) - (441.1500, 855.0500) on Layer M4
violation type: Short
	srcs: net:u_data_mem/_40936_ net:u_data_mem/_40948_
	bbox = (444.2500, 825.9500) - (444.3500, 826.0500) on Layer M4
violation type: Short
	srcs: net:u_data_mem/_35807_ net:u_data_mem/_38220_
	bbox = (446.0500, 602.9500) - (446.1500, 603.0500) on Layer M4
violation type: Short
	srcs: net:u_data_mem/_38220_ net:u_data_mem/_41122_
	bbox = (446.0500, 623.7500) - (446.1500, 623.8500) on Layer M4
violation type: Short
	srcs: net:u_data_mem/_38220_ net:u_data_mem/_41122_
	bbox = (446.0500, 623.7500) - (446.1500, 624.0500) on Layer M4
violation type: Short
	srcs: net:u_data_mem/_38220_ net:u_data_mem/_41122_
	bbox = (446.0500, 623.9500) - (446.1500, 624.0500) on Layer M4
violation type: Short
	srcs: net:u_riscv_top/register_file/_10523_ net:u_riscv_top/register_file/net2389
	bbox = (453.6500, 139.5500) - (453.7500, 139.6500) on Layer M4
violation type: Short
	srcs: net:net1899 net:u_riscv_top/register_file/net2389
	bbox = (453.6500, 413.1500) - (453.7500, 413.2500) on Layer M4
violation type: Short
	srcs: net:u_riscv_top/register_file/_10482_ net:u_riscv_top/register_file/_10515_
	bbox = (453.8500, 99.7500) - (453.9500, 99.8500) on Layer M4
violation type: Short
	srcs: net:u_riscv_top/register_file/regfile\[14\][19] net:u_riscv_top/register_file/net2366
	bbox = (457.4500, 204.1500) - (457.5500, 204.2500) on Layer M4
violation type: Short
	srcs: net:u_riscv_top/register_file/_09162_ net:u_riscv_top/register_file/regfile\[14\][19]
	bbox = (457.6500, 204.3500) - (457.7500, 204.4500) on Layer M4
violation type: Short
	srcs: net:u_riscv_top/register_file/_09162_ net:u_riscv_top/register_file/net2366
	bbox = (457.6500, 207.9500) - (457.7500, 208.0500) on Layer M4
violation type: Short
	srcs: net:A3_sim[0] net:u_riscv_top/register_file/net2366
	bbox = (458.2500, 161.9500) - (458.3500, 162.0500) on Layer M4
violation type: Short
	srcs: net:A3_sim[0] net:u_riscv_top/register_file/_08673_
	bbox = (464.8500, 119.9500) - (464.9500, 120.0500) on Layer M4
violation type: Short
	srcs: net:A1_sim[4] net:u_riscv_top/register_file/_10611_
	bbox = (467.0500, 120.3500) - (467.1500, 120.4500) on Layer M4
violation type: Short
	srcs: net:u_data_mem/_35545_ net:u_data_mem/_35583_
	bbox = (469.6500, 854.1500) - (469.7500, 854.2500) on Layer M4
violation type: Short
	srcs: net:u_data_mem/_35545_ net:u_data_mem/_35583_
	bbox = (469.6500, 854.1500) - (469.7500, 854.2900) on Layer M4
violation type: Short
	srcs: net:u_riscv_top/mux8_1/_618_ net:clknet_10_195__leaf_clk
	bbox = (476.9495, 279.7100) - (476.9505, 279.7200) on Layer M4
violation type: Short
	srcs: net:u_data_mem/_41100_ net:u_data_mem/_41103_
	bbox = (477.4500, 728.9500) - (477.5500, 729.0500) on Layer M4
violation type: Short
	srcs: net:mem_wdata[8] net:u_data_mem/_41103_
	bbox = (477.6500, 728.9500) - (477.7500, 729.0500) on Layer M4
violation type: Short
	srcs: net:u_data_mem/_35533_ net:u_data_mem/_35582_
	bbox = (478.8500, 770.9500) - (478.9500, 771.0500) on Layer M4
violation type: Short
	srcs: net:u_riscv_top/register_file/_08850_ net:u_riscv_top/register_file/regfile\[7\][6]
	bbox = (479.2500, 120.9100) - (479.3500, 121.0900) on Layer M4
violation type: Short
	srcs: net:u_riscv_top/register_file/_08850_ net:u_riscv_top/register_file/regfile\[7\][6]
	bbox = (479.2500, 120.9500) - (479.3500, 121.0500) on Layer M4
violation type: Short
	srcs: net:A2_sim[0] net:u_riscv_top/register_file/_07221_
	bbox = (479.8500, 118.9500) - (479.9500, 119.0500) on Layer M4
violation type: Short
	srcs: net:u_data_mem/_35542_ net:u_data_mem/_35559_
	bbox = (481.0500, 729.3500) - (481.1500, 729.4500) on Layer M4
violation type: Short
	srcs: net:u_riscv_top/register_file/_10279_ net:u_riscv_top/register_file/net2452
	bbox = (481.2500, 235.7500) - (481.3500, 235.8500) on Layer M4
violation type: Short
	srcs: net:u_data_mem/_25898_ net:u_data_mem/_41014_
	bbox = (481.2500, 749.9500) - (481.3500, 750.0500) on Layer M4
violation type: Short
	srcs: net:u_data_mem/_35582_ net:u_data_mem/bank3\[19\][2]
	bbox = (482.0500, 833.9500) - (482.1500, 834.0500) on Layer M4
violation type: Short
	srcs: net:u_data_mem/_26188_ net:u_data_mem/_35582_
	bbox = (482.2500, 833.9500) - (482.3500, 834.0500) on Layer M4
violation type: Short
	srcs: net:A1_sim[4] net:u_riscv_top/register_file/_08905_
	bbox = (482.4500, 35.9500) - (482.5500, 36.0500) on Layer M4
violation type: Short
	srcs: net:A3_sim[0] net:u_riscv_top/register_file/_06191_
	bbox = (482.8500, 182.9500) - (482.9500, 183.0500) on Layer M4
violation type: Short
	srcs: net:u_riscv_top/register_file/_06191_ net:u_riscv_top/register_file/_10517_
	bbox = (483.4500, 182.3500) - (483.5500, 182.4500) on Layer M4
violation type: Short
	srcs: net:u_riscv_top/register_file/_10512_ net:u_riscv_top/register_file/_10517_
	bbox = (483.6500, 182.3500) - (483.7500, 182.4500) on Layer M4
violation type: Short
	srcs: net:u_riscv_top/register_file/_10517_ net:u_riscv_top/register_file/net2416
	bbox = (483.6500, 239.1500) - (483.7500, 239.2500) on Layer M4
violation type: Short
	srcs: net:u_riscv_top/_239_ net:u_riscv_top/register_file/net2416
	bbox = (484.0500, 224.7500) - (484.1500, 224.8500) on Layer M4
violation type: Short
	srcs: net:u_riscv_top/register_file/_06190_ net:u_riscv_top/register_file/_08049_
	bbox = (484.4500, 182.9500) - (484.5500, 183.0500) on Layer M4
violation type: Short
	srcs: net:u_riscv_top/register_file/_08049_ net:u_riscv_top/register_file/_10496_
	bbox = (484.6500, 182.9500) - (484.7500, 183.0500) on Layer M4
violation type: Short
	srcs: net:u_riscv_top/register_file/_07232_ net:u_riscv_top/register_file/_10580_
	bbox = (484.8500, 98.9500) - (484.9500, 99.0500) on Layer M4
violation type: Short
	srcs: net:u_riscv_top/register_file/_07232_ net:u_riscv_top/register_file/_10580_
	bbox = (484.8500, 98.9500) - (484.9500, 99.0900) on Layer M4
violation type: Short
	srcs: net:u_riscv_top/register_file/_06191_ net:u_riscv_top/register_file/_10496_
	bbox = (486.4500, 56.5500) - (486.5500, 56.6500) on Layer M4
violation type: Short
	srcs: net:u_data_mem/_35536_ net:u_data_mem/_36718_
	bbox = (489.2500, 561.7500) - (489.3500, 561.8500) on Layer M4
violation type: Short
	srcs: net:A5_sim[2] net:u_riscv_top/register_file/_06193_
	bbox = (491.2500, 56.1500) - (491.3500, 56.2500) on Layer M4
violation type: Short
	srcs: net:A5_sim[2] net:A5_sim[3]
	bbox = (491.2500, 56.9500) - (491.3500, 57.0500) on Layer M4
violation type: Short
	srcs: net:u_riscv_top/register_file/_08851_ net:u_riscv_top/register_file/_08944_
	bbox = (491.4500, 140.9500) - (491.5500, 141.0500) on Layer M4
violation type: Short
	srcs: net:u_riscv_top/register_file/_08851_ net:u_riscv_top/register_file/_08944_
	bbox = (491.4500, 140.9500) - (491.7500, 141.0500) on Layer M4
violation type: Short
	srcs: net:u_data_mem/_35551_ net:u_data_mem/_41408_
	bbox = (491.4500, 727.3500) - (491.5500, 727.4500) on Layer M4
violation type: Short
	srcs: net:u_riscv_top/register_file/_08851_ net:u_riscv_top/register_file/_08944_
	bbox = (491.6500, 140.9500) - (491.7500, 141.0500) on Layer M4
violation type: Short
	srcs: net:u_data_mem/_37253_ net:u_data_mem/_37785_
	bbox = (493.6500, 624.1500) - (493.7500, 624.2500) on Layer M4
violation type: Short
	srcs: net:u_data_mem/_39495_ net:u_data_mem/_40977_
	bbox = (493.8500, 666.1500) - (493.9500, 666.2500) on Layer M4
violation type: Short
	srcs: net:u_data_mem/_39495_ net:u_data_mem/_40977_
	bbox = (494.0500, 667.5500) - (494.1500, 667.6500) on Layer M4
violation type: Short
	srcs: net:u_data_mem/_37325_ net:u_data_mem/_40977_
	bbox = (494.0500, 707.9500) - (494.1500, 708.0500) on Layer M4
violation type: Short
	srcs: net:u_data_mem/_37325_ net:u_data_mem/_39495_
	bbox = (494.2500, 667.5500) - (494.3500, 667.6500) on Layer M4
violation type: Short
	srcs: net:u_data_mem/_21111_ net:u_data_mem/_37325_
	bbox = (494.4500, 767.1100) - (494.5500, 767.2900) on Layer M4
violation type: Short
	srcs: net:u_data_mem/_21111_ net:u_data_mem/_37325_
	bbox = (494.4500, 767.1500) - (494.5500, 767.2500) on Layer M4
violation type: Short
	srcs: net:riscv_addr[23] net:riscv_addr[24]
	bbox = (496.0500, 455.1500) - (496.1500, 455.2500) on Layer M4
violation type: Short
	srcs: net:riscv_addr[19] net:u_riscv_top/CSR_Data_out[26]
	bbox = (496.0500, 498.5500) - (496.1500, 498.6500) on Layer M4
violation type: Short
	srcs: net:riscv_addr[20] net:u_riscv_top/CSR_Data_out[26]
	bbox = (496.2500, 498.1500) - (496.3500, 498.2500) on Layer M4
violation type: Short
	srcs: net:riscv_addr[20] net:u_riscv_top/CSR_Data_out[26]
	bbox = (496.2500, 498.1500) - (496.3500, 498.6500) on Layer M4
violation type: Short
	srcs: net:riscv_addr[20] net:u_riscv_top/CSR_Data_out[26]
	bbox = (496.2500, 498.5500) - (496.3500, 498.6500) on Layer M4
violation type: Short
	srcs: net:u_data_mem/_35559_ net:u_data_mem/_37383_
	bbox = (496.2500, 747.9500) - (496.3500, 748.0500) on Layer M4
violation type: Short
	srcs: net:u_data_mem/_18262_ net:u_data_mem/_41015_
	bbox = (496.4500, 710.1500) - (496.5500, 710.2500) on Layer M4
violation type: Short
	srcs: net:u_data_mem/_37296_ net:u_data_mem/_37807_
	bbox = (496.6500, 655.9500) - (496.7500, 656.0500) on Layer M4
violation type: Short
	srcs: net:AluOp_sim[18] net:u_riscv_top/register_file/_08049_
	bbox = (496.8500, 248.1500) - (496.9500, 248.2500) on Layer M4
violation type: Short
	srcs: net:mem_ena net:u_data_mem/_38795_
	bbox = (497.0500, 612.3500) - (497.1500, 612.4500) on Layer M4
violation type: Short
	srcs: net:u_data_mem/_38795_ net:u_data_mem/_41110_
	bbox = (497.4500, 639.7500) - (497.5500, 639.8500) on Layer M4
violation type: Short
	srcs: net:u_data_mem/_35583_ net:u_data_mem/_40959_
	bbox = (497.4500, 749.1500) - (497.5500, 749.2500) on Layer M4
violation type: Short
	srcs: net:A1_sim[2] net:u_riscv_top/register_file/net1296
	bbox = (498.2500, 98.9500) - (498.3500, 99.0500) on Layer M4
violation type: Short
	srcs: net:u_data_mem/_38801_ net:u_data_mem/_41112_
	bbox = (499.2500, 665.5500) - (499.3500, 665.6500) on Layer M4
violation type: Short
	srcs: net:u_riscv_top/register_file/_07245_ net:u_riscv_top/register_file/_08850_
	bbox = (499.6500, 89.5500) - (499.7500, 89.6500) on Layer M4
violation type: Short
	srcs: net:u_riscv_top/register_file/_07234_ net:u_riscv_top/register_file/_10501_
	bbox = (499.6500, 162.3500) - (499.7500, 162.4500) on Layer M4
violation type: Short
	srcs: net:u_riscv_top/rst_core_n net:u_riscv_top/rst_fp_mul_n
	bbox = (502.2500, 456.3500) - (502.3500, 456.4500) on Layer M4
violation type: Short
	srcs: net:net1899 net:u_riscv_top/net2376
	bbox = (502.8500, 287.9500) - (502.9500, 288.0500) on Layer M4
violation type: Short
	srcs: net:u_data_mem/_18136_ net:u_data_mem/_40978_
	bbox = (502.8500, 791.9500) - (502.9500, 792.0500) on Layer M4
violation type: Short
	srcs: net:u_data_mem/_18136_ net:u_data_mem/_40978_
	bbox = (502.8500, 791.9500) - (503.1500, 792.0500) on Layer M4
violation type: Short
	srcs: net:u_data_mem/_18136_ net:u_data_mem/_40978_
	bbox = (503.0500, 791.9500) - (503.1500, 792.0500) on Layer M4
violation type: Short
	srcs: net:u_riscv_top/register_file/_06217_ net:u_riscv_top/register_file/_07229_
	bbox = (503.4500, 185.5500) - (503.5500, 185.6500) on Layer M4
violation type: Short
	srcs: net:mem_wdata[30] net:u_data_mem/_40994_
	bbox = (504.8500, 749.9500) - (504.9500, 750.0500) on Layer M4
violation type: Short
	srcs: net:mem_wdata[19] net:u_data_mem/_41161_
	bbox = (506.4500, 644.9500) - (506.5500, 645.0500) on Layer M4
violation type: Short
	srcs: net:u_riscv_top/register_file/_06213_ net:u_riscv_top/register_file/_10504_
	bbox = (506.6500, 112.5500) - (506.7500, 112.6500) on Layer M4
violation type: Short
	srcs: net:RD1_sim[11] net:u_riscv_top/register_file/_06212_
	bbox = (507.2500, 56.5500) - (507.3500, 56.6500) on Layer M4
violation type: Short
	srcs: net:u_riscv_top/mux8_1/_625_ net:u_riscv_top/register_file/_10508_
	bbox = (507.8500, 266.9500) - (507.9500, 267.0500) on Layer M4
violation type: Short
	srcs: net:mem_wdata[27] net:u_data_mem/_39064_
	bbox = (508.2500, 888.1500) - (508.3500, 888.2500) on Layer M4
violation type: Short
	srcs: net:RD1_sim[21] net:u_riscv_top/register_file/regfile\[26\][29]
	bbox = (512.2500, 15.5500) - (512.3500, 15.6500) on Layer M4
violation type: Short
	srcs: net:RD1_sim[21] net:u_riscv_top/register_file/regfile\[26\][29]
	bbox = (512.2500, 15.5500) - (512.3500, 15.8500) on Layer M4
violation type: Short
	srcs: net:RD1_sim[21] net:u_riscv_top/register_file/regfile\[26\][29]
	bbox = (512.2500, 15.7500) - (512.3500, 15.8500) on Layer M4
violation type: Short
	srcs: net:riscv_addr[22] net:u_riscv_top/net568
	bbox = (512.2500, 372.3500) - (512.3500, 372.4500) on Layer M4
violation type: Short
	srcs: net:RD1_sim[19] net:u_riscv_top/register_file/_10527_
	bbox = (512.4500, 182.9500) - (512.5500, 183.0500) on Layer M4
violation type: Short
	srcs: net:RD1_sim[19] net:u_riscv_top/register_file/_10527_
	bbox = (512.4500, 182.9500) - (512.7500, 183.0500) on Layer M4
violation type: Short
	srcs: net:RD1_sim[19] net:u_riscv_top/register_file/_10527_
	bbox = (512.6500, 182.9500) - (512.7500, 183.0500) on Layer M4
violation type: Short
	srcs: net:RD1_sim[19] net:u_riscv_top/register_file/_09662_
	bbox = (512.6500, 204.1500) - (512.7500, 204.2500) on Layer M4
violation type: Short
	srcs: net:RD1_sim[21] net:RD1_sim[22]
	bbox = (512.8500, 15.7500) - (512.9500, 15.8500) on Layer M4
violation type: Short
	srcs: net:RD1_sim[21] net:RD1_sim[22]
	bbox = (512.8500, 15.7500) - (512.9500, 16.0500) on Layer M4
violation type: Short
	srcs: net:RD1_sim[21] net:RD1_sim[22]
	bbox = (512.8500, 15.9500) - (512.9500, 16.0500) on Layer M4
violation type: Short
	srcs: net:RD1_sim[25] net:RD1_sim[26]
	bbox = (514.0500, 15.1500) - (514.1500, 15.2500) on Layer M4
violation type: Short
	srcs: net:RD1_sim[25] net:u_riscv_top/register_file/_10513_
	bbox = (514.0500, 119.7500) - (514.1500, 119.8500) on Layer M4
violation type: Short
	srcs: net:u_riscv_top/register_file/_07236_ net:u_riscv_top/register_file/_07388_
	bbox = (514.2500, 179.5500) - (514.3500, 179.6500) on Layer M4
violation type: Short
	srcs: net:u_data_mem/_35564_ net:u_data_mem/_35610_
	bbox = (514.6500, 854.9500) - (514.7500, 855.0500) on Layer M4
violation type: Short
	srcs: net:mem_wdata[26] net:u_data_mem/_35546_
	bbox = (519.6500, 880.5500) - (519.7500, 880.6500) on Layer M4
violation type: Short
	srcs: net:u_riscv_top/register_file/_08184_ net:u_riscv_top/register_file/_08852_
	bbox = (519.8500, 180.7100) - (519.9500, 180.8900) on Layer M4
violation type: Short
	srcs: net:u_riscv_top/register_file/_08184_ net:u_riscv_top/register_file/_08852_
	bbox = (519.8500, 180.7500) - (519.9500, 180.8500) on Layer M4
violation type: Short
	srcs: net:u_riscv_top/register_file/_07354_ net:u_riscv_top/register_file/_08852_
	bbox = (521.2500, 204.1500) - (521.3500, 204.2500) on Layer M4
violation type: Short
	srcs: net:u_riscv_top/register_file/regfile\[28\][29] net:u_riscv_top/register_file/net2445
	bbox = (522.0500, 38.3500) - (522.1500, 38.4500) on Layer M4
violation type: Short
	srcs: net:A2_sim[1] net:u_riscv_top/register_file/_07225_
	bbox = (522.0500, 242.3500) - (522.1500, 242.4500) on Layer M4
violation type: Short
	srcs: net:RD2_sim[14] net:RD2_sim[15]
	bbox = (522.2500, 15.3500) - (522.3500, 15.4500) on Layer M4
violation type: Short
	srcs: net:RD1_sim[29] net:u_riscv_top/register_file/_10486_
	bbox = (523.0500, 15.1500) - (523.1500, 15.2500) on Layer M4
violation type: Short
	srcs: net:mem_wdata[16] net:u_data_mem/_35558_
	bbox = (523.0500, 762.1500) - (523.1500, 762.2500) on Layer M4
violation type: Short
	srcs: net:u_riscv_top/register_file/_09660_ net:u_riscv_top/register_file/_10515_
	bbox = (523.2500, 224.9500) - (523.3500, 225.0500) on Layer M4
violation type: Short
	srcs: net:A2_sim[4] net:u_riscv_top/register_file/_08852_
	bbox = (523.6500, 56.9500) - (523.7500, 57.0500) on Layer M4
violation type: Short
	srcs: net:RD2_sim[19] net:u_riscv_top/register_file/_08852_
	bbox = (524.0500, 77.7500) - (524.1500, 77.8500) on Layer M4
violation type: Short
	srcs: net:A2_sim[3] net:u_riscv_top/register_file/net2445
	bbox = (524.2500, 225.5500) - (524.3500, 225.6500) on Layer M4
violation type: Short
	srcs: net:u_riscv_top/net208 net:u_riscv_top/CSR_Register/net1059
	bbox = (526.6500, 518.9500) - (526.7500, 519.0500) on Layer M4
violation type: Short
	srcs: net:RD2_sim[25] net:u_riscv_top/register_file/_07800_
	bbox = (526.8500, 140.5500) - (526.9500, 140.6500) on Layer M4
violation type: Short
	srcs: net:u_riscv_top/register_file/_06205_ net:u_riscv_top/register_file/_08850_
	bbox = (529.0500, 35.5500) - (529.1500, 35.6500) on Layer M4
violation type: Short
	srcs: net:A1_sim[2] net:u_riscv_top/net2443
	bbox = (529.0500, 266.9500) - (529.1500, 267.0500) on Layer M4
violation type: Short
	srcs: net:u_riscv_top/_246_ net:u_riscv_top/register_file/_08604_
	bbox = (529.4500, 140.9100) - (529.5500, 141.0900) on Layer M4
violation type: Short
	srcs: net:u_riscv_top/_246_ net:u_riscv_top/register_file/_08604_
	bbox = (529.4500, 140.9500) - (529.5500, 141.0500) on Layer M4
violation type: Short
	srcs: net:net1383 net:u_riscv_top/net2443
	bbox = (529.6500, 329.9500) - (529.7500, 330.0500) on Layer M4
violation type: Short
	srcs: net:A3_sim[2] net:u_riscv_top/register_file/regfile\[19\][29]
	bbox = (532.0500, 14.9100) - (532.1500, 15.0900) on Layer M4
violation type: Short
	srcs: net:A3_sim[2] net:u_riscv_top/register_file/regfile\[19\][29]
	bbox = (532.0500, 14.9500) - (532.1500, 15.0500) on Layer M4
violation type: Short
	srcs: net:RD2_sim[8] net:u_riscv_top/register_file/_07236_
	bbox = (532.0500, 45.5500) - (532.1500, 45.6500) on Layer M4
violation type: Short
	srcs: net:RD2_sim[8] net:u_riscv_top/register_file/_08050_
	bbox = (532.0500, 78.7500) - (532.1500, 78.8500) on Layer M4
violation type: Short
	srcs: net:u_data_mem/_35552_ net:u_data_mem/_38937_
	bbox = (532.8500, 729.7500) - (532.9500, 729.8500) on Layer M4
violation type: Short
	srcs: net:u_data_mem/_38058_ net:u_data_mem/_38937_
	bbox = (533.0500, 729.7500) - (533.1500, 729.8500) on Layer M4
violation type: Short
	srcs: net:u_data_mem/_35543_ net:u_data_mem/_38058_
	bbox = (533.2500, 725.9500) - (533.3500, 726.0500) on Layer M4
violation type: Short
	srcs: net:RD3_sim[11] net:u_riscv_top/register_file/regfile\[22\][5]
	bbox = (533.6500, 35.9500) - (533.7500, 36.0500) on Layer M4
violation type: Short
	srcs: net:RD3_sim[11] net:u_riscv_top/register_file/regfile\[22\][5]
	bbox = (533.6500, 36.3500) - (533.7500, 36.4500) on Layer M4
violation type: Short
	srcs: net:mem_wdata[20] net:u_data_mem/_35546_
	bbox = (534.2500, 707.9500) - (534.3500, 708.0500) on Layer M4
violation type: Short
	srcs: net:mem_wdata[6] net:u_data_mem/bank3\[47\][6]
	bbox = (534.4500, 972.9500) - (534.5500, 973.0500) on Layer M4
violation type: Short
	srcs: net:u_data_mem/_35549_ net:u_data_mem/_41111_
	bbox = (535.0500, 644.9100) - (535.1500, 645.0900) on Layer M4
violation type: Short
	srcs: net:u_data_mem/_35549_ net:u_data_mem/_41111_
	bbox = (535.0500, 644.9500) - (535.1500, 645.0500) on Layer M4
violation type: Short
	srcs: net:u_riscv_top/register_file/_07227_ net:u_riscv_top/register_file/_07231_
	bbox = (536.0500, 105.3500) - (536.1500, 105.4500) on Layer M4
violation type: Short
	srcs: net:RD3_sim[1] net:u_riscv_top/register_file/_10500_
	bbox = (537.4500, 219.3500) - (537.5500, 219.4500) on Layer M4
violation type: Short
	srcs: net:RD3_sim[24] net:u_riscv_top/register_file/_06203_
	bbox = (539.2500, 114.3500) - (539.3500, 114.4500) on Layer M4
violation type: Short
	srcs: net:u_data_mem/_35546_ net:u_data_mem/_35549_
	bbox = (541.6500, 854.9500) - (541.7500, 855.0500) on Layer M4
violation type: Short
	srcs: net:u_data_mem/_35546_ net:u_data_mem/_35549_
	bbox = (541.6500, 854.9500) - (541.9500, 855.0500) on Layer M4
violation type: Short
	srcs: net:u_data_mem/_35546_ net:u_data_mem/_35549_
	bbox = (541.8500, 854.9500) - (541.9500, 855.0500) on Layer M4
violation type: Short
	srcs: net:u_riscv_top/pipeline_reg2/_0422_ net:u_riscv_top/net676
	bbox = (542.0500, 308.9500) - (542.1500, 309.0500) on Layer M4
violation type: Short
	srcs: net:u_riscv_top/pipeline_reg2/_0422_ net:u_riscv_top/net676
	bbox = (542.0500, 308.9500) - (542.3500, 309.0500) on Layer M4
violation type: Short
	srcs: net:u_riscv_top/pipeline_reg2/_0422_ net:u_riscv_top/net676
	bbox = (542.2500, 308.9500) - (542.3500, 309.0500) on Layer M4
violation type: Short
	srcs: net:u_riscv_top/register_file/_09662_ net:u_riscv_top/register_file/_10559_
	bbox = (544.0500, 97.9500) - (544.1500, 98.0500) on Layer M4
violation type: Short
	srcs: net:u_riscv_top/register_file/_08850_ net:u_riscv_top/register_file/_08880_
	bbox = (544.2500, 24.5100) - (544.3500, 24.6900) on Layer M4
violation type: Short
	srcs: net:u_riscv_top/register_file/_08850_ net:u_riscv_top/register_file/_08880_
	bbox = (544.2500, 24.5500) - (544.3500, 24.6500) on Layer M4
violation type: Short
	srcs: net:A2_sim[2] net:u_riscv_top/register_file/regfile\[16\][25]
	bbox = (544.2500, 182.7500) - (544.3500, 182.8500) on Layer M4
violation type: Short
	srcs: net:u_data_mem/_41034_ net:u_data_mem/_41058_
	bbox = (546.2500, 582.1500) - (546.3500, 582.2500) on Layer M4
violation type: Short
	srcs: net:u_riscv_top/net696 net:u_riscv_top/net889
	bbox = (546.6500, 308.9500) - (546.7500, 309.0500) on Layer M4
violation type: Short
	srcs: net:u_riscv_top/net696 net:u_riscv_top/net889
	bbox = (546.6500, 308.9500) - (546.9500, 309.0500) on Layer M4
violation type: Short
	srcs: net:u_riscv_top/net696 net:u_riscv_top/net889
	bbox = (546.8500, 308.9500) - (546.9500, 309.0500) on Layer M4
violation type: Short
	srcs: net:WD5_sim[25] net:u_riscv_top/muxB0[20]
	bbox = (547.0500, 278.7500) - (547.1500, 278.8500) on Layer M4
violation type: Short
	srcs: net:u_riscv_top/muxB0[21] net:u_riscv_top/muxB0[26]
	bbox = (549.0500, 261.7500) - (549.1500, 261.8500) on Layer M4
violation type: Short
	srcs: net:imem_addr[20] net:u_riscv_top/net451
	bbox = (549.2500, 446.3500) - (549.3500, 446.4500) on Layer M4
violation type: Short
	srcs: net:RD4_sim[18] net:RD4_sim[20]
	bbox = (549.8500, 233.5500) - (549.9500, 233.6500) on Layer M4
violation type: Short
	srcs: net:RD4_sim[1] net:RD4_sim[20]
	bbox = (550.2500, 0.7500) - (550.3500, 0.8500) on Layer M4
violation type: Short
	srcs: net:u_riscv_top/muxB0[11] net:u_riscv_top/muxB0[22]
	bbox = (551.0500, 286.1500) - (551.1500, 286.2500) on Layer M4
violation type: Short
	srcs: net:riscv_addr[8] net:u_riscv_top/h2[11]
	bbox = (551.0500, 359.9500) - (551.1500, 360.0500) on Layer M4
violation type: Short
	srcs: net:u_riscv_top/muxA1[26] net:u_riscv_top/muxB0[11]
	bbox = (551.2500, 204.1500) - (551.3500, 204.2500) on Layer M4
violation type: Short
	srcs: net:u_riscv_top/muxA1[26] net:u_riscv_top/muxB0[11]
	bbox = (551.2500, 266.9500) - (551.3500, 267.0500) on Layer M4
violation type: Short
	srcs: net:u_riscv_top/muxB0[11] net:u_riscv_top/muxB0[22]
	bbox = (551.2500, 287.9500) - (551.3500, 288.0500) on Layer M4
violation type: Short
	srcs: net:u_data_mem/_35542_ net:u_data_mem/_39802_
	bbox = (551.2500, 749.9500) - (551.3500, 750.0500) on Layer M4
violation type: Short
	srcs: net:riscv_addr[20] net:u_riscv_top/muxB0[22]
	bbox = (551.4500, 308.9500) - (551.5500, 309.0500) on Layer M4
violation type: Short
	srcs: net:riscv_addr[20] net:u_riscv_top/muxB0[22]
	bbox = (551.4500, 308.9500) - (551.5500, 309.4500) on Layer M4
violation type: Short
	srcs: net:riscv_addr[20] net:u_riscv_top/muxB0[22]
	bbox = (551.4500, 309.3500) - (551.5500, 309.4500) on Layer M4
violation type: Short
	srcs: net:u_riscv_top/h2[11] net:u_riscv_top/net906
	bbox = (551.4500, 350.9500) - (551.5500, 351.0500) on Layer M4
violation type: Short
	srcs: net:u_riscv_top/h2[11] net:u_riscv_top/net906
	bbox = (551.4500, 350.9500) - (551.5500, 351.2500) on Layer M4
violation type: Short
	srcs: net:u_riscv_top/h2[11] net:u_riscv_top/net906
	bbox = (551.4500, 351.1500) - (551.5500, 351.2500) on Layer M4
violation type: Short
	srcs: net:u_riscv_top/h2[13] net:u_riscv_top/h2[24]
	bbox = (552.6500, 340.9500) - (552.7500, 341.0500) on Layer M4
violation type: Short
	srcs: net:u_riscv_top/h2[13] net:u_riscv_top/h2[24]
	bbox = (552.6500, 369.5500) - (552.7500, 369.6500) on Layer M4
violation type: Short
	srcs: net:u_riscv_top/muxA1[11] net:u_riscv_top/u_bridge_div_to_core/_173_
	bbox = (553.2500, 278.9500) - (553.3500, 279.0500) on Layer M4
violation type: Short
	srcs: net:u_riscv_top/muxB0[17] net:u_riscv_top/net814
	bbox = (554.2500, 307.9500) - (554.3500, 308.0500) on Layer M4
violation type: Short
	srcs: net:u_riscv_top/muxB0[17] net:u_riscv_top/net869
	bbox = (554.2500, 308.9500) - (554.3500, 309.0500) on Layer M4
violation type: Short
	srcs: net:u_riscv_top/muxB0[17] net:u_riscv_top/net869
	bbox = (554.2500, 308.9500) - (554.5500, 309.0500) on Layer M4
violation type: Short
	srcs: net:u_riscv_top/muxB0[17] net:u_riscv_top/net869
	bbox = (554.4500, 308.9500) - (554.5500, 309.0500) on Layer M4
violation type: Short
	srcs: net:RD4_sim[25] net:u_riscv_top/muxB0[0]
	bbox = (554.6500, 161.9500) - (554.7500, 162.0500) on Layer M4
violation type: Short
	srcs: net:RD4_sim[25] net:u_riscv_top/muxB0[0]
	bbox = (554.6500, 161.9500) - (554.9500, 162.0500) on Layer M4
violation type: Short
	srcs: net:RD4_sim[25] net:u_riscv_top/muxB0[0]
	bbox = (554.8500, 161.9500) - (554.9500, 162.0500) on Layer M4
violation type: Short
	srcs: net:u_riscv_top/muxA1[22] net:u_riscv_top/muxB0[21]
	bbox = (556.2500, 77.9500) - (556.3500, 78.0500) on Layer M4
violation type: Short
	srcs: net:u_riscv_top/muxA1[22] net:u_riscv_top/muxB0[21]
	bbox = (556.2500, 77.9500) - (556.5500, 78.0500) on Layer M4
violation type: Short
	srcs: net:u_riscv_top/h1[25] net:u_riscv_top/ALU/alu/_2771_
	bbox = (556.2500, 392.9500) - (556.3500, 393.0500) on Layer M4
violation type: Short
	srcs: net:u_riscv_top/h1[25] net:u_riscv_top/ALU/alu/_2771_
	bbox = (556.2500, 392.9500) - (556.5500, 393.0500) on Layer M4
violation type: Short
	srcs: net:u_riscv_top/muxA1[22] net:u_riscv_top/muxB0[21]
	bbox = (556.4500, 77.9500) - (556.5500, 78.0500) on Layer M4
violation type: Short
	srcs: net:u_riscv_top/h1[25] net:u_riscv_top/ALU/alu/_2771_
	bbox = (556.4500, 392.9500) - (556.5500, 393.0500) on Layer M4
violation type: Short
	srcs: net:u_riscv_top/muxA1[23] net:u_riscv_top/pipeline_reg1/_0936_
	bbox = (556.6500, 224.9500) - (556.7500, 225.0500) on Layer M4
violation type: Short
	srcs: net:u_riscv_top/pc_d[19] net:u_riscv_top/ALU/alu/_1884_
	bbox = (556.6500, 392.9500) - (556.7500, 393.0500) on Layer M4
violation type: Short
	srcs: net:u_riscv_top/pc_d[19] net:u_riscv_top/ALU/alu/_1884_
	bbox = (556.6500, 392.9500) - (556.7500, 393.2500) on Layer M4
violation type: Short
	srcs: net:u_riscv_top/pc_d[19] net:u_riscv_top/ALU/alu/_1884_
	bbox = (556.6500, 393.1500) - (556.7500, 393.2500) on Layer M4
violation type: Short
	srcs: net:clknet_10_209__leaf_clk net:u_riscv_top/net2448
	bbox = (557.2500, 335.7100) - (557.3500, 336.2300) on Layer M4
violation type: Short
	srcs: net:imem_addr[19] net:u_riscv_top/h1[17]
	bbox = (557.4500, 407.7500) - (557.5500, 407.8500) on Layer M4
violation type: Short
	srcs: net:u_riscv_top/muxA1[30] net:u_riscv_top/u_bridge_core_to_fft/_0653_
	bbox = (558.2500, 165.3500) - (558.3500, 165.4500) on Layer M4
violation type: Short
	srcs: net:u_riscv_top/muxA1[30] net:u_riscv_top/u_bridge_core_to_fft/_0653_
	bbox = (558.4500, 161.9500) - (558.5500, 162.0500) on Layer M4
violation type: Short
	srcs: net:u_riscv_top/h1[20] net:u_riscv_top/muxA1[6]
	bbox = (558.4500, 287.9500) - (558.5500, 288.0500) on Layer M4
violation type: Short
	srcs: net:u_riscv_top/h1[21] net:u_riscv_top/muxA1[6]
	bbox = (558.6500, 308.9500) - (558.7500, 309.0500) on Layer M4
violation type: Short
	srcs: net:u_riscv_top/h1[21] net:u_riscv_top/muxA1[6]
	bbox = (558.6500, 308.9500) - (558.9500, 309.0500) on Layer M4
violation type: Short
	srcs: net:u_riscv_top/h1[21] net:u_riscv_top/muxA1[6]
	bbox = (558.8500, 308.9500) - (558.9500, 309.0500) on Layer M4
violation type: Short
	srcs: net:u_riscv_top/h1[22] net:u_riscv_top/h1[4]
	bbox = (559.2500, 350.1500) - (559.3500, 350.2500) on Layer M4
violation type: Short
	srcs: net:u_riscv_top/h1[22] net:u_riscv_top/h1[4]
	bbox = (559.2500, 350.1500) - (559.3500, 350.6500) on Layer M4
violation type: Short
	srcs: net:u_riscv_top/h1[22] net:u_riscv_top/h1[4]
	bbox = (559.2500, 350.5500) - (559.3500, 350.6500) on Layer M4
violation type: Short
	srcs: net:u_riscv_top/muxA1[6] net:u_riscv_top/muxB0[18]
	bbox = (559.4500, 266.9500) - (559.5500, 267.0500) on Layer M4
violation type: Short
	srcs: net:u_riscv_top/h1[19] net:u_riscv_top/h2[23]
	bbox = (559.8500, 350.9500) - (559.9500, 351.0500) on Layer M4
violation type: Short
	srcs: net:u_riscv_top/h1[19] net:u_riscv_top/h2[23]
	bbox = (559.8500, 350.9500) - (560.1500, 351.0500) on Layer M4
violation type: Short
	srcs: net:u_riscv_top/h1[19] net:u_riscv_top/h2[23]
	bbox = (560.0500, 350.9500) - (560.1500, 351.0500) on Layer M4
violation type: Short
	srcs: net:u_riscv_top/muxB0[14] net:u_riscv_top/net868
	bbox = (561.2500, 305.3500) - (561.3500, 305.4500) on Layer M4
violation type: Short
	srcs: net:SrcA_sim_i[19] net:u_riscv_top/h2[12]
	bbox = (561.2500, 381.9500) - (561.3500, 382.0500) on Layer M4
violation type: Short
	srcs: net:AluOp_sim[23] net:u_riscv_top/muxB0[23]
	bbox = (561.6500, 304.9500) - (561.7500, 305.0500) on Layer M4
violation type: Short
	srcs: net:u_riscv_top/h2[10] net:u_riscv_top/h2[12]
	bbox = (561.6500, 440.1500) - (561.7500, 440.2500) on Layer M4
violation type: Short
	srcs: net:u_riscv_top/h1[14] net:u_riscv_top/h1[18]
	bbox = (562.0500, 371.9500) - (562.1500, 372.0500) on Layer M4
violation type: Short
	srcs: net:u_riscv_top/h1[14] net:u_riscv_top/h1[18]
	bbox = (562.0500, 371.9500) - (562.3500, 372.0500) on Layer M4
violation type: Short
	srcs: net:u_riscv_top/h1[14] net:u_riscv_top/h1[18]
	bbox = (562.2500, 371.9500) - (562.3500, 372.0500) on Layer M4
violation type: Short
	srcs: net:u_riscv_top/muxA1[14] net:u_riscv_top/muxB0[23]
	bbox = (562.8500, 246.1500) - (562.9500, 246.2500) on Layer M4
violation type: Short
	srcs: net:u_riscv_top/muxB0[14] net:u_riscv_top/muxB0[23]
	bbox = (563.0500, 246.1500) - (563.1500, 246.2500) on Layer M4
violation type: Short
	srcs: net:u_riscv_top/muxB0[14] net:u_riscv_top/u_bridge_core_to_fft/data_hold[111]
	bbox = (563.2500, 245.9500) - (563.3500, 246.0500) on Layer M4
violation type: Short
	srcs: net:u_riscv_top/muxB0[23] net:u_riscv_top/u_bridge_core_to_fft/data_hold[111]
	bbox = (563.2500, 246.1500) - (563.3500, 246.2500) on Layer M4
violation type: Short
	srcs: net:u_riscv_top/h2[14] net:u_riscv_top/muxB2[19]
	bbox = (563.2500, 434.7500) - (563.3500, 434.8500) on Layer M4
violation type: Short
	srcs: net:u_riscv_top/h2[14] net:u_riscv_top/muxB2[19]
	bbox = (563.2500, 434.7500) - (563.5500, 434.8500) on Layer M4
violation type: Short
	srcs: net:u_riscv_top/h2[14] net:u_riscv_top/muxB2[19]
	bbox = (563.2500, 446.1500) - (563.3500, 446.2500) on Layer M4
violation type: Short
	srcs: net:u_riscv_top/h2[14] net:u_riscv_top/muxB2[19]
	bbox = (563.4500, 434.7500) - (563.5500, 434.8500) on Layer M4
violation type: Short
	srcs: net:mem_wdata[25] net:u_data_mem/_41111_
	bbox = (564.2500, 602.9500) - (564.3500, 603.0500) on Layer M4
violation type: Short
	srcs: net:mem_wdata[25] net:u_data_mem/_41111_
	bbox = (564.2500, 602.9500) - (564.5500, 603.0500) on Layer M4
violation type: Short
	srcs: net:mem_wdata[25] net:u_data_mem/_41111_
	bbox = (564.4500, 602.9500) - (564.5500, 603.0500) on Layer M4
violation type: Short
	srcs: net:u_riscv_top/muxA1[2] net:u_riscv_top/muxB0[1]
	bbox = (564.6500, 251.9500) - (564.7500, 252.0500) on Layer M4
violation type: Short
	srcs: net:u_data_mem/_18263_ net:u_data_mem/_41015_
	bbox = (564.8500, 687.7500) - (564.9500, 687.8500) on Layer M4
violation type: Short
	srcs: net:u_data_mem/_41224_ net:u_data_mem/_41231_
	bbox = (566.0500, 981.7100) - (566.1500, 981.8500) on Layer M4
violation type: Short
	srcs: net:u_data_mem/_41224_ net:u_data_mem/_41231_
	bbox = (566.0500, 981.7500) - (566.1500, 981.8500) on Layer M4
violation type: Short
	srcs: net:u_riscv_top/h2[1] net:u_riscv_top/h2[28]
	bbox = (568.4500, 338.7500) - (568.5500, 338.8500) on Layer M4
violation type: Short
	srcs: net:u_riscv_top/h2[26] net:u_riscv_top/h2[28]
	bbox = (568.8500, 393.1500) - (568.9500, 393.2500) on Layer M4
violation type: Short
	srcs: net:u_riscv_top/mux3/_0705_ net:u_riscv_top/mux3/_0745_
	bbox = (571.4500, 435.9500) - (571.5500, 436.0500) on Layer M4
violation type: Short
	srcs: net:u_data_mem/_40992_ net:u_data_mem/_41036_
	bbox = (571.4500, 770.9500) - (571.5500, 771.0500) on Layer M4
violation type: Short
	srcs: net:u_data_mem/_18230_ net:u_data_mem/_40992_
	bbox = (571.6500, 751.1500) - (571.7500, 751.2500) on Layer M4
violation type: Short
	srcs: net:u_riscv_top/muxB0[29] net:u_riscv_top/net1216
	bbox = (572.4500, 44.3500) - (572.5500, 44.4500) on Layer M4
violation type: Short
	srcs: net:u_data_mem/_39704_ net:u_data_mem/_40926_
	bbox = (572.4500, 876.1500) - (572.5500, 876.2500) on Layer M4
violation type: Short
	srcs: net:mem_wdata[1] net:u_data_mem/_40097_
	bbox = (574.2500, 713.1500) - (574.3500, 713.2500) on Layer M4
violation type: Short
	srcs: net:u_data_mem/_35610_ net:u_data_mem/_40084_
	bbox = (574.6500, 645.3500) - (574.7500, 645.4500) on Layer M4
violation type: Short
	srcs: net:u_riscv_top/TICK net:u_riscv_top/mux3/_0699_
	bbox = (579.4500, 434.7100) - (579.5500, 434.8500) on Layer M4
violation type: Short
	srcs: net:u_riscv_top/TICK net:u_riscv_top/mux3/_0699_
	bbox = (579.4500, 434.7500) - (579.5500, 434.8500) on Layer M4
violation type: Short
	srcs: net:u_data_mem/_35546_ net:clknet_8_243_0_clk
	bbox = (581.4500, 877.3500) - (581.5500, 877.4500) on Layer M4
violation type: Short
	srcs: net:riscv_addr[30] net:u_riscv_top/h2[24]
	bbox = (581.6500, 391.7500) - (581.7500, 391.8500) on Layer M4
violation type: Short
	srcs: net:u_data_mem/_35530_ net:u_data_mem/_35545_
	bbox = (581.6500, 640.7500) - (581.7500, 640.8500) on Layer M4
violation type: Short
	srcs: net:u_riscv_top/h1[27] net:u_riscv_top/h2[16]
	bbox = (587.0500, 412.5500) - (587.1500, 412.6500) on Layer M4
violation type: Short
	srcs: net:u_data_mem/_35536_ net:u_data_mem/_37559_
	bbox = (589.8500, 644.7500) - (589.9500, 644.8500) on Layer M4
violation type: Short
	srcs: net:u_data_mem/_18202_ net:u_data_mem/_41058_
	bbox = (596.2500, 560.9500) - (596.3500, 561.0500) on Layer M4
violation type: Short
	srcs: net:u_riscv_top/h2[8] net:u_riscv_top/ALU/alu/_2258_
	bbox = (596.6500, 368.1500) - (596.7500, 368.2500) on Layer M4
violation type: Short
	srcs: net:u_riscv_top/ALU/alu/_2252_ net:u_riscv_top/ALU/alu/_2469_
	bbox = (609.8500, 393.1500) - (609.9500, 393.2500) on Layer M4
violation type: Short
	srcs: net:u_data_mem/_35539_ net:clknet_4_6_0_clk
	bbox = (616.4500, 708.7500) - (616.5500, 708.8500) on Layer M4
violation type: Short
	srcs: net:u_riscv_top/branch_mux net:u_riscv_top/muxB2[15]
	bbox = (617.4500, 456.5500) - (617.5500, 456.6500) on Layer M4
violation type: Short
	srcs: net:u_data_mem/_37043_ net:u_data_mem/_41047_
	bbox = (618.6500, 602.9500) - (618.7500, 603.0500) on Layer M4
violation type: Short
	srcs: net:mem_wdata[29] net:u_data_mem/_35546_
	bbox = (624.4500, 896.5500) - (624.5500, 896.6500) on Layer M4
violation type: Short
	srcs: net:u_riscv_top/ALU/alu/_2241_ net:u_riscv_top/ALU/alu/_2314_
	bbox = (624.6500, 371.7500) - (624.7500, 371.8500) on Layer M4
violation type: Short
	srcs: net:u_riscv_top/ALU/alu/_2241_ net:u_riscv_top/ALU/alu/_2314_
	bbox = (624.6500, 371.7500) - (624.9500, 371.8500) on Layer M4
violation type: Short
	srcs: net:u_riscv_top/ALU/alu/_2241_ net:u_riscv_top/ALU/alu/_2314_
	bbox = (624.6500, 402.7500) - (624.7500, 402.8500) on Layer M4
violation type: Short
	srcs: net:u_riscv_top/ALU/alu/_2231_ net:u_riscv_top/ALU/alu/_2241_
	bbox = (624.8500, 358.7500) - (624.9500, 358.8500) on Layer M4
violation type: Short
	srcs: net:u_riscv_top/ALU/alu/_2241_ net:u_riscv_top/ALU/alu/_2314_
	bbox = (624.8500, 371.7500) - (624.9500, 371.8500) on Layer M4
violation type: Short
	srcs: net:u_data_mem/_35544_ net:u_data_mem/_41075_
	bbox = (631.0500, 606.7500) - (631.1500, 606.8500) on Layer M4
violation type: Short
	srcs: net:u_data_mem/_35544_ net:u_data_mem/_41075_
	bbox = (631.0500, 623.9500) - (631.1500, 624.0500) on Layer M4
violation type: Short
	srcs: net:u_riscv_top/ALU/alu/_2230_ net:u_riscv_top/ALU/alu/_2378_
	bbox = (638.0500, 371.5500) - (638.1500, 371.6500) on Layer M4
violation type: Short
	srcs: net:u_riscv_top/ALU/alu/_2353_ net:u_riscv_top/ALU/alu/_2709_
	bbox = (641.2500, 374.5500) - (641.3500, 374.6500) on Layer M4
violation type: Short
	srcs: net:u_riscv_top/ALU/int_alu_result[11] net:u_riscv_top/ALU/alu/_2625_
	bbox = (649.6500, 393.1500) - (649.7500, 393.2500) on Layer M4
violation type: Short
	srcs: net:u_data_mem/_41021_ net:u_data_mem/_41202_
	bbox = (656.6500, 897.3500) - (656.7500, 897.4500) on Layer M4
violation type: Short
	srcs: net:u_riscv_top/ALU/alu/_1871_ net:u_riscv_top/ALU/alu/_2663_
	bbox = (663.6500, 392.9500) - (663.7500, 393.0500) on Layer M4
violation type: Short
	srcs: net:u_riscv_top/ALU/alu/_2259_ net:u_riscv_top/ALU/alu/_2269_
	bbox = (678.2500, 392.1500) - (678.3500, 392.2500) on Layer M4
violation type: Short
	srcs: net:u_riscv_top/h1[2] net:u_riscv_top/h1[3]
	bbox = (701.4500, 330.7500) - (701.5500, 330.8500) on Layer M4
violation type: Short
	srcs: net:mul_done_sim net:u_riscv_top/controller/state[1]
	bbox = (739.4500, 436.3500) - (739.5500, 436.4500) on Layer M4
violation type: Short
	srcs: net:mul_done_sim net:u_riscv_top/controller/state[1]
	bbox = (739.4500, 436.3500) - (739.5500, 436.4900) on Layer M4
violation type: Short
	srcs: net:div_done_sim net:u_riscv_top/controller/_1046_
	bbox = (741.0500, 431.5500) - (741.1500, 431.6500) on Layer M4
violation type: Short
	srcs: net:imem/_3556_ net:imem/_4085_
	bbox = (838.8500, 393.9500) - (838.9500, 394.0500) on Layer M4
violation type: Short
	srcs: net:imem/_2116_ net:u_riscv_top/controller/_1021_
	bbox = (903.6500, 339.3500) - (903.7500, 339.4500) on Layer M4
violation type: Short
	srcs: net:i_decode[22] net:imem/_4065_
	bbox = (947.2500, 330.5500) - (947.3500, 330.6500) on Layer M4
violation type: Short
	srcs: net:im_wr_addr[6] net:imem/_4057_
	bbox = (974.4500, 413.5500) - (974.5500, 413.6500) on Layer M4
violation type: Short
	srcs: net:imem/_2135_ net:imem/_4052_
	bbox = (974.8500, 413.9500) - (974.9500, 414.0500) on Layer M4
violation type: Short
	srcs: net:i_ex[16] net:u_riscv_top/rs1_Evalid
	bbox = (986.6500, 497.5500) - (986.7500, 497.6500) on Layer M4
violation type: Short
	srcs: net:imem_instr[2] net:imem/_2134_
	bbox = (994.2500, 392.9500) - (994.3500, 393.0500) on Layer M4
violation type: Short
	srcs: net:i_ex[18] net:i_ex[7]
	bbox = (1001.6500, 492.1500) - (1001.7500, 492.2500) on Layer M4
violation type: Short
	srcs: net:i_ex[18] net:i_ex[7]
	bbox = (1001.6500, 492.1500) - (1001.7500, 492.4500) on Layer M4
violation type: Short
	srcs: net:i_ex[18] net:i_ex[7]
	bbox = (1001.6500, 492.3500) - (1001.7500, 492.4500) on Layer M4
violation type: Short
	srcs: net:i_ex[30] net:u_riscv_top/controller/_1143_
	bbox = (1008.6500, 476.9500) - (1008.7500, 477.0500) on Layer M4
violation type: Short
	srcs: net:im_wr_inst[30] net:im_wr_inst[3]
	bbox = (1019.0500, 491.5500) - (1019.1500, 491.6500) on Layer M4
violation type: Short
	srcs: net:im_wr_inst[30] net:im_wr_inst[3]
	bbox = (1019.0500, 531.5500) - (1019.1500, 531.6500) on Layer M4
violation type: Short
	srcs: net:i_mem[13] net:im_wr_inst[23]
	bbox = (1019.6500, 491.7500) - (1019.7500, 491.8500) on Layer M4
violation type: Short
	srcs: net:i_decode[2] net:i_decode[6]
	bbox = (1035.2500, 476.9500) - (1035.3500, 477.0500) on Layer M4
violation type: Short
	srcs: net:i_decode[2] net:i_decode[6]
	bbox = (1035.2500, 476.9500) - (1035.5500, 477.0500) on Layer M4
violation type: Short
	srcs: net:i_decode[2] net:i_decode[6]
	bbox = (1035.4500, 476.9500) - (1035.5500, 477.0500) on Layer M4
violation type: Short
	srcs: net:i_wb[5] net:im_wr_inst[11]
	bbox = (1036.0500, 539.9500) - (1036.1500, 540.0500) on Layer M4
violation type: Short
	srcs: net:i_wb[1] net:im_wr_inst[11]
	bbox = (1036.6500, 534.3500) - (1036.7500, 534.4500) on Layer M4
violation type: Short
	srcs: net:i_ex[22] net:im_wr_inst[24]
	bbox = (1039.0500, 498.3500) - (1039.1500, 498.4500) on Layer M4
violation type: Short
	srcs: net:i_ex[8] net:im_wr_inst[15]
	bbox = (1039.2500, 518.7500) - (1039.3500, 518.8500) on Layer M4
violation type: Short
	srcs: net:prdata_gpio_sim[25] net:prdata_spi_sim[4]
	bbox = (0.6500, 535.7500) - (0.7500, 535.8500) on Layer M5
violation type: Short
	srcs: net:im_wr_inst[9] net:paddr_sim[12]
	bbox = (1.4500, 501.7500) - (1.5500, 501.8500) on Layer M5
violation type: Short
	srcs: net:prdata_spi_sim[20] net:prdata_spi_sim[24]
	bbox = (1.4500, 511.7500) - (1.5500, 511.8500) on Layer M5
violation type: Short
	srcs: net:mul_done_sim net:paddr_sim[0]
	bbox = (2.2500, 520.7500) - (2.3500, 520.8500) on Layer M5
violation type: Short
	srcs: net:pwdata_sim[30] net:pwdata_sim[5]
	bbox = (35.9500, 550.1500) - (36.0500, 550.2500) on Layer M5
violation type: Short
	srcs: net:riscv_addr[2] net:wb_data_sim[2]
	bbox = (393.8500, 494.5500) - (393.9500, 494.6500) on Layer M5
violation type: Short
	srcs: net:WD5_sim[28] net:WD5_sim[30]
	bbox = (1022.9500, 487.5500) - (1023.0500, 487.6500) on Layer M5
violation type: Short
	srcs: net:WD5_sim[28] net:WD5_sim[30]
	bbox = (1022.9500, 487.5500) - (1023.0500, 487.8500) on Layer M5
violation type: Short
	srcs: net:WD5_sim[28] net:WD5_sim[30]
	bbox = (1022.9500, 487.7500) - (1023.0500, 487.8500) on Layer M5
violation type: Short
	srcs: net:done_fft_sim net:gpio_in[0]
	bbox = (1022.9500, 495.3500) - (1023.0500, 495.4500) on Layer M5
violation type: Short
	srcs: net:done_fft_sim net:gpio_in[0]
	bbox = (1026.2500, 495.3500) - (1026.3500, 495.4500) on Layer M5
violation type: Short
	srcs: net:WD5_sim[28] net:WD5_sim[29]
	bbox = (1026.4500, 487.1500) - (1026.5500, 487.2500) on Layer M5
